segment,payer_flag,resource,action,spend_context,spend_events,spender_days,amount_spent,amount_spent_free,amount_spent_paid,spend_per_event,amount_per_active_player_day,pct_of_resource_spent
0-9,NONPAYER,HC,extra_moves,level_movesplus10,1275,1236,127500.0,127405.0,95.0,100.0,0.9826,2.99
0-9,NONPAYER,HC,extra_moves,level_movesplus15,1007,990,100700.0,100700.0,0.0,100.0,0.776,2.36
0-9,NONPAYER,HC,extra_moves,level_movesplus20,752,740,75200.0,75130.0,70.0,100.0,0.5795,1.76
0-9,NONPAYER,HC,extra_moves,level_movesplus25,568,562,56800.0,56800.0,0.0,100.0,0.4377,1.33
0-9,NONPAYER,HC,extra_moves,level_movesplus30,451,450,45100.0,45100.0,0.0,100.0,0.3476,1.06
0-9,NONPAYER,HC,extra_moves,level_movesplus35,336,329,33600.0,33600.0,0.0,100.0,0.2589,0.79
0-9,NONPAYER,HC,extra_moves,level_movesplus40,259,257,25900.0,25900.0,0.0,100.0,0.1996,0.61
0-9,NONPAYER,HC,extra_moves,level_movesplus45,211,210,21100.0,21100.0,0.0,100.0,0.1626,0.49
0-9,NONPAYER,HC,extra_moves,level_movesplus5,32790,24468,3279100.0,3278730.0,370.0,100.003,25.2703,76.91
0-9,NONPAYER,HC,extra_moves,level_movesplus50,1482,1456,148200.0,148200.0,0.0,100.0,1.1421,3.48
0-9,NONPAYER,HC,level_movesplus5,level_movesplus5,34,15,3220.0,3220.0,0.0,94.7059,0.0248,0.08
0-9,NONPAYER,HC,purchase_lives,level_lives,2085,1644,104250.0,71247.0,33003.0,50.0,0.8034,2.45
0-9,NONPAYER,HC,purchase_lives,map_lives,751,679,37550.0,23529.0,14021.0,50.0,0.2894,0.88
0-9,NONPAYER,HC,purchase_powerup,level_powerup,372,320,75500.0,75500.0,0.0,202.957,0.5818,1.77
0-9,NONPAYER,HC,purchase_pre_level_booster,level_pre_level_booster,62,59,8750.0,8750.0,0.0,141.129,0.0674,0.21
0-9,NONPAYER,HC,purchase_pre_level_booster,map_pre_level_booster,831,563,120050.0,81890.0,38160.0,144.4645,0.9252,2.82
0-9,NONPAYER,HC,team_created,(none),8,8,1200.0,1200.0,0.0,150.0,0.0092,0.03
0-9,PAYER,HC,extra_moves,level_movesplus10,512,499,51200.0,46435.0,4765.0,100.0,2.0331,3.16
0-9,PAYER,HC,extra_moves,level_movesplus15,519,508,51900.0,45918.0,5982.0,100.0,2.0609,3.2
0-9,PAYER,HC,extra_moves,level_movesplus20,410,404,41000.0,36478.0,4522.0,100.0,1.6281,2.53
0-9,PAYER,HC,extra_moves,level_movesplus25,315,309,31500.0,28424.0,3076.0,100.0,1.2508,1.95
0-9,PAYER,HC,extra_moves,level_movesplus30,249,248,24900.0,22334.0,2566.0,100.0,0.9888,1.54
0-9,PAYER,HC,extra_moves,level_movesplus35,177,176,17700.0,15479.0,2221.0,100.0,0.7029,1.09
0-9,PAYER,HC,extra_moves,level_movesplus40,173,171,17300.0,15480.0,1820.0,100.0,0.687,1.07
0-9,PAYER,HC,extra_moves,level_movesplus45,130,129,13000.0,11399.0,1601.0,100.0,0.5162,0.8
0-9,PAYER,HC,extra_moves,level_movesplus5,11971,7961,1197100.0,992362.0,204738.0,100.0,47.536,73.92
0-9,PAYER,HC,extra_moves,level_movesplus50,1170,1141,117000.0,106391.0,10609.0,100.0,4.646,7.22
0-9,PAYER,HC,purchase_lives,level_lives,486,415,24300.0,12000.0,12300.0,50.0,0.9649,1.5
0-9,PAYER,HC,purchase_lives,map_lives,330,273,16500.0,8723.0,7777.0,50.0,0.6552,1.02
0-9,PAYER,HC,purchase_powerup,level_powerup,63,46,13100.0,10969.0,2131.0,207.9365,0.5202,0.81
0-9,PAYER,HC,purchase_pre_level_booster,level_pre_level_booster,3,3,400.0,400.0,0.0,133.3333,0.0159,0.02
0-9,PAYER,HC,purchase_pre_level_booster,map_pre_level_booster,14,13,2600.0,2225.0,375.0,185.7143,0.1032,0.16
10-19,NONPAYER,HC,extra_moves,level_movesplus10,1539,1476,153900.0,153900.0,0.0,100.0,1.4594,2.02
10-19,NONPAYER,HC,extra_moves,level_movesplus15,1286,1250,128600.0,128600.0,0.0,100.0,1.2195,1.68
10-19,NONPAYER,HC,extra_moves,level_movesplus20,913,891,91300.0,91300.0,0.0,100.0,0.8658,1.2
10-19,NONPAYER,HC,extra_moves,level_movesplus25,646,641,64600.0,64600.0,0.0,100.0,0.6126,0.85
10-19,NONPAYER,HC,extra_moves,level_movesplus30,491,490,49100.0,49100.0,0.0,100.0,0.4656,0.64
10-19,NONPAYER,HC,extra_moves,level_movesplus35,380,379,38000.0,38000.0,0.0,100.0,0.3603,0.5
10-19,NONPAYER,HC,extra_moves,level_movesplus40,302,300,30200.0,30200.0,0.0,100.0,0.2864,0.4
10-19,NONPAYER,HC,extra_moves,level_movesplus45,239,238,23900.0,23900.0,0.0,100.0,0.2266,0.31
10-19,NONPAYER,HC,extra_moves,level_movesplus5,63653,39778,6365300.0,6364718.0,582.0,100.0,60.3598,83.36
10-19,NONPAYER,HC,extra_moves,level_movesplus50,1545,1490,154500.0,154500.0,0.0,100.0,1.4651,2.02
10-19,NONPAYER,HC,level_movesplus5,level_movesplus5,33,6,3300.0,3300.0,0.0,100.0,0.0313,0.04
10-19,NONPAYER,HC,purchase_lives,level_lives,2820,2164,141000.0,96525.0,44475.0,50.0,1.3371,1.85
10-19,NONPAYER,HC,purchase_lives,map_lives,1060,912,53000.0,36363.0,16637.0,50.0,0.5026,0.69
10-19,NONPAYER,HC,purchase_powerup,level_powerup,415,372,79350.0,79350.0,0.0,191.2048,0.7524,1.04
10-19,NONPAYER,HC,purchase_pre_level_booster,level_pre_level_booster,71,67,10450.0,10450.0,0.0,147.1831,0.0991,0.14
10-19,NONPAYER,HC,purchase_pre_level_booster,map_pre_level_booster,1649,782,243200.0,112095.0,131105.0,147.4833,2.3062,3.18
10-19,NONPAYER,HC,team_created,(none),42,42,6300.0,6150.0,150.0,150.0,0.0597,0.08
10-19,PAYER,HC,extra_moves,level_movesplus10,494,448,49400.0,34997.0,14403.0,100.0,2.9927,2.12
10-19,PAYER,HC,extra_moves,level_movesplus15,470,438,47000.0,34521.0,12479.0,100.0,2.8473,2.02
10-19,PAYER,HC,extra_moves,level_movesplus20,374,351,37400.0,28233.0,9167.0,100.0,2.2657,1.61
10-19,PAYER,HC,extra_moves,level_movesplus25,270,260,27000.0,20220.0,6780.0,100.0,1.6357,1.16
10-19,PAYER,HC,extra_moves,level_movesplus30,246,237,24600.0,18178.0,6422.0,100.0,1.4903,1.06
10-19,PAYER,HC,extra_moves,level_movesplus35,190,187,19000.0,14925.0,4075.0,100.0,1.151,0.82
10-19,PAYER,HC,extra_moves,level_movesplus40,165,161,16500.0,11793.0,4707.0,100.0,0.9996,0.71
10-19,PAYER,HC,extra_moves,level_movesplus45,158,151,15800.0,11037.0,4763.0,100.0,0.9572,0.68
10-19,PAYER,HC,extra_moves,level_movesplus5,19207,8705,1920700.0,1340143.0,580557.0,100.0,116.3567,82.6
10-19,PAYER,HC,extra_moves,level_movesplus50,1083,959,108300.0,76271.0,32029.0,100.0,6.5609,4.66
10-19,PAYER,HC,purchase_lives,level_lives,498,392,24900.0,8944.0,15956.0,50.0,1.5085,1.07
10-19,PAYER,HC,purchase_lives,map_lives,295,250,14750.0,6678.0,8072.0,50.0,0.8936,0.63
10-19,PAYER,HC,purchase_powerup,level_powerup,87,71,15900.0,10613.0,5287.0,182.7586,0.9632,0.68
10-19,PAYER,HC,purchase_pre_level_booster,map_pre_level_booster,23,9,4050.0,1895.0,2155.0,176.087,0.2454,0.17
20-39,NONPAYER,HC,extra_moves,level_movesplus10,1908,1796,190800.0,190800.0,0.0,100.0,2.1116,1.64
20-39,NONPAYER,HC,extra_moves,level_movesplus15,1395,1332,139500.0,139500.0,0.0,100.0,1.5439,1.2
20-39,NONPAYER,HC,extra_moves,level_movesplus20,1076,1039,107600.0,107600.0,0.0,100.0,1.1908,0.92
20-39,NONPAYER,HC,extra_moves,level_movesplus25,700,685,70000.0,70000.0,0.0,100.0,0.7747,0.6
20-39,NONPAYER,HC,extra_moves,level_movesplus30,493,479,49300.0,49300.0,0.0,100.0,0.5456,0.42
20-39,NONPAYER,HC,extra_moves,level_movesplus35,388,383,38800.0,38800.0,0.0,100.0,0.4294,0.33
20-39,NONPAYER,HC,extra_moves,level_movesplus40,301,300,30100.0,30100.0,0.0,100.0,0.3331,0.26
20-39,NONPAYER,HC,extra_moves,level_movesplus45,257,254,25700.0,25700.0,0.0,100.0,0.2844,0.22
20-39,NONPAYER,HC,extra_moves,level_movesplus5,102167,49590,10216160.0,10214415.0,1745.0,99.9947,113.0657,87.73
20-39,NONPAYER,HC,extra_moves,level_movesplus50,1217,1149,121700.0,121700.0,0.0,100.0,1.3469,1.05
20-39,NONPAYER,HC,level_movesplus5,level_movesplus5,20,5,1190.0,1190.0,0.0,59.5,0.0132,0.01
20-39,NONPAYER,HC,purchase_lives,level_lives,3294,2326,164700.0,118830.0,45870.0,50.0,1.8228,1.41
20-39,NONPAYER,HC,purchase_lives,map_lives,1101,990,55050.0,37709.0,17341.0,50.0,0.6093,0.47
20-39,NONPAYER,HC,purchase_powerup,level_powerup,580,510,113500.0,113397.0,103.0,195.6897,1.2561,0.97
20-39,NONPAYER,HC,purchase_pre_level_booster,level_pre_level_booster,58,46,8300.0,8300.0,0.0,143.1034,0.0919,0.07
20-39,NONPAYER,HC,purchase_pre_level_booster,map_pre_level_booster,1960,378,301150.0,83200.0,217950.0,153.648,3.3329,2.59
20-39,NONPAYER,HC,team_created,(none),79,79,11850.0,11400.0,450.0,150.0,0.1311,0.1
20-39,PAYER,HC,extra_moves,level_movesplus10,455,398,45500.0,29727.0,15773.0,100.0,3.6272,1.43
20-39,PAYER,HC,extra_moves,level_movesplus15,495,445,49500.0,34137.0,15363.0,100.0,3.9461,1.56
20-39,PAYER,HC,extra_moves,level_movesplus20,336,307,33600.0,21086.0,12514.0,100.0,2.6786,1.06
20-39,PAYER,HC,extra_moves,level_movesplus25,260,247,26000.0,16312.0,9688.0,100.0,2.0727,0.82
20-39,PAYER,HC,extra_moves,level_movesplus30,193,180,19300.0,12032.0,7268.0,100.0,1.5386,0.61
20-39,PAYER,HC,extra_moves,level_movesplus35,149,143,14900.0,9327.0,5573.0,100.0,1.1878,0.47
20-39,PAYER,HC,extra_moves,level_movesplus40,129,125,12900.0,8257.0,4643.0,100.0,1.0284,0.41
20-39,PAYER,HC,extra_moves,level_movesplus45,106,105,10600.0,7347.0,3253.0,100.0,0.845,0.33
20-39,PAYER,HC,extra_moves,level_movesplus5,28078,8600,2807800.0,1771032.0,1036768.0,100.0,223.8361,88.23
20-39,PAYER,HC,extra_moves,level_movesplus50,781,699,78100.0,49990.0,28110.0,100.0,6.2261,2.45
20-39,PAYER,HC,purchase_lives,level_lives,511,346,25550.0,9411.0,16139.0,50.0,2.0368,0.8
20-39,PAYER,HC,purchase_lives,map_lives,291,235,14550.0,5732.0,8818.0,50.0,1.1599,0.46
20-39,PAYER,HC,purchase_powerup,level_powerup,151,89,33100.0,12500.0,20600.0,219.2053,2.6387,1.04
20-39,PAYER,HC,purchase_pre_level_booster,level_pre_level_booster,1,1,200.0,0.0,200.0,200.0,0.0159,0.01
20-39,PAYER,HC,purchase_pre_level_booster,map_pre_level_booster,66,16,10300.0,2715.0,7585.0,156.0606,0.8211,0.32
20-39,PAYER,HC,team_created,(none),3,3,450.0,450.0,0.0,150.0,0.0359,0.01
40-99,NONPAYER,HC,extra_moves,level_movesplus10,2217,1990,221700.0,221700.0,0.0,100.0,4.1052,1.66
40-99,NONPAYER,HC,extra_moves,level_movesplus15,1597,1464,159700.0,159700.0,0.0,100.0,2.9571,1.2
40-99,NONPAYER,HC,extra_moves,level_movesplus20,1215,1138,121500.0,121500.0,0.0,100.0,2.2498,0.91
40-99,NONPAYER,HC,extra_moves,level_movesplus25,774,741,77400.0,77400.0,0.0,100.0,1.4332,0.58
40-99,NONPAYER,HC,extra_moves,level_movesplus30,514,499,51400.0,51400.0,0.0,100.0,0.9518,0.39
40-99,NONPAYER,HC,extra_moves,level_movesplus35,370,358,37000.0,37000.0,0.0,100.0,0.6851,0.28
40-99,NONPAYER,HC,extra_moves,level_movesplus40,285,279,28500.0,28500.0,0.0,100.0,0.5277,0.21
40-99,NONPAYER,HC,extra_moves,level_movesplus45,217,214,21700.0,21700.0,0.0,100.0,0.4018,0.16
40-99,NONPAYER,HC,extra_moves,level_movesplus5,117874,39304,11787400.0,11785530.0,1870.0,100.0,218.265,88.37
40-99,NONPAYER,HC,extra_moves,level_movesplus50,1169,1093,116900.0,116900.0,0.0,100.0,2.1646,0.88
40-99,NONPAYER,HC,level_movesplus5,level_movesplus5,82,9,8200.0,8200.0,0.0,100.0,0.1518,0.06
40-99,NONPAYER,HC,purchase_lives,level_lives,3287,2065,164350.0,127929.0,36421.0,50.0,3.0432,1.23
40-99,NONPAYER,HC,purchase_lives,map_lives,1155,968,57750.0,41682.0,16068.0,50.0,1.0693,0.43
40-99,NONPAYER,HC,purchase_powerup,level_powerup,746,612,146800.0,146800.0,0.0,196.7828,2.7183,1.1
40-99,NONPAYER,HC,purchase_pre_level_booster,level_pre_level_booster,26,21,3850.0,3850.0,0.0,148.0769,0.0713,0.03
40-99,NONPAYER,HC,purchase_pre_level_booster,map_pre_level_booster,2085,129,324450.0,45600.0,278850.0,155.6115,6.0078,2.43
40-99,NONPAYER,HC,team_created,(none),70,68,10500.0,10200.0,300.0,150.0,0.1944,0.08
40-99,PAYER,HC,extra_moves,level_movesplus10,576,486,57600.0,41836.0,15764.0,100.0,6.5701,1.53
40-99,PAYER,HC,extra_moves,level_movesplus15,480,431,48000.0,32925.0,15075.0,100.0,5.4751,1.28
40-99,PAYER,HC,extra_moves,level_movesplus20,350,316,35000.0,24158.0,10842.0,100.0,3.9922,0.93
40-99,PAYER,HC,extra_moves,level_movesplus25,271,253,27100.0,18894.0,8206.0,100.0,3.0911,0.72
40-99,PAYER,HC,extra_moves,level_movesplus30,182,174,18200.0,12043.0,6157.0,100.0,2.076,0.48
40-99,PAYER,HC,extra_moves,level_movesplus35,154,151,15400.0,10873.0,4527.0,100.0,1.7566,0.41
40-99,PAYER,HC,extra_moves,level_movesplus40,120,113,12000.0,7873.0,4127.0,100.0,1.3688,0.32
40-99,PAYER,HC,extra_moves,level_movesplus45,96,92,9600.0,6810.0,2790.0,100.0,1.095,0.26
40-99,PAYER,HC,extra_moves,level_movesplus5,33972,7128,3397200.0,2262352.0,1134848.0,100.0,387.4986,90.46
40-99,PAYER,HC,extra_moves,level_movesplus50,678,581,67800.0,45937.0,21863.0,100.0,7.7335,1.81
40-99,PAYER,HC,purchase_lives,level_lives,492,307,24600.0,11345.0,13255.0,50.0,2.806,0.66
40-99,PAYER,HC,purchase_lives,map_lives,282,220,14100.0,5172.0,8928.0,50.0,1.6083,0.38
40-99,PAYER,HC,purchase_powerup,level_powerup,130,112,25200.0,16416.0,8784.0,193.8462,2.8744,0.67
40-99,PAYER,HC,purchase_pre_level_booster,level_pre_level_booster,4,3,700.0,530.0,170.0,175.0,0.0798,0.02
40-99,PAYER,HC,purchase_pre_level_booster,map_pre_level_booster,14,14,2350.0,1230.0,1120.0,167.8571,0.2681,0.06
40-99,PAYER,HC,team_created,(none),5,5,750.0,750.0,0.0,150.0,0.0855,0.02
100+,NONPAYER,HC,extra_moves,level_movesplus10,640,524,64000.0,64000.0,0.0,100.0,8.5516,1.76
100+,NONPAYER,HC,extra_moves,level_movesplus15,396,337,39600.0,39600.0,0.0,100.0,5.2913,1.09
100+,NONPAYER,HC,extra_moves,level_movesplus20,344,312,34400.0,34400.0,0.0,100.0,4.5965,0.95
100+,NONPAYER,HC,extra_moves,level_movesplus25,212,190,21200.0,21200.0,0.0,100.0,2.8327,0.58
100+,NONPAYER,HC,extra_moves,level_movesplus30,170,157,17000.0,17000.0,0.0,100.0,2.2715,0.47
100+,NONPAYER,HC,extra_moves,level_movesplus35,106,100,10600.0,10600.0,0.0,100.0,1.4164,0.29
100+,NONPAYER,HC,extra_moves,level_movesplus40,69,66,6900.0,6900.0,0.0,100.0,0.922,0.19
100+,NONPAYER,HC,extra_moves,level_movesplus45,79,77,7900.0,7900.0,0.0,100.0,1.0556,0.22
100+,NONPAYER,HC,extra_moves,level_movesplus5,32947,6493,3294700.0,3294700.0,0.0,100.0,440.2325,90.77
100+,NONPAYER,HC,extra_moves,level_movesplus50,338,292,33800.0,33800.0,0.0,100.0,4.5163,0.93
100+,NONPAYER,HC,level_movesplus5,level_movesplus5,33,9,3300.0,3300.0,0.0,100.0,0.4409,0.09
100+,NONPAYER,HC,purchase_lives,level_lives,593,284,29650.0,25570.0,4080.0,50.0,3.9618,0.82
100+,NONPAYER,HC,purchase_lives,map_lives,218,166,10900.0,8502.0,2398.0,50.0,1.4564,0.3
100+,NONPAYER,HC,purchase_powerup,level_powerup,171,132,32000.0,32000.0,0.0,187.1345,4.2758,0.88
100+,NONPAYER,HC,purchase_pre_level_booster,level_pre_level_booster,9,5,1500.0,1500.0,0.0,166.6667,0.2004,0.04
100+,NONPAYER,HC,purchase_pre_level_booster,map_pre_level_booster,119,13,19200.0,7600.0,11600.0,161.3445,2.5655,0.53
100+,NONPAYER,HC,team_created,(none),20,20,3000.0,2850.0,150.0,150.0,0.4009,0.08
100+,PAYER,HC,extra_moves,level_movesplus10,152,117,15200.0,11896.0,3304.0,100.0,9.9152,1.31
100+,PAYER,HC,extra_moves,level_movesplus15,141,118,14100.0,10985.0,3115.0,100.0,9.1977,1.22
100+,PAYER,HC,extra_moves,level_movesplus20,101,89,10100.0,7757.0,2343.0,100.0,6.5884,0.87
100+,PAYER,HC,extra_moves,level_movesplus25,65,56,6500.0,4696.0,1804.0,100.0,4.2401,0.56
100+,PAYER,HC,extra_moves,level_movesplus30,36,36,3600.0,2502.0,1098.0,100.0,2.3483,0.31
100+,PAYER,HC,extra_moves,level_movesplus35,39,38,3900.0,2482.0,1418.0,100.0,2.544,0.34
100+,PAYER,HC,extra_moves,level_movesplus40,22,22,2200.0,1642.0,558.0,100.0,1.4351,0.19
100+,PAYER,HC,extra_moves,level_movesplus45,12,12,1200.0,967.0,233.0,100.0,0.7828,0.1
100+,PAYER,HC,extra_moves,level_movesplus5,10568,1417,1056800.0,758147.0,298653.0,100.0,689.3673,91.41
100+,PAYER,HC,extra_moves,level_movesplus50,163,124,16300.0,11346.0,4954.0,100.0,10.6327,1.41
100+,PAYER,HC,purchase_lives,level_lives,150,63,7500.0,4192.0,3308.0,50.0,4.8924,0.65
100+,PAYER,HC,purchase_lives,map_lives,82,57,4100.0,1769.0,2331.0,50.0,2.6745,0.35
100+,PAYER,HC,purchase_powerup,level_powerup,62,44,11050.0,7871.0,3179.0,178.2258,7.2081,0.96
100+,PAYER,HC,purchase_pre_level_booster,map_pre_level_booster,20,8,3250.0,1870.0,1380.0,162.5,2.12,0.28
100+,PAYER,HC,team_created,(none),2,2,300.0,300.0,0.0,150.0,0.1957,0.03
