segment,payer_flag,currency,gain_per_active_player,spend_per_active_player,net_per_active_player,resource_earners,gain_per_earner,spend_per_earner,net_per_earner,gain_p25,gain_p50,gain_p75,gain_p90,spend_p25,spend_p50,spend_p75,spend_p90,net_p25,net_p50,net_p75,net_p90,player_days
0-9,NONPAYER,HC,95.9288,93.4486,2.4802,26871,170.5198,166.111,4.4088,0.0,14.708,68.773,263.1038,0.0,0.0,55.4011,307.9137,-0.0318,0.0098,26.7723,69.2931,119413
0-9,NONPAYER,Slingshot,1.5059,1.3402,0.1657,12131,5.9292,5.2768,0.6524,0.0,0.0,0.5234,4.5429,0.0,0.0,0.1372,3.8097,0.0,0.0,0.0,1.0647,119413
0-9,NONPAYER,Shuffle,0.8536,0.9245,-0.0708,9841,4.1433,4.487,-0.3438,0.0,0.0,0.0559,2.4683,0.0,0.0,0.1383,2.8707,0.0,0.0,0.0,0.6532,119413
0-9,NONPAYER,Comet,0.3623,0.4831,-0.1209,6564,2.6362,3.5157,-0.8795,0.0,0.0,0.0,1.0148,0.0,0.0,0.0,1.5891,0.0,0.0,0.0,0.0,119413
0-9,NONPAYER,Red,1.9431,1.6194,0.3237,16481,5.6315,4.6934,0.938,0.0,0.0,1.596,6.7119,0.0,0.0,1.0,3.993,-0.1056,0.0,0.493,2.2668,119413
0-9,NONPAYER,Chuck,1.8404,1.3401,0.5003,20402,4.3088,3.1375,1.1714,0.0,0.0341,2.0,5.2782,0.0,0.0,0.6191,3.8141,0.0,0.0,1.1361,2.2297,119413
0-9,NONPAYER,Bomb,0.7406,0.6744,0.0662,13030,2.7148,2.4721,0.2427,0.0,0.0,0.812,2.1335,0.0,0.0,0.0931,2.2571,0.0,0.0,0.0,1.1969,119413
0-9,NONPAYER,UL Bomb,0.7584,0.2095,0.5489,1203,30.1122,8.3167,21.7955,0.0,0.0,0.0,0.0,0.0,0.0,0.0,0.0,0.0,0.0,0.0,0.0,119413
0-9,NONPAYER,UL Chuck,3.4715,0.8639,2.6075,6670,24.8598,6.1868,18.673,0.0,0.0,0.0,14.3461,0.0,0.0,0.0,2.1995,0.0,0.0,0.0,8.8312,119413
0-9,NONPAYER,UL Red,5.2975,1.4183,3.8792,9772,25.8939,6.9326,18.9613,0.0,0.0,0.4935,16.9009,0.0,0.0,0.0,4.9898,0.0,0.0,0.2179,10.702,119413
0-9,NONPAYER,Unlimited Lives,161.2283,0.0013,161.227,23510,327.5657,0.0027,327.563,0.0,7.9089,103.3779,505.0648,0.0,0.0,0.0,0.0,0.0,7.9049,103.2856,504.8385,119413
0-9,NONPAYER,SPT,130.8434,0.0,130.8434,17511,356.9033,0.0,356.9033,0.0,0.0,47.9809,358.0449,0.0,0.0,0.0,0.0,0.0,0.0,47.9809,358.0449,119413
0-9,NONPAYER,SPTx2,1.3977,0.0,1.3977,4296,15.54,0.0,15.54,0.0,0.0,0.0,2.9501,0.0,0.0,0.0,0.0,0.0,0.0,0.0,2.9501,119413
0-9,PAYER,HC,573.0458,577.2713,-4.2255,3053,597.0713,601.474,-4.4026,68.2867,320.4834,834.98,1403.0004,68.3398,343.7004,866.53,1433.4672,-68.6765,6.9468,57.187,163.7201,24521
0-9,PAYER,Slingshot,8.3122,8.0097,0.3024,2410,10.9714,10.5722,0.3992,0.5883,5.3976,13.9273,21.6952,0.0847,4.6643,13.6513,21.3217,-1.0,0.0,1.323,3.4386,24521
0-9,PAYER,Shuffle,4.9233,5.1808,-0.2575,2223,7.045,7.4134,-0.3684,0.0186,2.6567,7.9891,13.727,0.0249,3.0344,8.2196,14.0693,-1.0,0.0,0.8275,2.0,24521
0-9,PAYER,Comet,2.5134,2.6507,-0.1374,1976,4.0461,4.2672,-0.2212,0.0,1.0952,3.6974,7.2477,0.0,1.3821,3.948,7.2769,-0.1866,0.0,0.0126,1.0,24521
0-9,PAYER,Red,9.1569,9.0632,0.0937,2848,10.2275,10.1229,0.1046,2.0505,7.1789,14.8454,20.9782,1.0,6.4036,15.054,22.5617,-1.591,0.0,1.9007,4.287,24521
0-9,PAYER,Chuck,7.4291,7.5693,-0.1402,2764,8.5499,8.7113,-0.1614,1.5942,5.595,11.7932,17.8654,1.0038,4.9954,12.1217,18.9027,-1.2716,0.0,1.4818,3.2991,24521
0-9,PAYER,Bomb,3.3244,3.6938,-0.3694,2428,4.3554,4.8394,-0.4839,0.671,2.1729,5.0162,8.4072,0.0241,2.194,5.5337,9.6109,-1.0,0.0,0.5125,1.7606,24521
0-9,PAYER,UL Bomb,5.2436,5.1235,0.1201,569,29.3146,28.6432,0.6714,0.0,0.0,0.0,30.0,0.0,0.0,0.2572,15.02,0.0,0.0,0.0,13.7854,24521
0-9,PAYER,UL Chuck,17.2351,8.1962,9.039,1568,34.9649,16.6276,18.3374,0.0,5.0935,16.5313,60.0557,0.0,0.6015,7.9958,21.8562,0.0,0.2245,12.5961,46.1665,24521
0-9,PAYER,UL Red,26.2748,11.3816,14.8931,2135,39.1475,16.9578,22.1897,0.0702,10.527,35.1416,80.4782,0.0,4.2787,13.0231,29.6505,0.0,6.2497,19.6327,57.7493,24521
0-9,PAYER,Unlimited Lives,796.0786,0.0,796.0786,3031,835.4754,0.0,835.4754,146.7201,572.6248,1298.2241,1942.2785,0.0,0.0,0.0,0.0,146.7201,572.6248,1298.2241,1942.2785,24521
0-9,PAYER,SPT,690.7988,0.0,690.7988,3004,731.5017,0.0,731.5017,74.8826,396.5384,1111.5236,1849.6154,0.0,0.0,0.0,0.0,74.8826,396.5384,1111.5236,1849.6154,24521
0-9,PAYER,SPTx2,8.0541,0.0,8.0541,1547,16.5611,0.0,16.5611,0.0,3.8012,18.4463,20.0,0.0,0.0,0.0,0.0,0.0,3.8012,18.4463,20.0,24521
10-19,NONPAYER,HC,315.5922,304.011,11.5812,25267,318.5649,306.8746,11.6903,40.0,101.0354,331.9181,1021.3108,0.0,84.1588,343.1662,1009.8502,-48.6204,27.9827,70.2417,168.0628,103629
10-19,NONPAYER,Slingshot,4.831,4.2912,0.5398,14214,8.6686,7.6999,0.9686,0.0,0.915,5.6994,17.5443,0.0,0.6493,4.3331,15.6579,-0.1302,0.0,1.0502,3.8077,103629
10-19,NONPAYER,Shuffle,3.0153,3.1601,-0.1448,11755,6.5424,6.8565,-0.3141,0.0,0.1014,3.2163,11.0245,0.0,0.5761,3.5679,10.8079,-0.8722,0.0,0.157,1.9787,103629
10-19,NONPAYER,Comet,1.3569,1.806,-0.4491,8276,4.1816,5.5657,-1.3841,0.0,0.0,1.109,5.022,0.0,0.287,2.5462,5.8036,-1.0,0.0,0.0,1.0,103629
10-19,NONPAYER,Red,5.0118,4.5695,0.4423,16814,7.6024,6.9315,0.6709,0.0,2.1558,6.4264,16.6148,0.8756,1.0,3.9675,15.7741,-1.0,-0.0455,2.1273,4.8575,103629
10-19,NONPAYER,Chuck,5.3067,3.9553,1.3514,20377,6.6421,4.9506,1.6915,1.5565,2.1142,6.856,15.721,0.0,0.496,4.0473,14.411,-0.0879,1.4367,2.6008,5.8915,103629
10-19,NONPAYER,Bomb,2.6697,2.218,0.4517,15816,4.3051,3.5768,0.7284,0.0,1.7633,3.0726,7.8489,0.0,0.0764,2.7352,7.3221,-0.1584,0.0,2.0,3.0,103629
10-19,NONPAYER,UL Bomb,1.8059,0.7227,1.0832,1771,26.0079,10.4082,15.5997,0.0,0.0,0.0,0.0,0.0,0.0,0.0,0.0,0.0,0.0,0.0,0.0,103629
10-19,NONPAYER,UL Chuck,8.9986,3.2567,5.7419,8406,27.3031,9.8813,17.4218,0.0,0.0,13.9792,25.7927,0.0,0.0,4.5416,11.1438,0.0,0.0,5.8788,15.9414,103629
10-19,NONPAYER,UL Red,15.9455,5.7811,10.1644,10319,39.4118,14.289,25.1228,0.0,0.0329,19.135,53.8262,0.0,0.0,7.562,19.2719,0.0,0.0071,10.0122,33.105,103629
10-19,NONPAYER,Unlimited Lives,456.4789,0.0069,456.472,24446,476.2535,0.0072,476.2464,19.6985,144.3321,483.6062,1561.5654,0.0,0.0,0.0,0.0,18.5911,144.3233,483.61,1561.5654,103629
10-19,NONPAYER,SPT,523.3996,0.0,523.3996,15103,883.8845,0.0,883.8845,0.0,73.3795,489.8045,1963.6681,0.0,0.0,0.0,0.0,0.0,73.3795,489.8045,1963.6681,103629
10-19,NONPAYER,SPTx2,4.1856,0.0,4.1856,6492,16.4441,0.0,16.4441,0.0,0.0,5.2294,19.9965,0.0,0.0,0.0,0.0,0.0,0.0,5.2294,19.9965,103629
10-19,PAYER,HC,1206.6947,1218.1075,-11.4128,1891,1210.5235,1221.9725,-11.449,181.5411,792.3585,1757.6001,2748.3386,201.5294,819.3957,1781.2666,2709.7125,-72.1426,9.1258,88.9202,228.5502,15970
10-19,PAYER,Slingshot,14.1687,13.787,0.3817,1789,15.024,14.6193,0.4047,3.368,11.6862,23.176,31.745,2.0715,11.1071,22.5274,31.9268,-1.0,0.5969,2.1241,4.0791,15970
10-19,PAYER,Shuffle,9.3168,9.757,-0.4402,1613,10.9572,11.4749,-0.5177,1.1243,6.9513,15.4452,22.2416,1.2685,7.228,16.0641,23.415,-1.2227,0.0,1.0,2.9734,15970
10-19,PAYER,Comet,5.1761,5.582,-0.4059,1415,6.9392,7.4834,-0.5442,0.4536,3.4846,8.7535,13.0336,0.5421,3.6655,9.1665,13.6175,-1.0,0.0,0.5623,1.9335,15970
10-19,PAYER,Red,13.242,15.0722,-1.8303,1848,13.5931,15.4719,-1.8788,4.4222,11.8711,20.6927,26.5883,2.6214,12.3975,25.1158,33.2638,-4.496,-0.9181,1.9042,4.6696,15970
10-19,PAYER,Chuck,12.6906,13.6004,-0.9099,1839,13.0908,14.0294,-0.9386,4.63,11.3345,19.9771,25.2102,2.5196,10.7839,21.8288,30.2565,-2.9373,-0.1315,2.2415,5.0817,15970
10-19,PAYER,Bomb,7.0733,7.9589,-0.8856,1700,7.8929,8.8812,-0.9882,1.4243,5.2508,11.2343,16.6023,1.0,5.2869,12.3277,19.8918,-1.9227,0.0,1.0,2.7128,15970
10-19,PAYER,UL Bomb,9.0353,13.3553,-4.32,578,29.654,43.8322,-14.1782,0.0,0.0,11.0912,30.384,0.0,0.0,14.5476,41.676,0.0,0.0,0.0,11.7793,15970
10-19,PAYER,UL Chuck,29.1012,21.3179,7.7833,1422,38.8221,28.4388,10.3833,4.8323,15.3861,39.0938,79.987,1.6931,9.7036,23.4664,58.72,0.0,4.9848,15.0601,43.5824,15970
10-19,PAYER,UL Red,51.4101,30.699,20.7111,1661,58.7146,35.0608,23.6538,10.2502,33.6479,81.2511,128.4692,6.6503,16.9043,41.0897,78.3773,2.0602,11.9208,33.8584,67.9271,15970
10-19,PAYER,Unlimited Lives,1272.9958,0.0,1272.9958,1888,1279.0641,0.0,1279.0641,312.9046,1003.8721,2080.0737,2895.7802,0.0,0.0,0.0,0.0,312.9046,1003.8721,2080.0737,2895.7802,15970
10-19,PAYER,SPT,1469.6436,0.0,1469.6436,1838,1516.8194,0.0,1516.8194,274.0238,1169.4156,2486.603,3255.5513,0.0,0.0,0.0,0.0,274.0238,1169.4156,2486.603,3255.5513,15970
10-19,PAYER,SPTx2,12.359,0.0,12.359,1295,18.1042,0.0,18.1042,0.0,10.0,20.0,20.0,0.0,0.0,0.0,0.0,0.0,10.0,20.0,20.0,15970
20-39,NONPAYER,HC,635.7502,609.0237,26.7266,19815,637.5149,610.7141,26.8008,109.5959,246.4932,825.9377,1879.9527,29.5034,266.7248,765.5448,1828.2631,-94.901,30.4447,121.4588,285.3247,97611
20-39,NONPAYER,Slingshot,8.4559,7.9343,0.5216,15395,10.9139,10.2406,0.6733,0.8738,4.0571,11.8543,25.2188,1.0416,2.9889,10.4981,23.9033,-1.7945,-0.0009,2.1457,5.123,97611
20-39,NONPAYER,Shuffle,6.2934,6.5039,-0.2105,13794,9.0655,9.3687,-0.3032,0.0375,2.5035,8.8399,19.2986,1.0,2.6903,8.2926,18.7448,-1.8236,-0.2799,1.161,3.7476,97611
20-39,NONPAYER,Comet,2.6589,3.7976,-1.1387,10469,5.0466,7.2078,-2.1611,0.0,0.6992,3.5507,8.7348,1.0,2.0079,5.2122,9.6504,-2.1015,-1.0,0.0,1.1444,97611
20-39,NONPAYER,Red,8.1433,7.2115,0.9318,19165,8.4428,7.4768,0.9661,2.0062,4.5432,11.3079,21.4115,1.0,2.0651,8.3611,22.9611,-0.9,0.9935,3.4706,6.7551,97611
20-39,NONPAYER,Chuck,8.8537,6.5809,2.2728,18990,9.264,6.8859,2.3781,2.0895,5.5483,12.4174,22.5683,0.0,1.2677,8.3507,22.3278,-0.0337,2.0,4.8714,9.2626,97611
20-39,NONPAYER,Bomb,5.3435,4.0793,1.2642,17408,6.0993,4.6563,1.443,2.0,3.0134,7.0052,14.3244,0.0,0.8017,5.1379,13.5627,-0.1889,1.5281,2.862,5.2152,97611
20-39,NONPAYER,UL Bomb,3.7229,1.8485,1.8744,3335,22.1814,11.0135,11.1679,0.0,0.0,0.0,10.4637,0.0,0.0,0.0,7.0562,0.0,0.0,0.0,5.7068,97611
20-39,NONPAYER,UL Chuck,16.153,7.1798,8.9732,10290,31.1914,13.8641,17.3273,0.0,7.1943,22.6818,40.2697,0.0,1.4176,10.9256,20.1833,0.0,1.0451,11.2297,24.0019,97611
20-39,NONPAYER,UL Red,30.4454,12.6677,17.7777,11807,51.2366,21.3185,29.9181,0.0,10.8304,42.6446,98.8321,0.0,4.8955,18.3601,38.4382,0.0,4.9084,22.253,60.9189,97611
20-39,NONPAYER,Unlimited Lives,811.0154,0.0092,811.0062,19607,821.894,0.0093,821.8847,115.7875,368.7855,1058.9255,2396.5886,0.0,0.0,0.0,0.0,119.7439,360.5741,1038.3202,2352.921,97611
20-39,NONPAYER,SPT,1115.06,0.0,1115.06,16866,1313.6632,0.0,1313.6632,59.2902,389.9194,1449.033,3350.3477,0.0,0.0,0.0,0.0,59.2902,389.9194,1449.033,3350.3477,97611
20-39,NONPAYER,SPTx2,7.2806,0.0,7.2806,7783,18.5873,0.0,18.5873,0.0,0.0,10.0,20.0,0.0,0.0,0.0,0.0,0.0,0.0,10.0,20.0,97611
20-39,PAYER,HC,2018.9311,2076.5757,-57.6446,1538,2020.2438,2077.9259,-57.6821,340.7339,1234.0902,2680.0196,4465.2588,361.3675,1263.4626,2651.7598,4543.2698,-102.0141,4.2556,111.3532,289.0198,12540
20-39,PAYER,Slingshot,17.5686,18.271,-0.7024,1502,18.0013,18.721,-0.7197,4.779,13.9679,28.352,38.803,3.7542,13.5802,29.2259,41.1928,-2.226,0.0268,2.1948,4.984,12540
20-39,PAYER,Shuffle,13.0962,14.4795,-1.3834,1462,13.7859,15.2421,-1.4562,2.7212,10.1596,20.9688,30.1134,2.6805,10.321,22.2978,33.0615,-2.3876,-0.013,1.2073,3.2213,12540
20-39,PAYER,Comet,6.7752,8.2619,-1.4867,1297,8.0393,9.8034,-1.7641,1.2443,4.9862,11.185,15.9941,1.557,5.7324,12.6667,18.3904,-2.009,0.0,0.5564,1.9958,12540
20-39,PAYER,Red,15.8207,19.3288,-3.5081,1532,15.893,19.4171,-3.5242,6.1688,13.8641,23.7851,31.3675,4.2234,15.1076,30.296,42.1245,-7.1747,-2.0298,2.1463,5.5959,12540
20-39,PAYER,Chuck,15.8519,17.9883,-2.1365,1525,15.9974,18.1534,-2.1561,6.5959,13.6113,23.9262,30.7619,4.0133,14.0523,28.8692,38.8582,-4.9507,-0.9161,2.8177,6.2634,12540
20-39,PAYER,Bomb,10.321,11.9526,-1.6316,1476,10.7615,12.4627,-1.7012,2.652,8.2055,16.2621,22.855,1.6585,8.18,18.7469,28.2133,-3.2975,-0.1964,1.1294,4.0,12540
20-39,PAYER,UL Bomb,15.4581,20.8272,-5.3691,698,34.0831,45.9212,-11.8381,0.0,0.0,22.1318,42.3773,0.0,3.437,22.3737,57.4083,-0.3913,0.0,2.3149,14.0855,12540
20-39,PAYER,UL Chuck,39.4607,32.4152,7.0455,1307,46.4652,38.1691,8.2961,12.9239,25.0072,58.1946,103.501,7.488,16.6343,38.4519,78.6656,0.0,6.3672,18.6396,49.2254,12540
20-39,PAYER,UL Red,68.655,45.1702,23.4847,1430,73.8881,48.6133,25.2748,20.324,52.4113,104.7273,157.897,11.3061,28.7763,59.0692,104.1792,3.8439,16.6949,41.01,78.4678,12540
20-39,PAYER,Unlimited Lives,1668.885,0.0006,1668.8843,1536,1672.1445,0.0007,1672.1439,486.7671,1238.5639,2677.759,3746.9271,0.0,0.0,0.0,0.0,486.7671,1238.5639,2677.759,3746.9271,12540
20-39,PAYER,SPT,2217.0474,0.0,2217.0474,1501,2273.1752,0.0,2273.1752,513.8499,1680.3669,3361.4942,4933.4552,0.0,0.0,0.0,0.0,513.8499,1680.3669,3361.4942,4933.4552,12540
20-39,PAYER,SPTx2,16.7316,0.0,16.7316,1090,23.6239,0.0,23.6239,0.5462,10.1814,20.0,40.0,0.0,0.0,0.0,0.0,0.5462,10.1814,20.0,40.0,12540
40-99,NONPAYER,HC,1342.5077,1304.7733,37.7344,10448,1343.2787,1305.5226,37.7561,295.9749,757.7237,1686.7195,3384.2146,294.4158,688.897,1640.7592,3341.8135,-124.6631,-7.1017,171.3218,489.2044,60115
40-99,NONPAYER,Slingshot,15.002,14.3078,0.6942,10353,15.1484,14.4474,0.701,4.005,9.6814,20.1856,36.8823,2.735,8.498,20.7489,36.7776,-2.5558,0.0723,2.7925,6.7945,60115
40-99,NONPAYER,Shuffle,12.8195,12.9462,-0.1267,9976,13.4337,13.5666,-0.1328,2.935,8.0376,16.908,32.8323,2.3805,6.9455,17.8105,32.1221,-2.6725,-0.2865,2.3642,6.2169,60115
40-99,NONPAYER,Comet,5.4973,7.1501,-1.6528,8194,7.0135,9.1222,-2.1086,0.8487,3.0327,7.1802,14.5479,2.0,4.866,9.4398,15.7071,-3.9038,-1.5859,0.0,1.9399,60115
40-99,NONPAYER,Red,13.623,12.6431,0.9799,10371,13.732,12.7443,0.9878,4.842,9.647,18.4346,30.7139,1.7302,6.1996,17.9824,34.105,-2.7462,1.8525,4.818,9.0706,60115
40-99,NONPAYER,Chuck,14.856,12.155,2.7011,10360,14.9908,12.2653,2.7256,6.2358,11.6158,21.0789,31.2651,1.0,5.6245,18.9558,32.7025,-1.4843,3.4425,7.1992,11.9726,60115
40-99,NONPAYER,Bomb,10.0079,8.0755,1.9325,10295,10.1625,8.2002,1.9623,3.121,6.7885,13.2042,23.3405,0.1858,3.5082,12.2016,22.3569,-1.3111,1.85,4.1679,7.9483,60115
40-99,NONPAYER,UL Bomb,8.2944,5.0498,3.2446,3606,24.046,14.6398,9.4063,0.0,0.0,10.0,27.5809,0.0,0.0,6.5847,16.8809,0.0,0.0,2.487,11.3915,60115
40-99,NONPAYER,UL Chuck,31.4717,17.3615,14.1102,8061,40.8144,22.5154,18.299,7.2475,18.954,36.5597,83.9078,1.5665,11.6035,23.0891,42.9331,0.1996,6.2665,16.0813,40.3377,60115
40-99,NONPAYER,UL Red,54.8312,27.1414,27.6898,8681,66.0298,32.6847,33.3451,10.0,33.5083,85.3538,146.1816,6.3437,18.4609,40.4909,68.044,2.1466,13.7383,41.1475,82.0387,60115
40-99,NONPAYER,Unlimited Lives,1543.5533,0.0209,1543.5324,10426,1547.6986,0.0209,1547.6777,374.1522,924.1703,2014.2241,4033.2167,0.0,0.0,0.0,0.0,376.9071,937.2795,1999.4701,4006.7946,60115
40-99,NONPAYER,SPT,2490.1789,0.0,2490.1789,10229,2544.9536,0.0,2544.9536,442.9103,1414.5132,3386.5369,5609.736,0.0,0.0,0.0,0.0,442.9103,1414.5132,3386.5369,5609.736,60115
40-99,NONPAYER,SPTx2,15.4171,0.0,15.4171,6023,26.7591,0.0,26.7591,0.0,10.0,19.4384,45.3146,0.0,0.0,0.0,0.0,0.0,10.0,19.4384,45.3146,60115
40-99,PAYER,HC,3327.3379,3332.0069,-4.669,1156,3327.3379,3332.0069,-4.669,1036.2662,2285.2242,4079.1259,6816.4836,1057.1429,2339.3849,4078.9614,6837.2727,-132.3511,-18.6681,111.2813,340.3735,10052
40-99,PAYER,Slingshot,25.6194,26.3036,-0.6843,1151,25.7307,26.4179,-0.6872,10.044,20.7051,34.9317,51.2542,10.1786,22.3203,38.0116,52.9118,-4.1008,-1.0897,1.7358,5.0,10052
40-99,PAYER,Shuffle,22.4542,23.3304,-0.8763,1146,22.6501,23.534,-0.8839,8.6219,18.1533,30.3509,44.6241,8.5244,19.4713,32.7823,47.3192,-4.0049,-0.9782,1.1341,4.1328,10052
40-99,PAYER,Comet,11.5882,13.199,-1.6107,1106,12.1121,13.7957,-1.6835,3.7833,8.5473,14.8353,22.1958,5.1359,10.6131,17.8884,25.4014,-4.0985,-1.3223,0.0281,1.9411,10052
40-99,PAYER,Red,21.4403,27.0692,-5.6289,1152,21.5148,27.1632,-5.6484,11.0561,19.4287,30.0796,40.0667,10.0037,22.9869,38.7579,53.8861,-9.6071,-4.2728,0.8828,5.7768,10052
40-99,PAYER,Chuck,21.7388,25.9576,-4.2189,1150,21.8522,26.093,-4.2409,10.8972,21.0911,30.4061,38.8173,9.3695,22.9095,36.2581,50.7663,-7.6084,-3.0594,1.8365,7.4833,10052
40-99,PAYER,Bomb,16.0052,18.5848,-2.5796,1143,16.1872,18.7962,-2.6089,6.8954,13.8563,23.1568,31.6514,5.5143,15.1711,26.379,39.4338,-5.0102,-1.7218,1.1668,5.0439,10052
40-99,PAYER,UL Bomb,21.3884,29.6116,-8.2232,732,33.7773,46.7637,-12.9863,0.0,10.0,34.42,62.2663,0.0,11.5122,32.1964,70.7142,-2.2168,0.0,5.8827,17.9252,10052
40-99,PAYER,UL Chuck,60.5277,50.8633,9.6644,1074,65.149,54.7467,10.4022,22.149,42.2995,94.0469,137.2451,13.5143,31.1259,64.9412,112.9714,0.4603,9.5514,27.0432,59.5429,10052
40-99,PAYER,UL Red,95.1471,66.8036,28.3434,1125,97.7689,68.6444,29.1244,40.8477,85.3098,143.7652,184.2355,23.3361,49.59,86.9914,136.0285,8.0714,26.142,56.543,86.6915,10052
40-99,PAYER,Unlimited Lives,2582.7491,0.0,2582.7491,1155,2584.9853,0.0,2584.9853,963.7755,2049.7913,3684.3577,5435.0645,0.0,0.0,0.0,0.0,963.7755,2049.7913,3684.3577,5435.0645,10052
40-99,PAYER,SPT,3719.4559,0.0,3719.4559,1149,3742.1158,0.0,3742.1158,1477.3248,3152.2164,4414.4132,7560.6968,0.0,0.0,0.0,0.0,1477.3248,3152.2164,4414.4132,7560.6968,10052
40-99,PAYER,SPTx2,26.1721,0.0,26.1721,905,33.4309,0.0,33.4309,10.0,19.6392,40.0,60.0,0.0,0.0,0.0,0.0,10.0,19.6392,40.0,60.0,10052
100+,NONPAYER,HC,2267.2461,2147.0588,120.1872,1207,2267.2461,2147.0588,120.1872,738.8751,1222.7452,2265.3313,6277.9239,674.2982,1202.523,2121.8077,5598.3077,-129.315,-35.8237,232.2165,647.0088,6294
100+,NONPAYER,Slingshot,30.6363,22.9064,7.7299,1207,30.6363,22.9064,7.7299,8.9437,14.7429,24.1655,58.875,7.319,15.0772,25.4679,56.2079,-3.2208,-0.3337,4.6942,11.365,6294
100+,NONPAYER,Shuffle,29.2187,25.6537,3.565,1207,29.2187,25.6537,3.565,7.6249,12.9836,22.624,58.3227,6.1423,13.0461,23.267,55.072,-3.0,-0.1481,4.6085,10.8972,6294
100+,NONPAYER,Comet,17.8368,19.6313,-1.7945,1198,17.9708,19.7788,-1.808,3.0,4.8903,9.7335,29.47,4.6025,7.6481,12.4671,28.3979,-4.0,-2.6151,0.1321,3.2197,6294
100+,NONPAYER,Red,19.7755,18.6495,1.1259,1200,19.8908,18.7583,1.1325,9.2814,14.8923,22.4946,45.9226,4.4803,12.2607,22.8895,41.7745,-4.2579,1.1038,6.3523,11.2221,6294
100+,NONPAYER,Chuck,21.71,18.7688,2.9412,1200,21.8367,18.8783,2.9583,11.201,17.2356,24.7453,46.824,3.9527,12.8367,24.3662,42.6738,-3.2451,2.8831,9.2991,14.5721,6294
100+,NONPAYER,Bomb,16.6686,13.6843,2.9843,1199,16.7798,13.7756,3.0042,6.4556,10.6119,16.846,42.4236,2.1199,8.5528,15.6239,31.0923,-2.6329,1.721,6.2366,10.5958,6294
100+,NONPAYER,UL Bomb,14.0099,10.6678,3.3422,555,30.4685,23.2,7.2685,0.0,0.2126,21.6722,48.0201,0.0,0.0141,14.5135,34.4377,0.0,0.0,3.5992,12.2845,6294
100+,NONPAYER,UL Chuck,44.1715,29.8583,14.3132,1059,50.3447,34.0312,16.3135,15.0,27.9602,46.5556,114.9202,10.812,20.8326,36.3759,70.8758,0.6976,6.5684,16.8869,42.2068,6294
100+,NONPAYER,UL Red,67.3115,41.3405,25.971,1133,71.7079,44.0406,27.6673,30.2347,51.9167,83.3559,160.8353,17.2634,33.014,55.2354,88.1616,5.5913,16.7767,34.3125,67.8166,6294
100+,NONPAYER,Unlimited Lives,2621.3546,0.0671,2621.2875,1199,2638.8449,0.0676,2638.7773,877.6531,1474.8127,2714.0027,7419.8887,0.0,0.0,0.0,0.0,877.6531,1474.8127,2714.0027,7419.8887,6294
100+,NONPAYER,SPT,4568.7042,0.0,4568.7042,1187,4645.6832,0.0,4645.6832,1476.0306,2918.9243,4601.513,8910.4714,0.0,0.0,0.0,0.0,1476.0306,2918.9243,4601.513,8910.4714,6294
100+,NONPAYER,SPTx2,20.9114,0.0,20.9114,723,34.9101,0.0,34.9101,0.0,10.0,30.0,60.0,0.0,0.0,0.0,0.0,0.0,10.0,30.0,60.0,6294
100+,PAYER,HC,4251.3921,4276.4851,-25.0931,202,4251.3921,4276.4851,-25.0931,1595.0238,2657.5903,4975.25,9855.9,1685.7143,2692.5,5117.1875,9795.0,-151.2143,-51.1167,73.7619,333.6,1451
100+,PAYER,Slingshot,36.6287,32.9604,3.6683,202,36.6287,32.9604,3.6683,13.7778,22.2333,37.3333,77.45,16.4762,25.8333,43.0,69.8,-5.0,-2.6111,0.625,8.0,1451
100+,PAYER,Shuffle,35.0347,30.9455,4.0891,202,35.0347,30.9455,4.0891,12.4688,21.1889,35.0,74.05,14.7857,23.1111,38.0238,67.7,-4.7857,-2.3333,1.0,9.75,1451
100+,PAYER,Comet,20.9406,17.9901,2.9505,199,21.2563,18.2613,2.995,5.0,9.3333,17.5313,39.85,8.0938,13.0,21.3125,39.25,-5.0,-3.25,0.0,2.45,1451
100+,PAYER,Red,25.896,33.5347,-7.6386,202,25.896,33.5347,-7.6386,14.0,21.8333,31.3333,50.9,17.4762,27.3889,43.3125,68.9,-9.6429,-6.0,-1.3333,5.4,1451
100+,PAYER,Chuck,27.1584,33.5248,-6.3663,202,27.1584,33.5248,-6.3663,16.1563,23.1389,34.2222,50.45,17.6667,27.5,43.6429,65.45,-8.3125,-4.6667,-1.0,6.9,1451
100+,PAYER,Bomb,22.3614,26.3465,-3.9851,202,22.3614,26.3465,-3.9851,10.1429,16.5,27.6667,51.2,11.7857,18.6278,34.8571,62.35,-6.0,-3.0,0.0833,5.45,1451
100+,PAYER,UL Bomb,27.6485,36.5,-8.8515,139,40.1799,53.0432,-12.8633,0.0,16.9444,45.0,79.75,0.375,19.5944,46.75,74.4,-4.5313,0.0,4.9333,18.0,1451
100+,PAYER,UL Chuck,71.3119,63.5644,7.7475,194,74.2526,66.1856,8.067,30.0,49.2,105.0,162.0,22.1429,39.6636,79.4375,129.3,-0.6429,9.1667,25.8889,50.55,1451
100+,PAYER,UL Red,96.7822,77.7673,19.0149,200,97.75,78.545,19.205,51.1111,80.8333,130.0,185.0,35.2,57.5,95.5833,154.15,6.619,19.75,38.7333,72.25,1451
100+,PAYER,Unlimited Lives,3558.1535,0.0,3558.1535,202,3558.1535,0.0,3558.1535,1513.6905,2443.7879,4350.7143,8735.0,0.0,0.0,0.0,0.0,1513.6905,2443.7879,4350.7143,8735.0,1451
100+,PAYER,SPT,6013.4802,0.0,6013.4802,200,6073.615,0.0,6073.615,2698.1875,4012.1667,6762.0,12748.7,0.0,0.0,0.0,0.0,2698.1875,4012.1667,6762.0,12748.7,1451
100+,PAYER,SPTx2,25.8416,0.0,25.8416,136,38.3824,0.0,38.3824,0.0,28.0,40.0,60.0,0.0,0.0,0.0,0.0,0.0,28.0,40.0,60.0,1451
