event_name,payer_flag,segment,seg_rank,event_day,instance_length_days,n_instances,n_participants,cum_token_share_mean,cum_token_share_p50,cum_token_share_p25,cum_token_share_p75,cum_levels_share_mean
Bomb,NONPAYER,0-9,1,1,3,5,9394,0.4385,0.332,0.0,0.9958,0.438
Bomb,NONPAYER,0-9,1,2,3,5,9394,0.9351,1.0,1.0,1.0,0.9362
Bomb,NONPAYER,0-9,1,3,3,2,9391,1.0,1.0,1.0,1.0,1.0
Bomb,PAYER,0-9,1,1,3,4,3555,0.4479,0.3552,0.0,0.996,0.4465
Bomb,PAYER,0-9,1,2,3,4,3555,0.9324,1.0,1.0,1.0,0.9325
Bomb,PAYER,0-9,1,3,3,2,3551,1.0,1.0,1.0,1.0,1.0
Bomb,NONPAYER,10-19,2,1,3,5,10332,0.4623,0.4263,0.0042,0.9097,0.4609
Bomb,NONPAYER,10-19,2,2,3,5,10332,0.9436,1.0,1.0,1.0,0.9437
Bomb,NONPAYER,10-19,2,3,3,2,10320,1.0,1.0,1.0,1.0,1.0
Bomb,PAYER,10-19,2,1,3,4,2810,0.4678,0.4257,0.0,0.9539,0.4654
Bomb,PAYER,10-19,2,2,3,4,2810,0.9418,1.0,1.0,1.0,0.9421
Bomb,PAYER,10-19,2,3,3,2,2807,1.0,1.0,1.0,1.0,1.0
Bomb,NONPAYER,20-39,3,1,3,5,8151,0.4783,0.4689,0.0933,0.8352,0.4736
Bomb,NONPAYER,20-39,3,2,3,5,8151,0.951,1.0,0.999,1.0,0.9508
Bomb,NONPAYER,20-39,3,3,3,2,8147,1.0,1.0,1.0,1.0,1.0
Bomb,PAYER,20-39,3,1,3,3,2032,0.4875,0.4765,0.0605,0.8952,0.4844
Bomb,PAYER,20-39,3,2,3,3,2032,0.9458,1.0,1.0,1.0,0.9449
Bomb,PAYER,20-39,3,3,3,2,2030,1.0,1.0,1.0,1.0,1.0
Bomb,NONPAYER,40-99,4,1,3,5,4677,0.5,0.4984,0.2389,0.768,0.4986
Bomb,NONPAYER,40-99,4,2,3,5,4677,0.9584,1.0,0.9929,1.0,0.9583
Bomb,NONPAYER,40-99,4,3,3,2,4670,1.0,1.0,1.0,1.0,1.0
Bomb,PAYER,40-99,4,1,3,5,1118,0.5121,0.5304,0.1907,0.8372,0.5079
Bomb,PAYER,40-99,4,2,3,5,1118,0.9599,1.0,0.9968,1.0,0.9576
Bomb,PAYER,40-99,4,3,3,2,1113,1.0,1.0,1.0,1.0,1.0
Bomb,NONPAYER,100+,5,1,3,2,786,0.499,0.5197,0.2716,0.729,0.4998
Bomb,NONPAYER,100+,5,2,3,2,786,0.9604,1.0,0.9849,1.0,0.9613
Bomb,NONPAYER,100+,5,3,3,2,786,1.0,1.0,1.0,1.0,1.0
Bomb,PAYER,100+,5,1,3,2,173,0.5229,0.558,0.231,0.8269,0.5154
Bomb,PAYER,100+,5,2,3,2,173,0.9542,1.0,0.9812,1.0,0.9538
Bomb,PAYER,100+,5,3,3,2,173,1.0,1.0,1.0,1.0,1.0
Bombs Ballet,NONPAYER,0-9,1,1,5,2,7437,0.3071,0.0578,0.0,0.5933,0.3071
Bombs Ballet,NONPAYER,0-9,1,2,5,2,7437,0.6269,0.7885,0.2152,1.0,0.6269
Bombs Ballet,NONPAYER,0-9,1,3,5,2,7437,0.962,1.0,1.0,1.0,0.9621
Bombs Ballet,NONPAYER,0-9,1,4,5,2,7437,0.9999,1.0,1.0,1.0,0.9999
Bombs Ballet,NONPAYER,0-9,1,5,5,1,19,1.0,1.0,1.0,1.0,1.0
Bombs Ballet,PAYER,0-9,1,1,5,2,2755,0.3075,0.078,0.0,0.5996,0.3074
Bombs Ballet,PAYER,0-9,1,2,5,2,2755,0.6355,0.7865,0.2765,1.0,0.6356
Bombs Ballet,PAYER,0-9,1,3,5,2,2755,0.9628,1.0,1.0,1.0,0.9627
Bombs Ballet,PAYER,0-9,1,4,5,2,2755,0.9998,1.0,1.0,1.0,0.9998
Bombs Ballet,PAYER,0-9,1,5,5,1,26,1.0,1.0,1.0,1.0,1.0
Bombs Ballet,NONPAYER,10-19,2,1,5,2,7565,0.3362,0.2148,0.0,0.6062,0.3364
Bombs Ballet,NONPAYER,10-19,2,2,5,2,7565,0.6472,0.7419,0.3789,1.0,0.6472
Bombs Ballet,NONPAYER,10-19,2,3,5,2,7565,0.9685,1.0,1.0,1.0,0.9685
Bombs Ballet,NONPAYER,10-19,2,4,5,2,7565,0.9999,1.0,1.0,1.0,0.9999
Bombs Ballet,NONPAYER,10-19,2,5,5,1,39,1.0,1.0,1.0,1.0,1.0
Bombs Ballet,PAYER,10-19,2,1,5,2,2003,0.3379,0.2339,0.0,0.6063,0.3378
Bombs Ballet,PAYER,10-19,2,2,5,2,2003,0.6516,0.7549,0.3858,1.0,0.6517
Bombs Ballet,PAYER,10-19,2,3,5,2,2003,0.9633,1.0,1.0,1.0,0.9632
Bombs Ballet,PAYER,10-19,2,4,5,2,2003,0.9999,1.0,1.0,1.0,0.9999
Bombs Ballet,PAYER,10-19,2,5,5,1,15,1.0,1.0,1.0,1.0,1.0
Bombs Ballet,NONPAYER,20-39,3,1,5,2,5970,0.3509,0.2852,0.002,0.5763,0.351
Bombs Ballet,NONPAYER,20-39,3,2,5,2,5970,0.6608,0.7288,0.4615,0.9937,0.6608
Bombs Ballet,NONPAYER,20-39,3,3,5,2,5970,0.9676,1.0,1.0,1.0,0.9676
Bombs Ballet,NONPAYER,20-39,3,4,5,2,5970,0.9999,1.0,1.0,1.0,0.9999
Bombs Ballet,NONPAYER,20-39,3,5,5,1,14,1.0,1.0,1.0,1.0,1.0
Bombs Ballet,PAYER,20-39,3,1,5,2,1461,0.3489,0.2643,0.0001,0.5919,0.3489
Bombs Ballet,PAYER,20-39,3,2,5,2,1461,0.6565,0.7429,0.4215,0.9996,0.6564
Bombs Ballet,PAYER,20-39,3,3,5,2,1461,0.9675,1.0,1.0,1.0,0.9675
Bombs Ballet,PAYER,20-39,3,4,5,2,1461,0.9997,1.0,1.0,1.0,0.9997
Bombs Ballet,PAYER,20-39,3,5,5,1,13,1.0,1.0,1.0,1.0,1.0
Bombs Ballet,NONPAYER,40-99,4,1,5,2,3518,0.3713,0.3336,0.1211,0.553,0.3715
Bombs Ballet,NONPAYER,40-99,4,2,5,2,3518,0.6844,0.7307,0.5386,0.9417,0.6846
Bombs Ballet,NONPAYER,40-99,4,3,5,2,3518,0.9767,1.0,0.9977,1.0,0.9767
Bombs Ballet,NONPAYER,40-99,4,4,5,2,3518,1.0,1.0,1.0,1.0,1.0
Bombs Ballet,NONPAYER,40-99,4,5,5,1,14,1.0,1.0,1.0,1.0,1.0
Bombs Ballet,PAYER,40-99,4,1,5,2,913,0.3675,0.3221,0.049,0.5836,0.3675
Bombs Ballet,PAYER,40-99,4,2,5,2,913,0.6855,0.748,0.5248,0.964,0.6854
Bombs Ballet,PAYER,40-99,4,3,5,2,913,0.9694,1.0,0.9998,1.0,0.9693
Bombs Ballet,PAYER,40-99,4,4,5,2,913,0.9996,1.0,1.0,1.0,0.9996
Bombs Ballet,PAYER,40-99,4,5,5,1,7,1.0,1.0,1.0,1.0,1.0
Bombs Ballet,NONPAYER,100+,5,1,5,2,528,0.4213,0.4283,0.1301,0.6496,0.422
Bombs Ballet,NONPAYER,100+,5,2,5,2,528,0.7362,0.8506,0.5998,1.0,0.7373
Bombs Ballet,NONPAYER,100+,5,3,5,2,528,0.9738,1.0,1.0,1.0,0.974
Bombs Ballet,NONPAYER,100+,5,4,5,2,528,0.9999,1.0,1.0,1.0,0.9999
Bombs Ballet,NONPAYER,100+,5,5,5,1,4,1.0,1.0,1.0,1.0,1.0
Bombs Ballet,PAYER,100+,5,1,4,1,144,0.3627,0.3219,0.0,0.6462,0.3631
Bombs Ballet,PAYER,100+,5,2,4,1,144,0.6985,0.8573,0.5443,1.0,0.6992
Bombs Ballet,PAYER,100+,5,3,4,1,144,0.9746,1.0,1.0,1.0,0.9751
Bombs Ballet,PAYER,100+,5,4,4,1,144,1.0,1.0,1.0,1.0,1.0
Chuck,NONPAYER,0-9,1,1,3,2,9623,0.4302,0.3606,0.0,0.9068,0.4291
Chuck,NONPAYER,0-9,1,2,3,2,9623,0.934,1.0,1.0,1.0,0.9333
Chuck,NONPAYER,0-9,1,3,3,2,9623,1.0,1.0,1.0,1.0,1.0
Chuck,PAYER,0-9,1,1,3,2,3661,0.4361,0.3829,0.0,0.8385,0.4352
Chuck,PAYER,0-9,1,2,3,2,3661,0.9346,1.0,1.0,1.0,0.934
Chuck,PAYER,0-9,1,3,3,2,3661,1.0,1.0,1.0,1.0,1.0
Chuck,NONPAYER,10-19,2,1,3,2,10175,0.4503,0.4283,0.0215,0.7874,0.4499
Chuck,NONPAYER,10-19,2,2,3,2,10175,0.9412,1.0,0.9996,1.0,0.9415
Chuck,NONPAYER,10-19,2,3,3,2,10175,1.0,1.0,1.0,1.0,1.0
Chuck,PAYER,10-19,2,1,3,2,2728,0.4549,0.4386,0.0515,0.7738,0.4543
Chuck,PAYER,10-19,2,2,3,2,2728,0.9406,1.0,1.0,1.0,0.9405
Chuck,PAYER,10-19,2,3,3,2,2728,1.0,1.0,1.0,1.0,1.0
Chuck,NONPAYER,20-39,3,1,3,2,8132,0.4651,0.4575,0.154,0.7372,0.4657
Chuck,NONPAYER,20-39,3,2,3,2,8132,0.9475,1.0,0.993,1.0,0.9476
Chuck,NONPAYER,20-39,3,3,3,2,8132,1.0,1.0,1.0,1.0,1.0
Chuck,PAYER,20-39,3,1,3,2,1993,0.4488,0.4361,0.1049,0.7325,0.4487
Chuck,PAYER,20-39,3,2,3,2,1993,0.9416,1.0,0.9898,1.0,0.9421
Chuck,PAYER,20-39,3,3,3,2,1993,1.0,1.0,1.0,1.0,1.0
Chuck,NONPAYER,40-99,4,1,3,2,4390,0.4885,0.4909,0.2741,0.6993,0.4899
Chuck,NONPAYER,40-99,4,2,3,2,4390,0.9563,1.0,0.9823,1.0,0.9567
Chuck,NONPAYER,40-99,4,3,3,2,4390,1.0,1.0,1.0,1.0,1.0
Chuck,PAYER,40-99,4,1,3,2,1203,0.4808,0.482,0.2273,0.7244,0.4812
Chuck,PAYER,40-99,4,2,3,2,1203,0.9491,1.0,0.9842,1.0,0.9499
Chuck,PAYER,40-99,4,3,3,2,1203,1.0,1.0,1.0,1.0,1.0
Chuck,NONPAYER,100+,5,1,3,2,685,0.4708,0.4875,0.2709,0.665,0.4737
Chuck,NONPAYER,100+,5,2,3,2,685,0.9445,1.0,0.9541,1.0,0.9462
Chuck,NONPAYER,100+,5,3,3,2,685,1.0,1.0,1.0,1.0,1.0
Chuck,PAYER,100+,5,1,3,2,190,0.4535,0.4797,0.2592,0.6696,0.4541
Chuck,PAYER,100+,5,2,3,2,190,0.9555,1.0,0.9637,1.0,0.9565
Chuck,PAYER,100+,5,3,3,2,190,1.0,1.0,1.0,1.0,1.0
Dream Heist,NONPAYER,0-9,1,1,2,92,24511,0.9477,1.0,1.0,1.0,0.95
Dream Heist,NONPAYER,0-9,1,2,2,92,24511,1.0,1.0,1.0,1.0,1.0
Dream Heist,PAYER,0-9,1,1,2,94,7604,0.9483,1.0,1.0,1.0,0.9502
Dream Heist,PAYER,0-9,1,2,2,94,7604,1.0,1.0,1.0,1.0,1.0
Dream Heist,NONPAYER,10-19,2,1,2,99,25027,0.9496,1.0,1.0,1.0,0.9534
Dream Heist,NONPAYER,10-19,2,2,2,99,25027,1.0,1.0,1.0,1.0,1.0
Dream Heist,PAYER,10-19,2,1,2,99,6822,0.9507,1.0,1.0,1.0,0.9537
Dream Heist,PAYER,10-19,2,2,2,99,6822,1.0,1.0,1.0,1.0,1.0
Dream Heist,NONPAYER,20-39,3,1,2,101,19778,0.952,1.0,1.0,1.0,0.9566
Dream Heist,NONPAYER,20-39,3,2,2,101,19778,1.0,1.0,1.0,1.0,1.0
Dream Heist,PAYER,20-39,3,1,2,96,4987,0.9518,1.0,1.0,1.0,0.9563
Dream Heist,PAYER,20-39,3,2,2,96,4987,1.0,1.0,1.0,1.0,1.0
Dream Heist,NONPAYER,40-99,4,1,2,104,10762,0.9592,1.0,0.9996,1.0,0.9636
Dream Heist,NONPAYER,40-99,4,2,2,104,10762,1.0,1.0,1.0,1.0,1.0
Dream Heist,PAYER,40-99,4,1,2,102,2698,0.9585,1.0,1.0,1.0,0.9631
Dream Heist,PAYER,40-99,4,2,2,102,2698,1.0,1.0,1.0,1.0,1.0
Dream Heist,NONPAYER,100+,5,1,2,97,2147,0.9663,1.0,0.9983,1.0,0.97
Dream Heist,NONPAYER,100+,5,2,2,97,2147,1.0,1.0,1.0,1.0,1.0
Dream Heist,PAYER,100+,5,1,2,86,557,0.9626,1.0,0.9999,1.0,0.9669
Dream Heist,PAYER,100+,5,2,2,86,557,1.0,1.0,1.0,1.0,1.0
Flash Race,NONPAYER,0-9,1,1,2,17,11078,0.9407,1.0,1.0,1.0,0.9407
Flash Race,NONPAYER,0-9,1,2,2,17,11078,1.0,1.0,1.0,1.0,1.0
Flash Race,PAYER,0-9,1,1,2,15,4312,0.94,1.0,1.0,1.0,0.94
Flash Race,PAYER,0-9,1,2,2,15,4312,1.0,1.0,1.0,1.0,1.0
Flash Race,NONPAYER,10-19,2,1,2,17,13362,0.9491,1.0,1.0,1.0,0.9491
Flash Race,NONPAYER,10-19,2,2,2,17,13362,1.0,1.0,1.0,1.0,1.0
Flash Race,PAYER,10-19,2,1,2,15,3960,0.9473,1.0,1.0,1.0,0.9473
Flash Race,PAYER,10-19,2,2,2,15,3960,1.0,1.0,1.0,1.0,1.0
Flash Race,NONPAYER,20-39,3,1,2,14,11446,0.9575,1.0,1.0,1.0,0.9575
Flash Race,NONPAYER,20-39,3,2,2,14,11446,1.0,1.0,1.0,1.0,1.0
Flash Race,PAYER,20-39,3,1,2,13,2970,0.9634,1.0,1.0,1.0,0.9634
Flash Race,PAYER,20-39,3,2,2,13,2970,1.0,1.0,1.0,1.0,1.0
Flash Race,NONPAYER,40-99,4,1,2,14,6837,0.9725,1.0,1.0,1.0,0.9725
Flash Race,NONPAYER,40-99,4,2,2,14,6837,1.0,1.0,1.0,1.0,1.0
Flash Race,PAYER,40-99,4,1,2,13,1766,0.9773,1.0,1.0,1.0,0.9773
Flash Race,PAYER,40-99,4,2,2,13,1766,1.0,1.0,1.0,1.0,1.0
Flash Race,NONPAYER,100+,5,1,2,10,1241,0.9859,1.0,1.0,1.0,0.9859
Flash Race,NONPAYER,100+,5,2,2,10,1241,1.0,1.0,1.0,1.0,1.0
Flash Race,PAYER,100+,5,1,2,9,334,0.9816,1.0,1.0,1.0,0.9816
Flash Race,PAYER,100+,5,2,2,9,334,1.0,1.0,1.0,1.0,1.0
Flock Flurry,NONPAYER,0-9,1,1,2,20,10442,0.9595,1.0,1.0,1.0,0.9594
Flock Flurry,NONPAYER,0-9,1,2,2,20,10442,1.0,1.0,1.0,1.0,1.0
Flock Flurry,PAYER,0-9,1,1,2,22,4159,0.9601,1.0,1.0,1.0,0.9602
Flock Flurry,PAYER,0-9,1,2,2,22,4159,1.0,1.0,1.0,1.0,1.0
Flock Flurry,NONPAYER,10-19,2,1,2,22,14009,0.9681,1.0,1.0,1.0,0.9682
Flock Flurry,NONPAYER,10-19,2,2,2,22,14009,1.0,1.0,1.0,1.0,1.0
Flock Flurry,PAYER,10-19,2,1,2,22,4185,0.9633,1.0,1.0,1.0,0.9635
Flock Flurry,PAYER,10-19,2,2,2,22,4185,1.0,1.0,1.0,1.0,1.0
Flock Flurry,NONPAYER,20-39,3,1,2,21,12384,0.9764,1.0,1.0,1.0,0.9765
Flock Flurry,NONPAYER,20-39,3,2,2,21,12384,1.0,1.0,1.0,1.0,1.0
Flock Flurry,PAYER,20-39,3,1,2,19,3308,0.9707,1.0,1.0,1.0,0.9711
Flock Flurry,PAYER,20-39,3,2,2,19,3308,1.0,1.0,1.0,1.0,1.0
Flock Flurry,NONPAYER,40-99,4,1,2,20,7437,0.9853,1.0,1.0,1.0,0.9854
Flock Flurry,NONPAYER,40-99,4,2,2,20,7437,1.0,1.0,1.0,1.0,1.0
Flock Flurry,PAYER,40-99,4,1,2,18,2023,0.9813,1.0,1.0,1.0,0.9811
Flock Flurry,PAYER,40-99,4,2,2,18,2023,1.0,1.0,1.0,1.0,1.0
Flock Flurry,NONPAYER,100+,5,1,2,15,1373,0.9873,1.0,1.0,1.0,0.9874
Flock Flurry,NONPAYER,100+,5,2,2,15,1373,1.0,1.0,1.0,1.0,1.0
Flock Flurry,PAYER,100+,5,1,2,12,385,0.9905,1.0,1.0,1.0,0.9906
Flock Flurry,PAYER,100+,5,2,2,12,385,1.0,1.0,1.0,1.0,1.0
Hatchling Hideaway,NONPAYER,0-9,1,1,5,6,16663,0.219,0.03,0.0,0.3432,0.2192
Hatchling Hideaway,NONPAYER,0-9,1,2,5,6,16663,0.4589,0.4375,0.02,0.8326,0.459
Hatchling Hideaway,NONPAYER,0-9,1,3,5,6,16663,0.7025,0.8456,0.4958,1.0,0.7021
Hatchling Hideaway,NONPAYER,0-9,1,4,5,6,16663,0.968,1.0,1.0,1.0,0.9678
Hatchling Hideaway,NONPAYER,0-9,1,5,5,3,16630,1.0,1.0,1.0,1.0,1.0
Hatchling Hideaway,PAYER,0-9,1,1,5,5,5696,0.2348,0.1055,0.0,0.3772,0.2342
Hatchling Hideaway,PAYER,0-9,1,2,5,5,5696,0.4737,0.473,0.1304,0.7741,0.4727
Hatchling Hideaway,PAYER,0-9,1,3,5,5,5696,0.7157,0.8209,0.5413,1.0,0.7147
Hatchling Hideaway,PAYER,0-9,1,4,5,5,5696,0.9716,1.0,1.0,1.0,0.9712
Hatchling Hideaway,PAYER,0-9,1,5,5,3,5686,1.0,1.0,1.0,1.0,1.0
Hatchling Hideaway,NONPAYER,10-19,2,1,5,6,18355,0.252,0.1549,0.0,0.3937,0.2526
Hatchling Hideaway,NONPAYER,10-19,2,2,5,6,18355,0.501,0.5013,0.2232,0.7842,0.5017
Hatchling Hideaway,NONPAYER,10-19,2,3,5,6,18355,0.7405,0.832,0.6032,1.0,0.7409
Hatchling Hideaway,NONPAYER,10-19,2,4,5,6,18355,0.9751,1.0,1.0,1.0,0.975
Hatchling Hideaway,NONPAYER,10-19,2,5,5,3,18321,1.0,1.0,1.0,1.0,1.0
Hatchling Hideaway,PAYER,10-19,2,1,5,6,4919,0.2601,0.1721,0.0,0.4088,0.2608
Hatchling Hideaway,PAYER,10-19,2,2,5,6,4919,0.511,0.5194,0.2549,0.7786,0.5115
Hatchling Hideaway,PAYER,10-19,2,3,5,6,4919,0.7501,0.8433,0.6211,1.0,0.7502
Hatchling Hideaway,PAYER,10-19,2,4,5,6,4919,0.978,1.0,1.0,1.0,0.978
Hatchling Hideaway,PAYER,10-19,2,5,5,3,4914,1.0,1.0,1.0,1.0,1.0
Hatchling Hideaway,NONPAYER,20-39,3,1,5,6,14749,0.2792,0.216,0.0005,0.4283,0.2799
Hatchling Hideaway,NONPAYER,20-39,3,2,5,6,14749,0.548,0.5639,0.3143,0.8262,0.5487
Hatchling Hideaway,NONPAYER,20-39,3,3,5,6,14749,0.7798,0.879,0.6693,1.0,0.7803
Hatchling Hideaway,NONPAYER,20-39,3,4,5,6,14749,0.9809,1.0,1.0,1.0,0.9809
Hatchling Hideaway,NONPAYER,20-39,3,5,5,3,14734,1.0,1.0,1.0,1.0,1.0
Hatchling Hideaway,PAYER,20-39,3,1,5,6,3689,0.2939,0.2238,0.0,0.4671,0.2949
Hatchling Hideaway,PAYER,20-39,3,2,5,6,3689,0.5635,0.5957,0.319,0.8711,0.5643
Hatchling Hideaway,PAYER,20-39,3,3,5,6,3689,0.7844,0.907,0.6763,1.0,0.7848
Hatchling Hideaway,PAYER,20-39,3,4,5,6,3689,0.9821,1.0,1.0,1.0,0.9823
Hatchling Hideaway,PAYER,20-39,3,5,5,3,3680,1.0,1.0,1.0,1.0,1.0
Hatchling Hideaway,NONPAYER,40-99,4,1,5,6,8071,0.3985,0.3646,0.0831,0.6291,0.3995
Hatchling Hideaway,NONPAYER,40-99,4,2,5,6,8071,0.6833,0.7695,0.4793,1.0,0.6841
Hatchling Hideaway,NONPAYER,40-99,4,3,5,6,8071,0.8613,1.0,0.8091,1.0,0.8619
Hatchling Hideaway,NONPAYER,40-99,4,4,5,6,8071,0.9896,1.0,1.0,1.0,0.9897
Hatchling Hideaway,NONPAYER,40-99,4,5,5,3,8058,1.0,1.0,1.0,1.0,1.0
Hatchling Hideaway,PAYER,40-99,4,1,5,6,2063,0.4282,0.3979,0.0413,0.7146,0.4286
Hatchling Hideaway,PAYER,40-99,4,2,5,6,2063,0.7087,0.8537,0.4971,1.0,0.709
Hatchling Hideaway,PAYER,40-99,4,3,5,6,2063,0.8715,1.0,0.8574,1.0,0.8716
Hatchling Hideaway,PAYER,40-99,4,4,5,6,2063,0.9892,1.0,1.0,1.0,0.9891
Hatchling Hideaway,PAYER,40-99,4,5,5,3,2059,1.0,1.0,1.0,1.0,1.0
Hatchling Hideaway,NONPAYER,100+,5,1,5,3,1408,0.4734,0.4639,0.0,0.9429,0.4745
Hatchling Hideaway,NONPAYER,100+,5,2,5,3,1408,0.7078,1.0,0.3902,1.0,0.7086
Hatchling Hideaway,NONPAYER,100+,5,3,5,3,1408,0.8586,1.0,0.9535,1.0,0.8593
Hatchling Hideaway,NONPAYER,100+,5,4,5,3,1408,0.9829,1.0,1.0,1.0,0.9831
Hatchling Hideaway,NONPAYER,100+,5,5,5,3,1408,1.0,1.0,1.0,1.0,1.0
Hatchling Hideaway,PAYER,100+,5,1,5,4,370,0.533,0.5922,0.0,1.0,0.5336
Hatchling Hideaway,PAYER,100+,5,2,5,4,370,0.7534,1.0,0.6032,1.0,0.7536
Hatchling Hideaway,PAYER,100+,5,3,5,4,370,0.8914,1.0,1.0,1.0,0.8919
Hatchling Hideaway,PAYER,100+,5,4,5,4,370,0.9948,1.0,1.0,1.0,0.9949
Hatchling Hideaway,PAYER,100+,5,5,5,3,369,1.0,1.0,1.0,1.0,1.0
Jigsaw,NONPAYER,0-9,1,1,5,2,7972,0.3046,0.1341,0.0,0.54,0.3045
Jigsaw,NONPAYER,0-9,1,2,5,2,7972,0.6262,0.727,0.3073,1.0,0.6261
Jigsaw,NONPAYER,0-9,1,3,5,2,7972,0.9625,1.0,1.0,1.0,0.9625
Jigsaw,NONPAYER,0-9,1,4,5,2,7972,0.9997,1.0,1.0,1.0,0.9997
Jigsaw,NONPAYER,0-9,1,5,5,1,40,1.0,1.0,1.0,1.0,1.0
Jigsaw,PAYER,0-9,1,1,5,2,3036,0.3128,0.1887,0.0,0.5364,0.3128
Jigsaw,PAYER,0-9,1,2,5,2,3036,0.6261,0.714,0.3433,1.0,0.6261
Jigsaw,PAYER,0-9,1,3,5,2,3036,0.9602,1.0,1.0,1.0,0.9602
Jigsaw,PAYER,0-9,1,4,5,2,3036,0.9998,1.0,1.0,1.0,0.9998
Jigsaw,PAYER,0-9,1,5,5,1,29,1.0,1.0,1.0,1.0,1.0
Jigsaw,NONPAYER,10-19,2,1,5,2,7582,0.3254,0.2327,0.0,0.5454,0.3254
Jigsaw,NONPAYER,10-19,2,2,5,2,7582,0.6377,0.7107,0.3962,0.9991,0.6376
Jigsaw,NONPAYER,10-19,2,3,5,2,7582,0.963,1.0,1.0,1.0,0.963
Jigsaw,NONPAYER,10-19,2,4,5,2,7582,0.9998,1.0,1.0,1.0,0.9998
Jigsaw,NONPAYER,10-19,2,5,5,1,43,1.0,1.0,1.0,1.0,1.0
Jigsaw,PAYER,10-19,2,1,5,2,2076,0.3484,0.2695,0.0,0.5941,0.3484
Jigsaw,PAYER,10-19,2,2,5,2,2076,0.6702,0.763,0.4626,1.0,0.6703
Jigsaw,PAYER,10-19,2,3,5,2,2076,0.9693,1.0,1.0,1.0,0.9693
Jigsaw,PAYER,10-19,2,4,5,2,2076,0.9997,1.0,1.0,1.0,0.9997
Jigsaw,PAYER,10-19,2,5,5,1,15,1.0,1.0,1.0,1.0,1.0
Jigsaw,NONPAYER,20-39,3,1,5,2,5950,0.3434,0.2959,0.0082,0.5378,0.3434
Jigsaw,NONPAYER,20-39,3,2,5,2,5950,0.6524,0.704,0.4649,0.9586,0.6524
Jigsaw,NONPAYER,20-39,3,3,5,2,5950,0.9662,1.0,0.9995,1.0,0.9662
Jigsaw,NONPAYER,20-39,3,4,5,2,5950,0.9998,1.0,1.0,1.0,0.9998
Jigsaw,NONPAYER,20-39,3,5,5,1,22,1.0,1.0,1.0,1.0,1.0
Jigsaw,PAYER,20-39,3,1,5,2,1415,0.3371,0.2727,0.0006,0.5531,0.3372
Jigsaw,PAYER,20-39,3,2,5,2,1415,0.6468,0.7132,0.4545,0.9541,0.6469
Jigsaw,PAYER,20-39,3,3,5,2,1415,0.9624,1.0,1.0,1.0,0.9624
Jigsaw,PAYER,20-39,3,4,5,2,1415,0.9996,1.0,1.0,1.0,0.9996
Jigsaw,PAYER,20-39,3,5,5,1,13,1.0,1.0,1.0,1.0,1.0
Jigsaw,NONPAYER,40-99,4,1,5,2,3397,0.3717,0.3467,0.1264,0.5555,0.3719
Jigsaw,NONPAYER,40-99,4,2,5,2,3397,0.695,0.7519,0.5424,0.9455,0.6952
Jigsaw,NONPAYER,40-99,4,3,5,2,3397,0.9759,1.0,0.9993,1.0,0.9759
Jigsaw,NONPAYER,40-99,4,4,5,2,3397,0.9999,1.0,1.0,1.0,0.9999
Jigsaw,NONPAYER,40-99,4,5,5,1,19,1.0,1.0,1.0,1.0,1.0
Jigsaw,PAYER,40-99,4,1,5,2,833,0.3717,0.3326,0.106,0.5617,0.3719
Jigsaw,PAYER,40-99,4,2,5,2,833,0.7034,0.7664,0.5463,0.9773,0.7036
Jigsaw,PAYER,40-99,4,3,5,2,833,0.9759,1.0,1.0,1.0,0.976
Jigsaw,PAYER,40-99,4,4,5,2,833,1.0,1.0,1.0,1.0,1.0
Jigsaw,PAYER,40-99,4,5,5,1,8,1.0,1.0,1.0,1.0,1.0
Jigsaw,NONPAYER,100+,5,1,5,2,598,0.4212,0.4391,0.0,0.7165,0.4217
Jigsaw,NONPAYER,100+,5,2,5,2,598,0.751,0.9587,0.6137,1.0,0.752
Jigsaw,NONPAYER,100+,5,3,5,2,598,0.9809,1.0,1.0,1.0,0.9809
Jigsaw,NONPAYER,100+,5,4,5,2,598,0.9993,1.0,1.0,1.0,0.9994
Jigsaw,NONPAYER,100+,5,5,5,1,3,1.0,1.0,1.0,1.0,1.0
Jigsaw,PAYER,100+,5,1,4,1,151,0.4505,0.4501,0.0005,0.7805,0.4512
Jigsaw,PAYER,100+,5,2,4,1,151,0.7766,0.9996,0.6684,1.0,0.7772
Jigsaw,PAYER,100+,5,3,4,1,151,0.9872,1.0,1.0,1.0,0.9874
Jigsaw,PAYER,100+,5,4,4,1,151,1.0,1.0,1.0,1.0,1.0
Level Race,NONPAYER,0-9,1,1,2,2,4,1.0,1.0,1.0,1.0,1.0
Level Race,NONPAYER,0-9,1,2,2,2,4,1.0,1.0,1.0,1.0,1.0
Level Race,PAYER,0-9,1,1,2,2,10,0.8438,1.0,0.9375,1.0,0.8438
Level Race,PAYER,0-9,1,2,2,2,10,1.0,1.0,1.0,1.0,1.0
Level Race,NONPAYER,10-19,2,1,2,2,6,0.9023,1.0,0.9444,1.0,0.8557
Level Race,NONPAYER,10-19,2,2,2,2,6,1.0,1.0,1.0,1.0,1.0
Level Race,PAYER,10-19,2,1,2,2,5,0.8,1.0,1.0,1.0,0.8
Level Race,PAYER,10-19,2,2,2,2,5,1.0,1.0,1.0,1.0,1.0
Level Race,NONPAYER,20-39,3,1,2,2,6,0.9567,1.0,0.9452,1.0,0.9567
Level Race,NONPAYER,20-39,3,2,2,2,6,1.0,1.0,1.0,1.0,1.0
Level Race,PAYER,20-39,3,1,2,1,2,0.9878,1.0,0.9756,1.0,0.9878
Level Race,PAYER,20-39,3,2,2,1,2,1.0,1.0,1.0,1.0,1.0
Level Race,NONPAYER,40-99,4,1,2,2,6,0.7836,1.0,0.5745,1.0,0.7836
Level Race,NONPAYER,40-99,4,2,2,2,6,1.0,1.0,1.0,1.0,1.0
Level Race,PAYER,40-99,4,1,2,1,4,0.9707,1.0,0.9529,1.0,0.9767
Level Race,PAYER,40-99,4,2,2,1,4,1.0,1.0,1.0,1.0,1.0
Level Race,NONPAYER,100+,5,1,2,1,1,1.0,1.0,1.0,1.0,1.0
Level Race,NONPAYER,100+,5,2,2,1,1,1.0,1.0,1.0,1.0,1.0
Milestone,NONPAYER,0-9,1,1,5,3,17685,0.2309,0.0444,0.0,0.3656,0.2306
Milestone,NONPAYER,0-9,1,2,5,3,17685,0.4777,0.4623,0.0363,0.882,0.4773
Milestone,NONPAYER,0-9,1,3,5,3,17685,0.7214,0.8766,0.532,1.0,0.7211
Milestone,NONPAYER,0-9,1,4,5,3,17685,0.9743,1.0,1.0,1.0,0.9742
Milestone,NONPAYER,0-9,1,5,5,3,17685,1.0,1.0,1.0,1.0,1.0
Milestone,PAYER,0-9,1,1,5,3,5887,0.2463,0.1244,0.0,0.3965,0.2457
Milestone,PAYER,0-9,1,2,5,3,5887,0.4883,0.4878,0.1543,0.8016,0.4877
Milestone,PAYER,0-9,1,3,5,3,5887,0.7292,0.8403,0.5628,1.0,0.7288
Milestone,PAYER,0-9,1,4,5,3,5887,0.9772,1.0,1.0,1.0,0.9772
Milestone,PAYER,0-9,1,5,5,3,5887,1.0,1.0,1.0,1.0,1.0
Milestone,NONPAYER,10-19,2,1,5,3,18555,0.2595,0.1636,0.0,0.4064,0.2583
Milestone,NONPAYER,10-19,2,2,5,3,18555,0.5078,0.5112,0.2353,0.7939,0.5061
Milestone,NONPAYER,10-19,2,3,5,3,18555,0.7449,0.8373,0.611,1.0,0.7437
Milestone,NONPAYER,10-19,2,4,5,3,18555,0.9791,1.0,1.0,1.0,0.979
Milestone,NONPAYER,10-19,2,5,5,3,18555,1.0,1.0,1.0,1.0,1.0
Milestone,PAYER,10-19,2,1,5,3,4952,0.2664,0.1818,0.0,0.4207,0.2649
Milestone,PAYER,10-19,2,2,5,3,4952,0.5154,0.5272,0.2572,0.7863,0.5127
Milestone,PAYER,10-19,2,3,5,3,4952,0.7534,0.8448,0.6261,1.0,0.7511
Milestone,PAYER,10-19,2,4,5,3,4952,0.9821,1.0,1.0,1.0,0.982
Milestone,PAYER,10-19,2,5,5,3,4952,1.0,1.0,1.0,1.0,1.0
Milestone,NONPAYER,20-39,3,1,5,3,14771,0.2657,0.203,0.0007,0.3947,0.2636
Milestone,NONPAYER,20-39,3,2,5,3,14771,0.5186,0.5249,0.3062,0.7495,0.5165
Milestone,NONPAYER,20-39,3,3,5,3,14771,0.7547,0.8185,0.6455,0.9949,0.7535
Milestone,NONPAYER,20-39,3,4,5,3,14771,0.9821,1.0,1.0,1.0,0.9821
Milestone,NONPAYER,20-39,3,5,5,3,14771,1.0,1.0,1.0,1.0,1.0
Milestone,PAYER,20-39,3,1,5,3,3684,0.2737,0.2048,0.0,0.4216,0.2713
Milestone,PAYER,20-39,3,2,5,3,3684,0.5239,0.5433,0.3027,0.7709,0.5209
Milestone,PAYER,20-39,3,3,5,3,3684,0.7527,0.8292,0.6432,0.9976,0.7508
Milestone,PAYER,20-39,3,4,5,3,3684,0.9835,1.0,1.0,1.0,0.9833
Milestone,PAYER,20-39,3,5,5,3,3684,1.0,1.0,1.0,1.0,1.0
Milestone,NONPAYER,40-99,4,1,5,3,8430,0.2861,0.2528,0.0645,0.4103,0.2853
Milestone,NONPAYER,40-99,4,2,5,3,8430,0.5394,0.5501,0.3777,0.7294,0.5396
Milestone,NONPAYER,40-99,4,3,5,3,8430,0.7698,0.8152,0.6786,0.9545,0.7703
Milestone,NONPAYER,40-99,4,4,5,3,8430,0.9866,1.0,0.9996,1.0,0.9867
Milestone,NONPAYER,40-99,4,5,5,3,8430,1.0,1.0,1.0,1.0,1.0
Milestone,PAYER,40-99,4,1,5,3,2132,0.2966,0.2586,0.0297,0.4374,0.2948
Milestone,PAYER,40-99,4,2,5,3,2132,0.5494,0.5708,0.3668,0.7687,0.5486
Milestone,PAYER,40-99,4,3,5,3,2132,0.7721,0.8313,0.6834,0.9744,0.7719
Milestone,PAYER,40-99,4,4,5,3,2132,0.9857,1.0,1.0,1.0,0.9857
Milestone,PAYER,40-99,4,5,5,3,2132,1.0,1.0,1.0,1.0,1.0
Milestone,NONPAYER,100+,5,1,5,3,1391,0.2312,0.1966,0.0,0.3636,0.2328
Milestone,NONPAYER,100+,5,2,5,3,1391,0.4721,0.5179,0.1292,0.7009,0.4747
Milestone,NONPAYER,100+,5,3,5,3,1391,0.7274,0.8093,0.6475,0.949,0.7305
Milestone,NONPAYER,100+,5,4,5,3,1391,0.9793,1.0,0.9983,1.0,0.9799
Milestone,NONPAYER,100+,5,5,5,3,1391,1.0,1.0,1.0,1.0,1.0
Milestone,PAYER,100+,5,1,5,3,361,0.2798,0.2408,0.0,0.4611,0.2809
Milestone,PAYER,100+,5,2,5,3,361,0.526,0.5774,0.3088,0.7681,0.5274
Milestone,PAYER,100+,5,3,5,3,361,0.7518,0.8483,0.6659,0.9781,0.7536
Milestone,PAYER,100+,5,4,5,3,361,0.9869,1.0,1.0,1.0,0.9872
Milestone,PAYER,100+,5,5,5,3,361,1.0,1.0,1.0,1.0,1.0
Photoshoot,NONPAYER,0-9,1,1,5,1,47,0.2343,0.0,0.0,0.5,0.2346
Photoshoot,NONPAYER,0-9,1,2,5,1,47,0.4327,0.359,0.0,0.9091,0.4328
Photoshoot,NONPAYER,0-9,1,3,5,1,47,0.5938,0.5455,0.3333,1.0,0.595
Photoshoot,NONPAYER,0-9,1,4,5,1,47,0.9214,1.0,1.0,1.0,0.922
Photoshoot,NONPAYER,0-9,1,5,5,1,47,1.0,1.0,1.0,1.0,1.0
Photoshoot,PAYER,0-9,1,1,5,1,40,0.3044,0.1304,0.0,0.5455,0.3045
Photoshoot,PAYER,0-9,1,2,5,1,40,0.4622,0.4569,0.1333,0.8667,0.4627
Photoshoot,PAYER,0-9,1,3,5,1,40,0.6177,0.7069,0.25,1.0,0.6187
Photoshoot,PAYER,0-9,1,4,5,1,40,0.9789,1.0,1.0,1.0,0.9789
Photoshoot,PAYER,0-9,1,5,5,1,40,1.0,1.0,1.0,1.0,1.0
Photoshoot,NONPAYER,10-19,2,1,5,1,56,0.1923,0.0955,0.0,0.3165,0.1921
Photoshoot,NONPAYER,10-19,2,2,5,1,56,0.4866,0.4848,0.2373,0.8,0.4876
Photoshoot,NONPAYER,10-19,2,3,5,1,56,0.6968,0.8235,0.5455,0.9609,0.6979
Photoshoot,NONPAYER,10-19,2,4,5,1,56,0.9822,1.0,1.0,1.0,0.9822
Photoshoot,NONPAYER,10-19,2,5,5,1,56,1.0,1.0,1.0,1.0,1.0
Photoshoot,PAYER,10-19,2,1,5,1,18,0.3605,0.1489,0.0,0.875,0.3615
Photoshoot,PAYER,10-19,2,2,5,1,18,0.6271,0.6899,0.3452,1.0,0.6274
Photoshoot,PAYER,10-19,2,3,5,1,18,0.7635,0.9157,0.6,1.0,0.7632
Photoshoot,PAYER,10-19,2,4,5,1,18,0.9791,1.0,0.9825,1.0,0.9792
Photoshoot,PAYER,10-19,2,5,5,1,18,1.0,1.0,1.0,1.0,1.0
Photoshoot,NONPAYER,20-39,3,1,5,1,48,0.2262,0.1521,0.0,0.4,0.2272
Photoshoot,NONPAYER,20-39,3,2,5,1,48,0.4622,0.4943,0.1399,0.7715,0.4625
Photoshoot,NONPAYER,20-39,3,3,5,1,48,0.674,0.7833,0.4444,1.0,0.6752
Photoshoot,NONPAYER,20-39,3,4,5,1,48,0.9954,1.0,1.0,1.0,0.9953
Photoshoot,NONPAYER,20-39,3,5,5,1,48,1.0,1.0,1.0,1.0,1.0
Photoshoot,PAYER,20-39,3,1,5,1,15,0.2481,0.1429,0.0786,0.4777,0.2476
Photoshoot,PAYER,20-39,3,2,5,1,15,0.4741,0.3571,0.2129,0.7925,0.4731
Photoshoot,PAYER,20-39,3,3,5,1,15,0.7534,0.7857,0.6368,0.9178,0.7526
Photoshoot,PAYER,20-39,3,4,5,1,15,0.994,1.0,0.995,1.0,0.994
Photoshoot,PAYER,20-39,3,5,5,1,15,1.0,1.0,1.0,1.0,1.0
Photoshoot,NONPAYER,40-99,4,1,5,1,20,0.2443,0.2321,0.1266,0.4202,0.2451
Photoshoot,NONPAYER,40-99,4,2,5,1,20,0.4412,0.4877,0.3731,0.6174,0.4416
Photoshoot,NONPAYER,40-99,4,3,5,1,20,0.6588,0.6779,0.5568,0.8574,0.6594
Photoshoot,NONPAYER,40-99,4,4,5,1,20,0.9873,1.0,1.0,1.0,0.987
Photoshoot,NONPAYER,40-99,4,5,5,1,20,1.0,1.0,1.0,1.0,1.0
Photoshoot,PAYER,40-99,4,1,5,1,10,0.1648,0.0,0.0,0.2168,0.1648
Photoshoot,PAYER,40-99,4,2,5,1,10,0.5523,0.7547,0.2195,0.9267,0.5513
Photoshoot,PAYER,40-99,4,3,5,1,10,0.7275,0.8673,0.5461,0.9952,0.7267
Photoshoot,PAYER,40-99,4,4,5,1,10,0.9978,1.0,0.9955,1.0,0.9979
Photoshoot,PAYER,40-99,4,5,5,1,10,1.0,1.0,1.0,1.0,1.0
Photoshoot,NONPAYER,100+,5,1,5,1,3,0.2012,0.0809,0.0,0.5226,0.2042
Photoshoot,NONPAYER,100+,5,2,5,1,3,0.3603,0.0809,0.0,1.0,0.3605
Photoshoot,NONPAYER,100+,5,3,5,1,3,0.5473,0.6063,0.0355,1.0,0.546
Photoshoot,NONPAYER,100+,5,4,5,1,3,0.9929,1.0,0.9787,1.0,0.9935
Photoshoot,NONPAYER,100+,5,5,5,1,3,1.0,1.0,1.0,1.0,1.0
Red,NONPAYER,0-9,1,1,3,5,9352,0.4225,0.3344,0.0,0.9216,0.4219
Red,NONPAYER,0-9,1,2,3,5,9352,0.9317,1.0,1.0,1.0,0.9315
Red,NONPAYER,0-9,1,3,3,2,9342,1.0,1.0,1.0,1.0,1.0
Red,PAYER,0-9,1,1,3,5,3591,0.4241,0.3662,0.0,0.82,0.4251
Red,PAYER,0-9,1,2,3,5,3591,0.9353,1.0,1.0,1.0,0.9351
Red,PAYER,0-9,1,3,3,2,3583,1.0,1.0,1.0,1.0,1.0
Red,NONPAYER,10-19,2,1,3,5,10151,0.4515,0.4319,0.025,0.7884,0.4515
Red,NONPAYER,10-19,2,2,3,5,10151,0.9434,1.0,1.0,1.0,0.9434
Red,NONPAYER,10-19,2,3,3,2,10134,1.0,1.0,1.0,1.0,1.0
Red,PAYER,10-19,2,1,3,5,2806,0.4465,0.4314,0.0309,0.7633,0.4467
Red,PAYER,10-19,2,2,3,5,2806,0.937,1.0,1.0,1.0,0.937
Red,PAYER,10-19,2,3,3,2,2799,1.0,1.0,1.0,1.0,1.0
Red,NONPAYER,20-39,3,1,3,5,7997,0.4632,0.4596,0.1467,0.7305,0.4618
Red,NONPAYER,20-39,3,2,3,5,7997,0.9466,1.0,0.9926,1.0,0.9465
Red,NONPAYER,20-39,3,3,3,2,7989,1.0,1.0,1.0,1.0,1.0
Red,PAYER,20-39,3,1,3,5,2001,0.4626,0.4554,0.1221,0.7537,0.4613
Red,PAYER,20-39,3,2,3,5,2001,0.9419,1.0,0.9898,1.0,0.9418
Red,PAYER,20-39,3,3,3,2,1994,1.0,1.0,1.0,1.0,1.0
Red,NONPAYER,40-99,4,1,3,5,4354,0.4816,0.4854,0.2701,0.6906,0.4821
Red,NONPAYER,40-99,4,2,3,5,4354,0.9533,1.0,0.9797,1.0,0.9534
Red,NONPAYER,40-99,4,3,3,2,4344,1.0,1.0,1.0,1.0,1.0
Red,PAYER,40-99,4,1,3,5,1139,0.4905,0.5082,0.2334,0.7409,0.4899
Red,PAYER,40-99,4,2,3,5,1139,0.9533,1.0,0.9864,1.0,0.9535
Red,PAYER,40-99,4,3,3,2,1136,1.0,1.0,1.0,1.0,1.0
Red,NONPAYER,100+,5,1,3,5,689,0.4766,0.4954,0.295,0.6642,0.4794
Red,NONPAYER,100+,5,2,3,5,689,0.9448,1.0,0.9663,1.0,0.946
Red,NONPAYER,100+,5,3,3,2,684,1.0,1.0,1.0,1.0,1.0
Red,PAYER,100+,5,1,3,2,179,0.4731,0.4876,0.2893,0.6994,0.4748
Red,PAYER,100+,5,2,3,2,179,0.9424,1.0,0.9576,1.0,0.9439
Red,PAYER,100+,5,3,3,2,179,1.0,1.0,1.0,1.0,1.0
River Rush,NONPAYER,0-9,1,1,8,1,93,0.1979,0.0,0.0,0.1,0.1992
River Rush,NONPAYER,0-9,1,2,8,1,93,0.3563,0.1074,0.0,0.7619,0.3525
River Rush,NONPAYER,0-9,1,3,8,1,93,0.4498,0.3793,0.0,1.0,0.4479
River Rush,NONPAYER,0-9,1,4,8,1,93,0.5702,0.6806,0.1316,1.0,0.5703
River Rush,NONPAYER,0-9,1,5,8,1,93,0.6831,0.8717,0.375,1.0,0.6818
River Rush,NONPAYER,0-9,1,6,8,1,93,0.814,1.0,0.7778,1.0,0.8175
River Rush,NONPAYER,0-9,1,7,8,1,93,0.9822,1.0,1.0,1.0,0.9832
River Rush,NONPAYER,0-9,1,8,8,1,93,1.0,1.0,1.0,1.0,1.0
River Rush,PAYER,0-9,1,1,8,1,62,0.216,0.0,0.0,0.25,0.2152
River Rush,PAYER,0-9,1,2,8,1,62,0.3715,0.1538,0.0,1.0,0.3788
River Rush,PAYER,0-9,1,3,8,1,62,0.4966,0.4643,0.0833,1.0,0.5022
River Rush,PAYER,0-9,1,4,8,1,62,0.5848,0.6113,0.2,1.0,0.5914
River Rush,PAYER,0-9,1,5,8,1,62,0.7146,0.8571,0.5,1.0,0.7143
River Rush,PAYER,0-9,1,6,8,1,62,0.8561,1.0,0.8214,1.0,0.8533
River Rush,PAYER,0-9,1,7,8,1,62,0.9949,1.0,1.0,1.0,0.995
River Rush,PAYER,0-9,1,8,8,1,62,1.0,1.0,1.0,1.0,1.0
River Rush,NONPAYER,10-19,2,1,8,1,106,0.1986,0.0,0.0,0.199,0.1904
River Rush,NONPAYER,10-19,2,2,8,1,106,0.3106,0.069,0.0,0.6597,0.3083
River Rush,NONPAYER,10-19,2,3,8,1,106,0.4278,0.2648,0.0,0.9524,0.4128
River Rush,NONPAYER,10-19,2,4,8,1,106,0.5539,0.6028,0.1192,0.9926,0.5405
River Rush,NONPAYER,10-19,2,5,8,1,106,0.6995,0.9265,0.4626,1.0,0.6812
River Rush,NONPAYER,10-19,2,6,8,1,106,0.8435,1.0,0.8118,1.0,0.8335
River Rush,NONPAYER,10-19,2,7,8,1,106,0.9969,1.0,1.0,1.0,0.9972
River Rush,NONPAYER,10-19,2,8,8,1,106,1.0,1.0,1.0,1.0,1.0
River Rush,PAYER,10-19,2,1,8,1,40,0.3427,0.0882,0.0,1.0,0.3491
River Rush,PAYER,10-19,2,2,8,1,40,0.5152,0.4057,0.0,1.0,0.5214
River Rush,PAYER,10-19,2,3,8,1,40,0.6483,0.9655,0.2121,1.0,0.6379
River Rush,PAYER,10-19,2,4,8,1,40,0.6813,0.9655,0.379,1.0,0.6696
River Rush,PAYER,10-19,2,5,8,1,40,0.7721,0.9771,0.6667,1.0,0.7617
River Rush,PAYER,10-19,2,6,8,1,40,0.9057,1.0,0.912,1.0,0.9031
River Rush,PAYER,10-19,2,7,8,1,40,0.9994,1.0,1.0,1.0,0.9996
River Rush,PAYER,10-19,2,8,8,1,40,1.0,1.0,1.0,1.0,1.0
River Rush,NONPAYER,20-39,3,1,8,1,80,0.1664,0.0,0.0,0.1854,0.1649
River Rush,NONPAYER,20-39,3,2,8,1,80,0.255,0.1183,0.0,0.4293,0.2528
River Rush,NONPAYER,20-39,3,3,8,1,80,0.4196,0.3391,0.0,0.7528,0.4105
River Rush,NONPAYER,20-39,3,4,8,1,80,0.5489,0.5371,0.2344,0.9855,0.5436
River Rush,NONPAYER,20-39,3,5,8,1,80,0.6487,0.7417,0.375,1.0,0.6443
River Rush,NONPAYER,20-39,3,6,8,1,80,0.8067,0.9672,0.7628,1.0,0.8025
River Rush,NONPAYER,20-39,3,7,8,1,80,0.9742,1.0,1.0,1.0,0.9769
River Rush,NONPAYER,20-39,3,8,8,1,80,1.0,1.0,1.0,1.0,1.0
River Rush,PAYER,20-39,3,1,8,1,31,0.125,0.0,0.0,0.1255,0.1087
River Rush,PAYER,20-39,3,2,8,1,31,0.2799,0.0023,0.0,0.6525,0.26
River Rush,PAYER,20-39,3,3,8,1,31,0.4063,0.3236,0.0,0.8169,0.3783
River Rush,PAYER,20-39,3,4,8,1,31,0.557,0.5969,0.0,0.9974,0.5261
River Rush,PAYER,20-39,3,5,8,1,31,0.6288,0.8184,0.1376,1.0,0.5886
River Rush,PAYER,20-39,3,6,8,1,31,0.773,0.9433,0.6713,1.0,0.7468
River Rush,PAYER,20-39,3,7,8,1,31,0.9971,1.0,1.0,1.0,0.997
River Rush,PAYER,20-39,3,8,8,1,31,1.0,1.0,1.0,1.0,1.0
River Rush,NONPAYER,40-99,4,1,8,1,30,0.197,0.0121,0.0,0.2554,0.1888
River Rush,NONPAYER,40-99,4,2,8,1,30,0.3305,0.2078,0.0,0.6839,0.3192
River Rush,NONPAYER,40-99,4,3,8,1,30,0.4151,0.3218,0.0,0.8255,0.4039
River Rush,NONPAYER,40-99,4,4,8,1,30,0.5492,0.5916,0.0,1.0,0.535
River Rush,NONPAYER,40-99,4,5,8,1,30,0.646,0.8163,0.0,1.0,0.6211
River Rush,NONPAYER,40-99,4,6,8,1,30,0.8241,0.993,0.8197,1.0,0.8022
River Rush,NONPAYER,40-99,4,7,8,1,30,0.9996,1.0,1.0,1.0,0.9995
River Rush,NONPAYER,40-99,4,8,8,1,30,1.0,1.0,1.0,1.0,1.0
River Rush,PAYER,40-99,4,1,8,1,27,0.2415,0.0584,0.0,0.4169,0.2282
River Rush,PAYER,40-99,4,2,8,1,27,0.3603,0.1825,0.0,0.72,0.3248
River Rush,PAYER,40-99,4,3,8,1,27,0.5018,0.5959,0.0584,0.8413,0.4372
River Rush,PAYER,40-99,4,4,8,1,27,0.6596,0.8084,0.4578,0.9847,0.6002
River Rush,PAYER,40-99,4,5,8,1,27,0.7976,0.9479,0.7156,1.0,0.7635
River Rush,PAYER,40-99,4,6,8,1,27,0.933,0.9825,0.9121,1.0,0.899
River Rush,PAYER,40-99,4,7,8,1,27,0.9996,1.0,1.0,1.0,0.9992
River Rush,PAYER,40-99,4,8,8,1,27,1.0,1.0,1.0,1.0,1.0
River Rush,NONPAYER,100+,5,1,8,1,2,0.3224,0.6447,0.0,0.6447,0.3043
River Rush,NONPAYER,100+,5,2,8,1,2,0.8224,1.0,0.6447,1.0,0.8043
River Rush,NONPAYER,100+,5,3,8,1,2,0.8224,1.0,0.6447,1.0,0.8043
River Rush,NONPAYER,100+,5,4,8,1,2,0.8224,1.0,0.6447,1.0,0.8043
River Rush,NONPAYER,100+,5,5,8,1,2,0.8224,1.0,0.6447,1.0,0.8043
River Rush,NONPAYER,100+,5,6,8,1,2,0.8224,1.0,0.6447,1.0,0.8043
River Rush,NONPAYER,100+,5,7,8,1,2,1.0,1.0,1.0,1.0,1.0
River Rush,NONPAYER,100+,5,8,8,1,2,1.0,1.0,1.0,1.0,1.0
Target Day,NONPAYER,0-9,1,1,2,12,17718,0.8882,1.0,1.0,1.0,0.8882
Target Day,NONPAYER,0-9,1,2,2,12,17718,1.0,1.0,1.0,1.0,1.0
Target Day,PAYER,0-9,1,1,2,11,5840,0.8826,1.0,1.0,1.0,0.8826
Target Day,PAYER,0-9,1,2,2,11,5840,1.0,1.0,1.0,1.0,1.0
Target Day,NONPAYER,10-19,2,1,2,12,17546,0.8877,1.0,0.9842,1.0,0.8877
Target Day,NONPAYER,10-19,2,2,2,12,17546,1.0,1.0,1.0,1.0,1.0
Target Day,PAYER,10-19,2,1,2,10,4787,0.8852,1.0,0.9807,1.0,0.8851
Target Day,PAYER,10-19,2,2,2,10,4787,1.0,1.0,1.0,1.0,1.0
Target Day,NONPAYER,20-39,3,1,2,12,13818,0.8899,1.0,0.9501,1.0,0.8899
Target Day,NONPAYER,20-39,3,2,2,12,13818,1.0,1.0,1.0,1.0,1.0
Target Day,PAYER,20-39,3,1,2,11,3422,0.8933,1.0,0.9666,1.0,0.8933
Target Day,PAYER,20-39,3,2,2,11,3422,1.0,1.0,1.0,1.0,1.0
Target Day,NONPAYER,40-99,4,1,2,12,7954,0.9036,1.0,0.9316,1.0,0.9036
Target Day,NONPAYER,40-99,4,2,2,12,7954,1.0,1.0,1.0,1.0,1.0
Target Day,PAYER,40-99,4,1,2,11,1971,0.8965,1.0,0.9275,1.0,0.8965
Target Day,PAYER,40-99,4,2,2,11,1971,1.0,1.0,1.0,1.0,1.0
Target Day,NONPAYER,100+,5,1,2,10,1447,0.9102,0.9974,0.8913,1.0,0.9102
Target Day,NONPAYER,100+,5,2,2,10,1447,1.0,1.0,1.0,1.0,1.0
Target Day,PAYER,100+,5,1,2,9,365,0.9047,0.9984,0.8956,1.0,0.9047
Target Day,PAYER,100+,5,2,2,9,365,1.0,1.0,1.0,1.0,1.0
