start_date,end_date,ab_group,segment,payer_flag,source,HC,Slingshot,Shuffle,Comet,Red,Chuck,Bomb,UL Bomb,UL Chuck,UL Red,Unlimited Lives,SPT,SPTx2,segment_players,segment_player_days,seg_rank,source_sort
2026-07-27,2026-08-16,Control,0-9,NONPAYER,Ads,11.0567,0.2498,0.2414,0.1132,0.0,0.0,0.0,0.0,0.0,0.0,3.6458,0.0,0.0,31059,127141,1,1
2026-07-27,2026-08-16,Control,0-9,NONPAYER,Bomb Challenge,0.8935,0.0876,0.0273,0.0014,0.0001,0.0,0.0,0.0,0.0,0.0,0.0,0.0,0.0,31059,127141,1,2
2026-07-27,2026-08-16,Control,0-9,NONPAYER,Bomb's Ballet,0.2085,0.0,0.0,0.0,0.0005,0.1897,0.0,0.0167,0.6265,1.1217,0.8785,0.0,0.0,31059,127141,1,3
2026-07-27,2026-08-16,Control,0-9,NONPAYER,Chuck Challenge,0.0885,0.0017,0.0015,0.0002,0.0,0.0,0.0,0.0,0.0,0.0,0.0,0.0,0.0,31059,127141,1,4
2026-07-27,2026-08-16,Control,0-9,NONPAYER,Core,13.9158,0.096,0.1536,0.0707,0.0512,0.0553,0.045,0.0,0.0,0.0,8.5821,287.8023,0.0,31059,127141,1,5
2026-07-27,2026-08-16,Control,0-9,NONPAYER,Daily Gift,65.0856,0.6324,0.4014,0.0595,0.0,0.0,0.0,1.6527,3.259,3.4232,60.3701,0.0,0.0217,31059,127141,1,6
2026-07-27,2026-08-16,Control,0-9,NONPAYER,Daily Night Sky Prize,12.0648,0.2159,0.0002,0.0001,0.7063,0.2158,0.0001,0.0,0.0003,0.0,30.7634,0.0,0.0,31059,127141,1,7
2026-07-27,2026-08-16,Control,0-9,NONPAYER,Flock Flurry,0.0,0.1019,0.0,0.0,0.1019,0.1019,0.1019,0.0,0.0,0.0,70.9282,1.7418,0.0,31059,127141,1,8
2026-07-27,2026-08-16,Control,0-9,NONPAYER,Hatchling Hideaway,1.3431,0.0061,0.0182,0.0029,0.4763,0.1134,0.0182,0.0,0.0293,0.0615,29.123,0.0,0.0,31059,127141,1,9
2026-07-27,2026-08-16,Control,0-9,NONPAYER,Jigsaw,0.2922,0.0,0.0,0.0,0.0029,0.2833,0.0,0.0282,1.0345,1.8566,1.4508,0.0,0.0,31059,127141,1,10
2026-07-27,2026-08-16,Control,0-9,NONPAYER,Kite Festival,0.322,0.005,0.002,0.0003,0.004,0.0026,0.0024,0.0,0.0,0.0,4.6941,2.4305,0.0,31059,127141,1,11
2026-07-27,2026-08-16,Control,0-9,NONPAYER,Level Race,0.0,0.0,0.0,0.0,0.0,0.0,0.0,0.0,0.0,0.0,0.0,0.0,0.0,31059,127141,1,12
2026-07-27,2026-08-16,Control,0-9,NONPAYER,Other,4.8452,0.1276,0.0599,0.0218,0.6086,0.599,0.5943,0.1024,0.1024,0.1029,4.1211,19.7469,0.0,31059,127141,1,13
2026-07-27,2026-08-16,Control,0-9,NONPAYER,Photoshoot,0.2527,0.0,0.0,0.0,0.0008,0.0605,0.0,0.0005,0.0048,0.0367,0.9108,0.0,0.0,31059,127141,1,14
2026-07-27,2026-08-16,Control,0-9,NONPAYER,Red Challenge,1.0464,0.1063,0.0307,0.002,0.0,0.0,0.0,0.0,0.0,0.0,0.0,0.0,0.0,31059,127141,1,15
2026-07-27,2026-08-16,Control,0-9,NONPAYER,River Rush,2.7251,0.0008,0.0598,0.0402,0.0087,0.0198,0.0207,0.1875,0.3384,0.1468,0.1718,0.1436,0.1589,31059,127141,1,16
2026-07-27,2026-08-16,Control,0-9,NONPAYER,Saga,31.4297,0.3301,0.4624,0.3614,0.8018,0.7894,0.4915,0.0,0.0,0.0,50.3379,0.0,0.0,31059,127141,1,17
2026-07-27,2026-08-16,Control,0-9,NONPAYER,Season Pass (Free),9.4518,0.0274,0.1403,0.0,0.4854,0.5343,0.0972,0.0116,2.4263,3.858,18.1638,0.4208,0.0,31059,127141,1,18
2026-07-27,2026-08-16,Control,0-9,NONPAYER,Target Day,1.4389,0.1621,0.0485,0.0022,0.0005,0.0005,0.0002,0.0,0.0,0.0,9.8793,0.0039,0.0,31059,127141,1,19
2026-07-27,2026-08-16,Control,0-9,NONPAYER,Team Event,22.2489,0.2663,0.152,0.0584,0.0,0.0,0.0,0.0,0.0,0.0,0.004,0.0,0.0,31059,127141,1,20
2026-07-27,2026-08-16,Control,0-9,NONPAYER,Team Race,28.849,0.188,0.2537,0.403,0.0424,0.0823,0.2253,0.0,0.0,0.0005,0.0,0.0019,0.0,31059,127141,1,21
2026-07-27,2026-08-16,Control,0-9,NONPAYER,Flash Race,6.0023,0.0447,0.0441,0.0268,0.0095,0.02,0.0359,0.0,0.0,0.0,1.0482,7.8027,0.0,31059,127141,1,22
2026-07-27,2026-08-16,Control,0-9,NONPAYER,FlowerCoop,0.0,0.0,0.0,0.0,0.0,0.0,0.0001,0.0,0.0,0.001,0.0,0.0,0.0,31059,127141,1,23
2026-07-27,2026-08-16,Control,0-9,NONPAYER,Rainbow Maker,0.0,0.0,0.0001,0.0,0.0,0.0,0.0,0.0,0.0,0.0,0.001,0.0016,0.0,31059,127141,1,24
2026-07-27,2026-08-16,Control,0-9,NONPAYER,IAPs,0.0,0.0,0.0,0.0,0.0,0.0,0.0,0.0,0.0,0.0,0.0,0.0,0.0,31059,127141,1,25
2026-07-27,2026-08-16,Control,0-9,PAYER,Ads,28.8441,0.63,0.6344,0.2949,0.0,0.0,0.0,0.0,0.0,0.0,9.7117,0.0,0.0,8725,49817,1,1
2026-07-27,2026-08-16,Control,0-9,PAYER,Bomb Challenge,1.1805,0.1074,0.0351,0.0016,0.0,0.0,0.0,0.0,0.0,0.0,0.0,0.0,0.0,8725,49817,1,2
2026-07-27,2026-08-16,Control,0-9,PAYER,Bomb's Ballet,0.2321,0.0,0.0,0.0,0.0003,0.2613,0.0,0.0057,0.7771,1.5496,0.9937,0.0,0.0,8725,49817,1,3
2026-07-27,2026-08-16,Control,0-9,PAYER,Chuck Challenge,0.0115,0.0014,0.0006,0.0,0.0,0.0,0.0,0.0,0.0,0.0,0.0,0.0,0.0,8725,49817,1,4
2026-07-27,2026-08-16,Control,0-9,PAYER,Core,13.0997,0.0987,0.1505,0.0583,0.0468,0.0549,0.0413,0.0,0.0,0.0,8.1146,409.4455,0.0,8725,49817,1,5
2026-07-27,2026-08-16,Control,0-9,PAYER,Daily Gift,101.906,1.0104,0.6544,0.108,0.0,0.0,0.0,2.988,6.3473,6.1135,96.7857,0.0,0.012,8725,49817,1,6
2026-07-27,2026-08-16,Control,0-9,PAYER,Daily Night Sky Prize,14.7977,0.2807,0.0,0.0005,0.8668,0.28,0.0002,0.0,0.0,0.0,41.8074,0.0,0.0,8725,49817,1,7
2026-07-27,2026-08-16,Control,0-9,PAYER,Flock Flurry,0.0,0.1429,0.0,0.0,0.1429,0.1429,0.1429,0.0,0.0,0.0,111.9725,2.51,0.0,8725,49817,1,8
2026-07-27,2026-08-16,Control,0-9,PAYER,Hatchling Hideaway,2.098,0.0088,0.029,0.0032,0.6766,0.1837,0.029,0.0,0.0321,0.086,41.4636,0.0,0.0,8725,49817,1,9
2026-07-27,2026-08-16,Control,0-9,PAYER,Jigsaw,0.2607,0.0001,0.0,0.0001,0.0022,0.3827,0.0001,0.0223,1.259,2.4304,1.5851,0.0,0.0,8725,49817,1,10
2026-07-27,2026-08-16,Control,0-9,PAYER,Kite Festival,0.5244,0.0071,0.0028,0.0005,0.0055,0.0037,0.0032,0.0,0.0,0.0,7.1473,3.5926,0.0,8725,49817,1,11
2026-07-27,2026-08-16,Control,0-9,PAYER,Level Race,0.0,0.0,0.0,0.0,0.0,0.0,0.0,0.0,0.0,0.0,0.0,0.0,0.0,8725,49817,1,12
2026-07-27,2026-08-16,Control,0-9,PAYER,Other,9.0335,0.1892,0.093,0.0389,1.0017,1.0076,1.0068,0.055,0.055,0.0567,5.8439,38.3893,0.0,8725,49817,1,13
2026-07-27,2026-08-16,Control,0-9,PAYER,Photoshoot,0.3553,0.0,0.0,0.0,0.0006,0.0998,0.0,0.0,0.0,0.0378,1.2928,0.0,0.0,8725,49817,1,14
2026-07-27,2026-08-16,Control,0-9,PAYER,Red Challenge,0.9112,0.1468,0.0361,0.0014,0.0,0.0,0.0,0.0,0.0,0.0,0.0,0.0,0.0,8725,49817,1,15
2026-07-27,2026-08-16,Control,0-9,PAYER,River Rush,4.1719,0.0026,0.059,0.0551,0.0123,0.0199,0.0226,0.3146,0.5232,0.2625,0.0676,0.1066,0.2304,8725,49817,1,16
2026-07-27,2026-08-16,Control,0-9,PAYER,Saga,42.4195,0.4458,0.6409,0.4939,1.107,1.0837,0.6712,0.0,0.0,0.0,68.5559,0.0,0.0,8725,49817,1,17
2026-07-27,2026-08-16,Control,0-9,PAYER,Season Pass (Free),17.216,0.1053,0.294,0.0554,0.8699,0.7771,0.2557,0.3645,3.3169,5.4734,28.3398,0.2554,0.0,8725,49817,1,18
2026-07-27,2026-08-16,Control,0-9,PAYER,Target Day,1.5702,0.1942,0.0562,0.0017,0.0002,0.0002,0.0002,0.0,0.0,0.0,16.0951,0.0011,0.0,8725,49817,1,19
2026-07-27,2026-08-16,Control,0-9,PAYER,Team Event,56.9433,0.6257,0.3241,0.1801,0.0,0.0,0.0,0.0,0.0,0.0,0.0,0.0,0.0,8725,49817,1,20
2026-07-27,2026-08-16,Control,0-9,PAYER,Team Race,50.6097,0.3344,0.4623,0.706,0.0752,0.1224,0.3418,0.0,0.0,0.0,0.0,0.0,0.0,8725,49817,1,21
2026-07-27,2026-08-16,Control,0-9,PAYER,Flash Race,8.9771,0.0632,0.0602,0.0439,0.0178,0.0295,0.0478,0.0,0.0,0.0,1.1175,11.6693,0.0,8725,49817,1,22
2026-07-27,2026-08-16,Control,0-9,PAYER,FlowerCoop,0.0,0.0,0.0,0.0,0.0,0.0,0.0,0.0,0.0,0.0,0.0,0.0,0.0,8725,49817,1,23
2026-07-27,2026-08-16,Control,0-9,PAYER,Rainbow Maker,0.0,0.0002,0.0,0.0,0.0,0.0001,0.0,0.0,0.0,0.0,0.0011,0.0057,0.0011,8725,49817,1,24
2026-07-27,2026-08-16,Control,0-9,PAYER,IAPs,0.0,0.0,0.0,0.0,0.0,0.0,0.0,0.0,0.0,0.0,0.0,0.0,0.0,8725,49817,1,25
2026-07-27,2026-08-16,Control,10-19,NONPAYER,Ads,15.2029,0.3368,0.3349,0.1542,0.0,0.0,0.0,0.0,0.0,0.0,5.0884,0.0,0.0,27703,114072,2,1
2026-07-27,2026-08-16,Control,10-19,NONPAYER,Bomb Challenge,4.4797,0.1606,0.0979,0.0084,0.0,0.0,0.0,0.0,0.0,0.0,0.0,0.0,0.0,27703,114072,2,2
2026-07-27,2026-08-16,Control,10-19,NONPAYER,Bomb's Ballet,2.7443,0.0003,0.0001,0.0001,0.031,0.2568,0.0001,0.5857,1.9669,2.3517,5.3929,0.0,0.0,27703,114072,2,3
2026-07-27,2026-08-16,Control,10-19,NONPAYER,Chuck Challenge,0.0415,0.0014,0.0009,0.0001,0.0,0.0,0.0,0.0,0.0,0.0,0.0,0.0,0.0,27703,114072,2,4
2026-07-27,2026-08-16,Control,10-19,NONPAYER,Core,36.4641,0.2573,0.4004,0.1729,0.1422,0.1451,0.1232,0.0,0.0,0.0,22.3113,665.155,0.0,27703,114072,2,5
2026-07-27,2026-08-16,Control,10-19,NONPAYER,Daily Gift,70.3624,0.7128,0.4707,0.0691,0.0,0.0,0.0,2.2768,4.4253,3.6954,65.4938,0.0,0.0135,27703,114072,2,6
2026-07-27,2026-08-16,Control,10-19,NONPAYER,Daily Night Sky Prize,41.8426,0.4269,0.0,0.0014,0.9021,0.4255,0.0,0.0,0.0,0.0,31.5027,0.0,0.0,27703,114072,2,7
2026-07-27,2026-08-16,Control,10-19,NONPAYER,Flock Flurry,0.0,0.2942,0.0,0.0,0.2942,0.2942,0.2942,0.0,0.0,0.0,92.7416,5.3301,0.0,27703,114072,2,8
2026-07-27,2026-08-16,Control,10-19,NONPAYER,Hatchling Hideaway,5.2175,0.0448,0.1907,0.0106,0.66,0.4122,0.1907,0.0,0.1054,0.4451,45.3243,0.0,0.0,27703,114072,2,9
2026-07-27,2026-08-16,Control,10-19,NONPAYER,Jigsaw,3.2433,0.0005,0.0,0.0001,0.0608,0.3085,0.0001,0.5961,2.4339,2.8472,7.1927,0.0,0.0,27703,114072,2,10
2026-07-27,2026-08-16,Control,10-19,NONPAYER,Kite Festival,0.9981,0.0182,0.0071,0.0006,0.0122,0.0118,0.0116,0.0,0.0,0.0,7.5967,8.5926,0.0,27703,114072,2,11
2026-07-27,2026-08-16,Control,10-19,NONPAYER,Level Race,0.0,0.0,0.0,0.0,0.0,0.0,0.0,0.0,0.0,0.0,0.0,0.0,0.0,27703,114072,2,12
2026-07-27,2026-08-16,Control,10-19,NONPAYER,Other,15.4927,0.2686,0.2052,0.0629,0.6504,0.6455,0.6366,0.078,0.0785,0.0818,4.1483,21.1879,0.0,27703,114072,2,13
2026-07-27,2026-08-16,Control,10-19,NONPAYER,Photoshoot,2.0133,0.0,0.0005,0.0,0.0231,0.1598,0.0001,0.0146,0.1272,0.6617,5.1244,0.0,0.0,27703,114072,2,14
2026-07-27,2026-08-16,Control,10-19,NONPAYER,Red Challenge,6.0733,0.21,0.1331,0.0117,0.0,0.0,0.0,0.0,0.0,0.0,0.0,0.0,0.0,27703,114072,2,15
2026-07-27,2026-08-16,Control,10-19,NONPAYER,River Rush,7.8569,0.0195,0.1583,0.135,0.0622,0.0606,0.045,1.0248,1.1042,0.8185,0.5961,0.8003,0.6539,27703,114072,2,16
2026-07-27,2026-08-16,Control,10-19,NONPAYER,Saga,77.1507,0.7906,1.1157,0.9064,2.0036,1.9752,1.2342,0.0,0.0,0.0,123.084,0.0,0.0,27703,114072,2,17
2026-07-27,2026-08-16,Control,10-19,NONPAYER,Season Pass (Free),16.9321,0.1079,0.2587,0.0,0.6651,0.8008,0.2729,0.0051,2.3743,5.0112,22.5079,0.3966,0.0,27703,114072,2,18
2026-07-27,2026-08-16,Control,10-19,NONPAYER,Target Day,7.1462,0.2102,0.157,0.0128,0.0005,0.0003,0.0001,0.0,0.0,0.0,11.2226,0.0014,0.0,27703,114072,2,19
2026-07-27,2026-08-16,Control,10-19,NONPAYER,Team Event,25.7568,0.3083,0.1736,0.0683,0.0,0.0,0.0,0.0,0.0,0.0,0.0,0.0,0.0,27703,114072,2,20
2026-07-27,2026-08-16,Control,10-19,NONPAYER,Team Race,34.4548,0.2413,0.3153,0.4955,0.0473,0.0797,0.2363,0.0,0.0,0.0,0.0,0.0,0.0,27703,114072,2,21
2026-07-27,2026-08-16,Control,10-19,NONPAYER,Flash Race,26.0667,0.1719,0.1799,0.1277,0.0339,0.0742,0.1284,0.0,0.0,0.0,3.2928,31.8016,0.0,27703,114072,2,22
2026-07-27,2026-08-16,Control,10-19,NONPAYER,FlowerCoop,0.0,0.0,0.0,0.0001,0.0,0.0001,0.0001,0.0,0.0,0.0004,0.0011,0.0,0.0,27703,114072,2,23
2026-07-27,2026-08-16,Control,10-19,NONPAYER,Rainbow Maker,0.0007,0.0,0.0,0.0,0.0,0.0,0.0,0.0,0.0,0.0,0.0,0.0018,0.0,27703,114072,2,24
2026-07-27,2026-08-16,Control,10-19,NONPAYER,IAPs,0.0,0.0,0.0,0.0,0.0,0.0,0.0,0.0011,0.0,0.0,0.0032,0.0,0.0,27703,114072,2,25
2026-07-27,2026-08-16,Control,10-19,PAYER,Ads,22.6954,0.5141,0.4979,0.2406,0.0,0.0,0.0,0.0,0.0,0.0,7.6167,0.0,0.0,7240,30452,2,1
2026-07-27,2026-08-16,Control,10-19,PAYER,Bomb Challenge,5.8425,0.142,0.1069,0.0122,0.0,0.0,0.0,0.0,0.0,0.0,0.0,0.0,0.0,7240,30452,2,2
2026-07-27,2026-08-16,Control,10-19,PAYER,Bomb's Ballet,2.7728,0.0004,0.0001,0.0001,0.0285,0.289,0.0001,0.5401,2.1133,2.558,5.6312,0.0,0.0,7240,30452,2,3
2026-07-27,2026-08-16,Control,10-19,PAYER,Chuck Challenge,0.145,0.0011,0.0011,0.0004,0.0,0.0003,0.0,0.0,0.0,0.0,0.0,0.0,0.0,7240,30452,2,4
2026-07-27,2026-08-16,Control,10-19,PAYER,Core,27.6581,0.2068,0.3113,0.1242,0.0931,0.1184,0.0872,0.0,0.0,0.0,17.3992,651.3765,0.0,7240,30452,2,5
2026-07-27,2026-08-16,Control,10-19,PAYER,Daily Gift,76.7638,0.7609,0.5128,0.0801,0.0,0.0,0.0,2.6727,4.8978,4.4669,72.4641,0.0,0.029,7240,30452,2,6
2026-07-27,2026-08-16,Control,10-19,PAYER,Daily Night Sky Prize,40.1775,0.4568,0.0,0.0018,0.8833,0.455,0.0,0.0,0.0,0.0,30.2113,0.0,0.0,7240,30452,2,7
2026-07-27,2026-08-16,Control,10-19,PAYER,Flock Flurry,0.0,0.3185,0.0,0.0,0.3185,0.3185,0.3185,0.0,0.0,0.0,99.8398,5.7873,0.0,7240,30452,2,8
2026-07-27,2026-08-16,Control,10-19,PAYER,Hatchling Hideaway,5.9669,0.0591,0.2271,0.011,0.7094,0.4638,0.2271,0.0,0.1105,0.5898,49.3757,0.0,0.0,7240,30452,2,9
2026-07-27,2026-08-16,Control,10-19,PAYER,Jigsaw,3.3805,0.0007,0.0,0.0004,0.0572,0.317,0.0004,0.5504,2.5539,2.9461,7.3218,0.0,0.0,7240,30452,2,10
2026-07-27,2026-08-16,Control,10-19,PAYER,Kite Festival,1.2258,0.0231,0.0086,0.0004,0.0155,0.0152,0.014,0.0,0.0,0.0,9.4227,10.7238,0.0,7240,30452,2,11
2026-07-27,2026-08-16,Control,10-19,PAYER,Level Race,0.0,0.0,0.0,0.0,0.0,0.0,0.0,0.0,0.0,0.0,0.0,0.0,0.0,7240,30452,2,12
2026-07-27,2026-08-16,Control,10-19,PAYER,Other,20.9116,0.3681,0.2523,0.0923,0.8032,0.8436,0.8369,0.0456,0.0477,0.0477,9.4936,39.7141,0.0,7240,30452,2,13
2026-07-27,2026-08-16,Control,10-19,PAYER,Photoshoot,2.1996,0.0,0.0004,0.0,0.0227,0.199,0.0001,0.0166,0.116,0.6961,5.6768,0.0,0.0,7240,30452,2,14
2026-07-27,2026-08-16,Control,10-19,PAYER,Red Challenge,5.9807,0.2189,0.1282,0.012,0.0,0.0,0.0,0.0,0.0,0.0,0.0,0.0,0.0,7240,30452,2,15
2026-07-27,2026-08-16,Control,10-19,PAYER,River Rush,10.8046,0.0188,0.1256,0.1554,0.08,0.047,0.038,1.5863,1.4896,1.0746,0.4109,0.7348,0.6768,7240,30452,2,16
2026-07-27,2026-08-16,Control,10-19,PAYER,Saga,76.7721,0.8167,1.1457,0.889,2.0203,1.987,1.2137,0.0,0.0,0.0,124.3888,0.0,0.0,7240,30452,2,17
2026-07-27,2026-08-16,Control,10-19,PAYER,Season Pass (Free),30.9675,0.2994,0.4688,0.1488,0.9471,1.0329,0.5598,1.1644,4.6706,7.3336,46.7493,0.1811,0.0,7240,30452,2,18
2026-07-27,2026-08-16,Control,10-19,PAYER,Target Day,6.9641,0.199,0.1354,0.0138,0.0004,0.0001,0.0003,0.0,0.0,0.0,12.2942,0.0014,0.0,7240,30452,2,19
2026-07-27,2026-08-16,Control,10-19,PAYER,Team Event,44.4986,0.5076,0.2135,0.1481,0.0,0.0,0.0,0.0,0.0,0.0,0.0,0.0,0.0,7240,30452,2,20
2026-07-27,2026-08-16,Control,10-19,PAYER,Team Race,47.6395,0.3151,0.4512,0.6678,0.0619,0.105,0.2913,0.0,0.0,0.0,0.0,0.0,0.0,7240,30452,2,21
2026-07-27,2026-08-16,Control,10-19,PAYER,Flash Race,31.9164,0.1739,0.192,0.1797,0.0387,0.0693,0.1251,0.0,0.0,0.0,3.239,34.9641,0.0,7240,30452,2,22
2026-07-27,2026-08-16,Control,10-19,PAYER,FlowerCoop,0.0,0.0,0.0,0.0,0.0,0.0,0.0,0.0,0.0,0.0,0.0,0.0,0.0,7240,30452,2,23
2026-07-27,2026-08-16,Control,10-19,PAYER,Rainbow Maker,0.0055,0.0003,0.0001,0.0001,0.0,0.0,0.0001,0.0,0.0,0.0014,0.0041,0.0276,0.0,7240,30452,2,24
2026-07-27,2026-08-16,Control,10-19,PAYER,IAPs,0.0,0.0,0.0,0.0,0.0,0.0,0.0,0.0,0.0,0.0,0.0083,0.0,0.0,7240,30452,2,25
2026-07-27,2026-08-16,Control,20-39,NONPAYER,Ads,15.3085,0.347,0.3403,0.1548,0.0,0.0001,0.0,0.0,0.0,0.0,5.1884,0.0,0.0,21100,88055,3,1
2026-07-27,2026-08-16,Control,20-39,NONPAYER,Bomb Challenge,14.1209,0.1818,0.1953,0.0337,0.0,0.0,0.0,0.0,0.0,0.0,0.0,0.0,0.0,21100,88055,3,2
2026-07-27,2026-08-16,Control,20-39,NONPAYER,Bomb's Ballet,5.9443,0.0018,0.0004,0.0004,0.1404,0.2671,0.0004,1.754,2.6291,3.4822,12.772,0.0,0.0,21100,88055,3,3
2026-07-27,2026-08-16,Control,20-39,NONPAYER,Chuck Challenge,0.1114,0.0012,0.0014,0.0002,0.0,0.0001,0.0,0.0,0.0,0.0,0.0,0.0,0.0,21100,88055,3,4
2026-07-27,2026-08-16,Control,20-39,NONPAYER,Core,82.0227,0.5763,0.9031,0.3742,0.3297,0.2973,0.3056,0.0,0.0,0.0,50.9175,1112.7297,0.0,21100,88055,3,5
2026-07-27,2026-08-16,Control,20-39,NONPAYER,Daily Gift,76.3661,0.7457,0.4965,0.068,0.0,0.0,0.0,2.5145,5.2358,5.3012,70.3991,0.0,0.0156,21100,88055,3,6
2026-07-27,2026-08-16,Control,20-39,NONPAYER,Daily Night Sky Prize,80.4799,0.4312,0.0003,0.006,0.8216,0.4255,0.0,0.0,0.0005,0.0,30.2303,0.0,0.0,21100,88055,3,7
2026-07-27,2026-08-16,Control,20-39,NONPAYER,Flock Flurry,0.0,0.4913,0.0,0.0,0.4913,0.4913,0.4913,0.0,0.0,0.0,104.2986,9.1033,0.0,21100,88055,3,8
2026-07-27,2026-08-16,Control,20-39,NONPAYER,Hatchling Hideaway,14.2118,0.2769,0.4448,0.1091,0.6936,0.5697,0.4448,0.0,1.0791,2.7488,54.9611,0.0,0.0,21100,88055,3,9
2026-07-27,2026-08-16,Control,20-39,NONPAYER,Jigsaw,7.5509,0.0078,0.0,0.0018,0.2045,0.301,0.0018,2.0296,3.118,4.3531,17.6161,0.0,0.0,21100,88055,3,10
2026-07-27,2026-08-16,Control,20-39,NONPAYER,Kite Festival,6.3258,0.0601,0.0409,0.0042,0.0198,0.0196,0.0239,0.0,0.0,0.0,10.9019,24.473,0.0,21100,88055,3,11
2026-07-27,2026-08-16,Control,20-39,NONPAYER,Level Race,0.0,0.0,0.0,0.0,0.0,0.0,0.0,0.0,0.0,0.0,0.0,0.0,0.0,21100,88055,3,12
2026-07-27,2026-08-16,Control,20-39,NONPAYER,Other,36.5758,0.2982,0.3833,0.1462,0.7369,0.7286,0.7196,0.0818,0.0872,0.1021,5.354,22.987,0.0,21100,88055,3,13
2026-07-27,2026-08-16,Control,20-39,NONPAYER,Photoshoot,4.7642,0.0,0.0065,0.0,0.091,0.1969,0.0015,0.2509,0.932,1.7701,11.882,0.0,0.0,21100,88055,3,14
2026-07-27,2026-08-16,Control,20-39,NONPAYER,Red Challenge,19.1007,0.1924,0.2546,0.0473,0.0001,0.0,0.0,0.0,0.0,0.0,0.0,0.0,0.0,21100,88055,3,15
2026-07-27,2026-08-16,Control,20-39,NONPAYER,River Rush,16.0403,0.0992,0.2859,0.2517,0.1668,0.1106,0.1046,2.3095,2.4578,2.3472,1.8168,3.0142,1.4287,21100,88055,3,16
2026-07-27,2026-08-16,Control,20-39,NONPAYER,Saga,153.0434,1.585,2.192,1.7455,3.8786,3.8791,2.3478,0.0,0.0,0.0014,236.8519,0.0,0.0,21100,88055,3,17
2026-07-27,2026-08-16,Control,20-39,NONPAYER,Season Pass (Free),22.0953,0.1951,0.3202,0.0,0.6228,0.9355,0.3719,0.0118,2.3758,5.9481,26.6822,0.5605,0.0,21100,88055,3,18
2026-07-27,2026-08-16,Control,20-39,NONPAYER,Target Day,20.1801,0.1704,0.2556,0.0502,0.0003,0.0001,0.0001,0.0,0.0,0.0,10.3749,0.0009,0.0,21100,88055,3,19
2026-07-27,2026-08-16,Control,20-39,NONPAYER,Team Event,33.664,0.4112,0.1924,0.0974,0.0,0.0,0.0,0.0,0.0,0.0,0.0,0.0,0.0,21100,88055,3,20
2026-07-27,2026-08-16,Control,20-39,NONPAYER,Team Race,39.1441,0.2426,0.3597,0.5511,0.0442,0.0822,0.2354,0.0,0.0007,0.0,0.0028,0.0,0.0,21100,88055,3,21
2026-07-27,2026-08-16,Control,20-39,NONPAYER,Flash Race,44.84,0.2526,0.2845,0.243,0.0448,0.1012,0.1855,0.0,0.0,0.0,4.3,50.3237,0.0,21100,88055,3,22
2026-07-27,2026-08-16,Control,20-39,NONPAYER,FlowerCoop,0.0,0.0,0.0,0.0,0.0,0.0,0.0,0.0,0.0,0.0,0.0,0.0,0.0,21100,88055,3,23
2026-07-27,2026-08-16,Control,20-39,NONPAYER,Rainbow Maker,0.0028,0.0005,0.0001,0.0001,0.0,0.0,0.0001,0.0,0.0,0.0009,0.01,0.0282,0.0,21100,88055,3,24
2026-07-27,2026-08-16,Control,20-39,NONPAYER,IAPs,0.0,0.0,0.0,0.0,0.0,0.0,0.0,0.0,0.0,0.0,0.0,0.0,0.0,21100,88055,3,25
2026-07-27,2026-08-16,Control,20-39,PAYER,Ads,21.3569,0.4682,0.4701,0.2347,0.0,0.0,0.0,0.0,0.0,0.0,7.2737,0.0,0.0,5203,20798,3,1
2026-07-27,2026-08-16,Control,20-39,PAYER,Bomb Challenge,16.5385,0.1541,0.1845,0.0431,0.0,0.0,0.0,0.0,0.0,0.0,0.0,0.0,0.0,5203,20798,3,2
2026-07-27,2026-08-16,Control,20-39,PAYER,Bomb's Ballet,5.7707,0.0015,0.0004,0.0004,0.1292,0.2791,0.0004,1.6577,2.734,3.398,12.3909,0.0,0.0,5203,20798,3,3
2026-07-27,2026-08-16,Control,20-39,PAYER,Chuck Challenge,0.1249,0.0015,0.0017,0.0002,0.0,0.0,0.0,0.0,0.0,0.0,0.0,0.0,0.0,5203,20798,3,4
2026-07-27,2026-08-16,Control,20-39,PAYER,Core,59.3706,0.4563,0.6517,0.2658,0.2078,0.2408,0.1966,0.0,0.0,0.0,37.4034,984.6387,0.0,5203,20798,3,5
2026-07-27,2026-08-16,Control,20-39,PAYER,Daily Gift,72.7888,0.7294,0.4759,0.0684,0.0,0.0,0.0,2.5053,4.9385,4.4484,68.3164,0.0,0.0202,5203,20798,3,6
2026-07-27,2026-08-16,Control,20-39,PAYER,Daily Night Sky Prize,80.3306,0.4934,0.0,0.0054,0.8512,0.488,0.0,0.0,0.0,0.0,29.0736,0.0,0.0,5203,20798,3,7
2026-07-27,2026-08-16,Control,20-39,PAYER,Flock Flurry,0.0,0.5228,0.0,0.0,0.5228,0.5228,0.5228,0.0,0.0,0.0,104.3629,9.6944,0.0,5203,20798,3,8
2026-07-27,2026-08-16,Control,20-39,PAYER,Hatchling Hideaway,15.1595,0.2823,0.4534,0.1238,0.719,0.5973,0.4534,0.0,1.2166,2.8061,56.7423,0.0,0.0,5203,20798,3,9
2026-07-27,2026-08-16,Control,20-39,PAYER,Jigsaw,7.2843,0.009,0.0,0.004,0.1866,0.3135,0.004,1.8883,3.178,4.4109,17.1997,0.0,0.0,5203,20798,3,10
2026-07-27,2026-08-16,Control,20-39,PAYER,Kite Festival,6.1022,0.0717,0.0381,0.0044,0.0242,0.0225,0.0231,0.0,0.0,0.0,11.5664,25.6342,0.0,5203,20798,3,11
2026-07-27,2026-08-16,Control,20-39,PAYER,Level Race,0.0,0.0,0.0,0.0,0.0,0.0,0.0,0.0,0.0,0.0,0.0,0.0,0.0,5203,20798,3,12
2026-07-27,2026-08-16,Control,20-39,PAYER,Other,43.8835,0.4788,0.4672,0.2074,0.8833,0.9566,0.9489,0.098,0.098,0.1096,18.3767,52.3244,0.0,5203,20798,3,13
2026-07-27,2026-08-16,Control,20-39,PAYER,Photoshoot,5.3815,0.0,0.0077,0.0,0.1009,0.2293,0.0019,0.2998,1.0062,1.995,13.6594,0.0,0.0,5203,20798,3,14
2026-07-27,2026-08-16,Control,20-39,PAYER,Red Challenge,20.4497,0.1699,0.2489,0.0517,0.0,0.0,0.0,0.0,0.0,0.0,0.0,0.0,0.0,5203,20798,3,15
2026-07-27,2026-08-16,Control,20-39,PAYER,River Rush,21.9518,0.0944,0.2412,0.2712,0.1943,0.089,0.0886,3.3144,3.127,2.9627,1.3848,2.9733,1.6125,5203,20798,3,16
2026-07-27,2026-08-16,Control,20-39,PAYER,Saga,142.3765,1.5262,2.1399,1.6948,3.7219,3.7094,2.3135,0.0,0.0,0.0029,232.2131,0.0,0.0,5203,20798,3,17
2026-07-27,2026-08-16,Control,20-39,PAYER,Season Pass (Free),44.1092,0.4588,0.6173,0.2427,0.9646,1.2108,0.7081,2.1343,6.2012,9.3888,65.6208,0.2549,0.0,5203,20798,3,18
2026-07-27,2026-08-16,Control,20-39,PAYER,Target Day,18.5172,0.1582,0.2139,0.0496,0.0002,0.0,0.0002,0.0,0.0,0.0,11.2089,0.0,0.0,5203,20798,3,19
2026-07-27,2026-08-16,Control,20-39,PAYER,Team Event,44.1976,0.5262,0.2468,0.1324,0.0,0.0,0.0,0.0,0.0,0.0,0.0,0.0,0.0,5203,20798,3,20
2026-07-27,2026-08-16,Control,20-39,PAYER,Team Race,52.2718,0.3089,0.4851,0.7188,0.0607,0.1022,0.296,0.0,0.0,0.0,0.0038,0.0,0.0,5203,20798,3,21
2026-07-27,2026-08-16,Control,20-39,PAYER,Flash Race,48.9285,0.2331,0.2754,0.2933,0.0396,0.0899,0.1611,0.0,0.0,0.0,4.0083,49.7684,0.0,5203,20798,3,22
2026-07-27,2026-08-16,Control,20-39,PAYER,FlowerCoop,0.0,0.0,0.0,0.0,0.0,0.0,0.0,0.0,0.0,0.0,0.0,0.0,0.0,5203,20798,3,23
2026-07-27,2026-08-16,Control,20-39,PAYER,Rainbow Maker,0.025,0.0006,0.0006,0.0004,0.0,0.0,0.0002,0.0,0.0,0.0038,0.0115,0.1076,0.0038,5203,20798,3,24
2026-07-27,2026-08-16,Control,20-39,PAYER,IAPs,0.0,0.0,0.0,0.0,0.0,0.0,0.0,0.0,0.0,0.0,0.0,0.0,0.0,5203,20798,3,25
2026-07-27,2026-08-16,Control,40-99,NONPAYER,Ads,22.6964,0.4913,0.497,0.2402,0.0,0.0001,0.0,0.0,0.0,0.0,7.5522,0.0,0.0,11584,57196,4,1
2026-07-27,2026-08-16,Control,40-99,NONPAYER,Bomb Challenge,39.2481,0.166,0.3276,0.1183,0.0,0.0,0.0,0.0,0.0,0.0,0.0,0.0,0.0,11584,57196,4,2
2026-07-27,2026-08-16,Control,40-99,NONPAYER,Bomb's Ballet,14.1121,0.1001,0.0491,0.0546,0.2414,0.2934,0.0546,4.4337,5.148,5.8866,26.1283,0.0,0.0,11584,57196,4,3
2026-07-27,2026-08-16,Control,40-99,NONPAYER,Chuck Challenge,0.1295,0.001,0.0013,0.0004,0.0,0.0,0.0,0.0,0.0,0.0,0.0,0.0,0.0,11584,57196,4,4
2026-07-27,2026-08-16,Control,40-99,NONPAYER,Core,218.1751,1.5534,2.3993,0.9749,0.8517,0.8432,0.7667,0.0,0.0,0.0,136.0515,2229.5271,0.0,11584,57196,4,5
2026-07-27,2026-08-16,Control,40-99,NONPAYER,Daily Gift,100.3729,0.8744,0.7088,0.0811,0.0,0.0,0.0,2.784,6.288,11.2811,88.9252,0.0,0.0168,11584,57196,4,6
2026-07-27,2026-08-16,Control,40-99,NONPAYER,Daily Night Sky Prize,174.4674,0.4258,0.0003,0.1415,0.7644,0.2845,0.0001,0.0,0.0,0.0,37.5846,0.0,0.0,11584,57196,4,7
2026-07-27,2026-08-16,Control,40-99,NONPAYER,Flock Flurry,0.0,0.835,0.0,0.0,0.835,0.835,0.835,0.0,0.0,0.0,134.9568,15.7959,0.0,11584,57196,4,8
2026-07-27,2026-08-16,Control,40-99,NONPAYER,Hatchling Hideaway,37.1849,0.615,0.6954,0.5107,0.8144,0.7532,0.6954,0.0,5.0233,6.0808,69.7246,0.0,0.0,11584,57196,4,9
2026-07-27,2026-08-16,Control,40-99,NONPAYER,Jigsaw,18.3292,0.1537,0.0,0.1093,0.271,0.3153,0.1093,4.2857,5.8866,6.6285,30.953,0.0,0.0,11584,57196,4,10
2026-07-27,2026-08-16,Control,40-99,NONPAYER,Kite Festival,31.2414,0.0839,0.1406,0.0408,0.0139,0.0181,0.0214,0.0,0.0,0.0,14.1441,62.4141,0.0,11584,57196,4,11
2026-07-27,2026-08-16,Control,40-99,NONPAYER,Level Race,0.0,0.0,0.0,0.0,0.0,0.0,0.0,0.0,0.0,0.0,0.0,0.0,0.0,11584,57196,4,12
2026-07-27,2026-08-16,Control,40-99,NONPAYER,Other,84.4667,0.354,0.6261,0.3898,0.9797,0.9699,0.9578,0.0846,0.0855,0.0997,8.6419,28.244,0.0,11584,57196,4,13
2026-07-27,2026-08-16,Control,40-99,NONPAYER,Photoshoot,13.1669,0.0,0.1032,0.0,0.188,0.2436,0.0779,1.8854,2.5535,3.065,35.1796,0.0,0.0,11584,57196,4,14
2026-07-27,2026-08-16,Control,40-99,NONPAYER,Red Challenge,51.7308,0.1241,0.3522,0.1679,0.0,0.0,0.0,0.0,0.0,0.0,0.0,0.0,0.0,11584,57196,4,15
2026-07-27,2026-08-16,Control,40-99,NONPAYER,River Rush,41.6052,0.4151,0.5488,0.5079,0.3548,0.2139,0.2682,3.9162,6.8668,7.9398,4.7967,9.6573,3.6425,11584,57196,4,16
2026-07-27,2026-08-16,Control,40-99,NONPAYER,Saga,381.4019,3.9696,5.3203,4.0696,9.3445,9.3818,5.4272,0.0,0.0,0.0,557.8142,0.0,0.0,11584,57196,4,17
2026-07-27,2026-08-16,Control,40-99,NONPAYER,Season Pass (Free),28.4595,0.2726,0.4217,0.0,0.7385,1.1118,0.4863,0.0129,2.4953,7.0593,32.8967,0.2926,0.0,11584,57196,4,18
2026-07-27,2026-08-16,Control,40-99,NONPAYER,Target Day,54.0875,0.1214,0.354,0.1784,0.0001,0.0001,0.0,0.0,0.0,0.0,11.7576,0.0,0.0,11584,57196,4,19
2026-07-27,2026-08-16,Control,40-99,NONPAYER,Team Event,52.0994,0.5464,0.2776,0.1758,0.0,0.0,0.0,0.0,0.0,0.0,0.0,0.0,0.0,11584,57196,4,20
2026-07-27,2026-08-16,Control,40-99,NONPAYER,Team Race,51.5293,0.232,0.4441,0.6855,0.0464,0.0855,0.2784,0.0,0.0013,0.0,0.0,0.0052,0.0,11584,57196,4,21
2026-07-27,2026-08-16,Control,40-99,NONPAYER,Flash Race,75.7489,0.3483,0.4246,0.4581,0.054,0.1226,0.243,0.0,0.0,0.0,4.4384,76.9367,0.0,11584,57196,4,22
2026-07-27,2026-08-16,Control,40-99,NONPAYER,FlowerCoop,0.0,0.0,0.0,0.0,0.0,0.0,0.0,0.0,0.0,0.0,0.0,0.0,0.0,11584,57196,4,23
2026-07-27,2026-08-16,Control,40-99,NONPAYER,Rainbow Maker,0.0052,0.0003,0.0002,0.0,0.0,0.0,0.0002,0.0,0.0,0.0,0.0,0.0216,0.0,11584,57196,4,24
2026-07-27,2026-08-16,Control,40-99,NONPAYER,IAPs,0.0,0.0,0.0,0.0,0.0,0.0,0.0,0.0,0.0,0.0,0.0,0.0,0.0,11584,57196,4,25
2026-07-27,2026-08-16,Control,40-99,PAYER,Ads,27.068,0.5822,0.5781,0.2828,0.0,0.0,0.0,0.0,0.0,0.0,8.992,0.0,0.0,2882,14604,4,1
2026-07-27,2026-08-16,Control,40-99,PAYER,Bomb Challenge,42.2276,0.1495,0.2904,0.143,0.0,0.0,0.0,0.0,0.0,0.0,0.0,0.0,0.0,2882,14604,4,2
2026-07-27,2026-08-16,Control,40-99,PAYER,Bomb's Ballet,14.4431,0.0947,0.0448,0.0441,0.2661,0.3463,0.0441,4.5888,5.5847,6.4938,28.3761,0.0,0.0,2882,14604,4,3
2026-07-27,2026-08-16,Control,40-99,PAYER,Chuck Challenge,0.2082,0.0017,0.0014,0.001,0.0,0.0,0.0,0.0,0.0,0.0,0.0,0.0,0.0,2882,14604,4,4
2026-07-27,2026-08-16,Control,40-99,PAYER,Core,179.5854,1.2956,1.9833,0.8171,0.6728,0.7189,0.6027,0.0,0.0,0.0,112.932,1952.2113,0.0,2882,14604,4,5
2026-07-27,2026-08-16,Control,40-99,PAYER,Daily Gift,101.8876,0.9257,0.6669,0.0975,0.0,0.0,0.0,2.8418,6.4955,9.889,94.1048,0.0,0.0104,2882,14604,4,6
2026-07-27,2026-08-16,Control,40-99,PAYER,Daily Night Sky Prize,191.8876,0.5496,0.0,0.1534,0.8997,0.3963,0.0,0.0,0.0,0.0,39.9827,0.0,0.0,2882,14604,4,7
2026-07-27,2026-08-16,Control,40-99,PAYER,Flock Flurry,0.0,1.0045,0.0,0.0,1.0045,1.0045,1.0045,0.0,0.0,0.0,149.0215,19.0493,0.0,2882,14604,4,8
2026-07-27,2026-08-16,Control,40-99,PAYER,Hatchling Hideaway,38.9035,0.6489,0.7391,0.5267,0.8917,0.8102,0.7391,0.0,5.2117,6.4157,75.6766,0.0,0.0,2882,14604,4,9
2026-07-27,2026-08-16,Control,40-99,PAYER,Jigsaw,18.4681,0.152,0.0,0.1103,0.2804,0.3491,0.1103,4.4084,6.0357,6.8234,31.5406,0.0,0.0,2882,14604,4,10
2026-07-27,2026-08-16,Control,40-99,PAYER,Kite Festival,36.9188,0.1142,0.1613,0.0482,0.0156,0.0236,0.0291,0.0,0.0,0.0,17.3664,73.9885,0.0,2882,14604,4,11
2026-07-27,2026-08-16,Control,40-99,PAYER,Level Race,0.0,0.0,0.0,0.0,0.0,0.0,0.0,0.0,0.0,0.0,0.0,0.0,0.0,2882,14604,4,12
2026-07-27,2026-08-16,Control,40-99,PAYER,Other,117.4587,0.8341,0.9556,0.6194,1.338,1.4483,1.4362,0.0833,0.0885,0.0989,45.4254,88.857,0.0,2882,14604,4,13
2026-07-27,2026-08-16,Control,40-99,PAYER,Photoshoot,15.7096,0.0,0.1162,0.0,0.2273,0.3053,0.0888,2.1912,2.9198,3.789,41.8355,0.0,0.0,2882,14604,4,14
2026-07-27,2026-08-16,Control,40-99,PAYER,Red Challenge,55.2741,0.1187,0.3366,0.1884,0.0,0.0,0.0,0.0,0.0,0.0,0.0,0.0,0.0,2882,14604,4,15
2026-07-27,2026-08-16,Control,40-99,PAYER,River Rush,58.5028,0.4518,0.559,0.6464,0.4591,0.2047,0.289,5.8813,9.4119,10.7894,4.9532,10.7321,4.4709,2882,14604,4,16
2026-07-27,2026-08-16,Control,40-99,PAYER,Saga,384.7415,4.067,5.5847,4.3338,9.7127,9.7373,5.8845,0.0,0.0,0.0,594.1915,0.0,0.0,2882,14604,4,17
2026-07-27,2026-08-16,Control,40-99,PAYER,Season Pass (Free),58.0586,0.6169,0.8442,0.338,1.2137,1.406,0.9334,3.1558,8.22,11.4938,88.6346,0.4761,0.0,2882,14604,4,18
2026-07-27,2026-08-16,Control,40-99,PAYER,Target Day,52.238,0.1381,0.3189,0.1801,0.0003,0.0003,0.0,0.0,0.0,0.0,14.1152,0.0035,0.0,2882,14604,4,19
2026-07-27,2026-08-16,Control,40-99,PAYER,Team Event,65.4545,0.6988,0.3484,0.2183,0.0,0.0,0.0,0.0,0.0,0.0,0.0,0.0,0.0,2882,14604,4,20
2026-07-27,2026-08-16,Control,40-99,PAYER,Team Race,74.7346,0.3227,0.6346,0.9879,0.0722,0.1305,0.4004,0.0,0.0,0.0,0.0,0.0,0.0,2882,14604,4,21
2026-07-27,2026-08-16,Control,40-99,PAYER,Flash Race,83.9781,0.3557,0.4296,0.5361,0.0493,0.136,0.2141,0.0,0.0,0.0,4.398,80.4632,0.0,2882,14604,4,22
2026-07-27,2026-08-16,Control,40-99,PAYER,FlowerCoop,0.0,0.0,0.0,0.0014,0.0,0.0014,0.0014,0.0,0.0,0.0069,0.0104,0.0,0.0,2882,14604,4,23
2026-07-27,2026-08-16,Control,40-99,PAYER,Rainbow Maker,0.0243,0.0007,0.0007,0.0003,0.0,0.0,0.0,0.0,0.0,0.0035,0.0104,0.1128,0.0,2882,14604,4,24
2026-07-27,2026-08-16,Control,40-99,PAYER,IAPs,0.0,0.0,0.0,0.0,0.0,0.0,0.0,0.0,0.0,0.0,0.0,0.0,0.0,2882,14604,4,25
2026-07-27,2026-08-16,Control,100+,NONPAYER,Ads,23.2686,0.5098,0.5286,0.2481,0.0034,0.0026,0.0,0.0,0.0,0.0,7.9035,0.0,0.0,2342,8613,5,1
2026-07-27,2026-08-16,Control,100+,NONPAYER,Bomb Challenge,56.5115,0.0529,0.2173,0.2178,0.0,0.0,0.0,0.0,0.0,0.0,0.0,0.0,0.0,2342,8613,5,2
2026-07-27,2026-08-16,Control,100+,NONPAYER,Bomb's Ballet,19.9189,0.2003,0.1494,0.1516,0.2511,0.2519,0.1516,5.775,6.0376,6.2319,33.0231,0.0,0.0,2342,8613,5,3
2026-07-27,2026-08-16,Control,100+,NONPAYER,Chuck Challenge,0.1281,0.0004,0.0009,0.0004,0.0,0.0,0.0,0.0,0.0,0.0,0.0,0.0,0.0,2342,8613,5,4
2026-07-27,2026-08-16,Control,100+,NONPAYER,Core,436.1614,3.4436,4.69,1.6661,1.4816,2.3395,1.7925,0.0,0.0,0.0,267.848,3838.6114,0.0,2342,8613,5,5
2026-07-27,2026-08-16,Control,100+,NONPAYER,Daily Gift,65.8326,0.8074,0.4355,0.067,0.0,0.0,0.0,1.6652,3.8685,6.4304,61.4667,0.0,0.0192,2342,8613,5,6
2026-07-27,2026-08-16,Control,100+,NONPAYER,Daily Night Sky Prize,208.6699,0.4372,0.0,0.2229,0.6247,0.2143,0.0,0.0,0.0,0.0,44.3553,0.0,0.0,2342,8613,5,7
2026-07-27,2026-08-16,Control,100+,NONPAYER,Flock Flurry,0.0,0.8181,0.0,0.0,0.8181,0.8181,0.8181,0.0,0.0,0.0,104.7993,15.7045,0.0,2342,8613,5,8
2026-07-27,2026-08-16,Control,100+,NONPAYER,Hatchling Hideaway,38.623,0.5991,0.6153,0.5841,0.6413,0.6272,0.6153,0.0,5.7344,5.9223,56.9385,0.0,0.0,2342,8613,5,9
2026-07-27,2026-08-16,Control,100+,NONPAYER,Jigsaw,19.652,0.1879,0.0,0.1738,0.2323,0.2225,0.1738,4.8676,5.2199,5.5295,31.1913,0.0,0.0,2342,8613,5,10
2026-07-27,2026-08-16,Control,100+,NONPAYER,Kite Festival,45.4633,0.0278,0.1114,0.0935,0.0073,0.0064,0.0047,0.0,0.0,0.0,12.9249,68.7169,0.0,2342,8613,5,11
2026-07-27,2026-08-16,Control,100+,NONPAYER,Level Race,0.0,0.0,0.0,0.0,0.0,0.0,0.0,0.0,0.0,0.0,0.0,0.0,0.0,2342,8613,5,12
2026-07-27,2026-08-16,Control,100+,NONPAYER,Other,118.2331,0.3967,0.6665,0.6516,1.0124,0.9893,0.9821,0.0,0.0064,0.0192,10.9906,25.1973,0.0,2342,8613,5,13
2026-07-27,2026-08-16,Control,100+,NONPAYER,Photoshoot,17.0047,0.0,0.1529,0.0,0.2028,0.2143,0.1401,2.5235,2.9654,3.1383,45.5508,0.0,0.0,2342,8613,5,14
2026-07-27,2026-08-16,Control,100+,NONPAYER,Red Challenge,72.9505,0.029,0.2062,0.2925,0.0,0.0,0.0,0.0,0.0,0.0,0.0,0.0,0.0,2342,8613,5,15
2026-07-27,2026-08-16,Control,100+,NONPAYER,River Rush,82.5363,0.93,0.7276,0.8168,0.3809,0.2792,0.4406,3.4757,12.2886,18.0786,7.3719,16.3322,5.8433,2342,8613,5,16
2026-07-27,2026-08-16,Control,100+,NONPAYER,Saga,686.9599,7.0508,9.1712,6.7686,16.4671,16.4889,8.874,0.0,0.0,0.0,938.956,0.0,0.0,2342,8613,5,17
2026-07-27,2026-08-16,Control,100+,NONPAYER,Season Pass (Free),42.5854,0.3049,0.6217,0.0,1.4799,1.8868,0.7365,0.0128,4.0414,11.1166,46.7186,0.5534,0.0,2342,8613,5,18
2026-07-27,2026-08-16,Control,100+,NONPAYER,Target Day,71.1571,0.0269,0.1904,0.2916,0.0,0.0,0.0,0.0,0.0,0.0,7.9675,0.0,0.0,2342,8613,5,19
2026-07-27,2026-08-16,Control,100+,NONPAYER,Team Event,48.0316,0.4069,0.2664,0.1798,0.0,0.0,0.0,0.0,0.0,0.0,0.0,0.0,0.0,2342,8613,5,20
2026-07-27,2026-08-16,Control,100+,NONPAYER,Team Race,44.0286,0.1358,0.3181,0.585,0.0226,0.0427,0.257,0.0,0.0,0.0,0.0,0.0,0.0,2342,8613,5,21
2026-07-27,2026-08-16,Control,100+,NONPAYER,Flash Race,76.772,0.2639,0.3386,0.5325,0.032,0.0743,0.1695,0.0,0.0,0.0,2.152,67.6943,0.0,2342,8613,5,22
2026-07-27,2026-08-16,Control,100+,NONPAYER,FlowerCoop,0.0,0.0,0.0,0.0,0.0,0.0,0.0,0.0,0.0,0.0,0.0,0.0,0.0,2342,8613,5,23
2026-07-27,2026-08-16,Control,100+,NONPAYER,Rainbow Maker,0.0,0.0,0.0,0.0,0.0,0.0,0.0,0.0,0.0,0.0,0.0,0.0,0.0,2342,8613,5,24
2026-07-27,2026-08-16,Control,100+,NONPAYER,IAPs,0.0,0.0,0.0,0.0,0.0,0.0,0.0,0.0,0.0,0.0,0.0,0.0,0.0,2342,8613,5,25
2026-07-27,2026-08-16,Control,100+,PAYER,Ads,28.6279,0.6128,0.601,0.2643,0.0034,0.0034,0.0034,0.0,0.0,0.0,9.1414,0.0,0.0,594,2337,5,1
2026-07-27,2026-08-16,Control,100+,PAYER,Bomb Challenge,59.9327,0.0471,0.234,0.2374,0.0,0.0,0.0,0.0,0.0,0.0,0.0,0.0,0.0,594,2337,5,2
2026-07-27,2026-08-16,Control,100+,PAYER,Bomb's Ballet,19.697,0.197,0.1566,0.1549,0.2542,0.2795,0.1549,5.5724,5.8586,6.1111,32.4747,0.0,0.0,594,2337,5,3
2026-07-27,2026-08-16,Control,100+,PAYER,Chuck Challenge,0.2525,0.0017,0.0034,0.0,0.0,0.0,0.0,0.0,0.0,0.0,0.0,0.0,0.0,594,2337,5,4
2026-07-27,2026-08-16,Control,100+,PAYER,Core,394.4613,3.037,4.2694,1.6397,1.3822,1.9545,1.4495,0.0,0.0,0.0,244.3434,3419.9596,0.0,594,2337,5,5
2026-07-27,2026-08-16,Control,100+,PAYER,Daily Gift,73.6869,0.8468,0.4916,0.0758,0.0,0.0,0.0,2.2222,4.7475,6.4646,66.7929,0.0,0.0,594,2337,5,6
2026-07-27,2026-08-16,Control,100+,PAYER,Daily Night Sky Prize,207.5589,0.4327,0.0,0.2559,0.5875,0.1768,0.0,0.0,0.0,0.0,39.2256,0.0,0.0,594,2337,5,7
2026-07-27,2026-08-16,Control,100+,PAYER,Flock Flurry,0.0,1.0421,0.0,0.0,1.0421,1.0421,1.0421,0.0,0.0,0.0,121.2458,19.798,0.0,594,2337,5,8
2026-07-27,2026-08-16,Control,100+,PAYER,Hatchling Hideaway,40.3872,0.6296,0.6566,0.6044,0.6936,0.6768,0.6566,0.0,5.8418,6.2458,61.3131,0.0,0.0,594,2337,5,9
2026-07-27,2026-08-16,Control,100+,PAYER,Jigsaw,22.5168,0.2121,0.0,0.2088,0.2508,0.2576,0.2088,5.6397,5.7997,6.0606,35.2525,0.0,0.0,594,2337,5,10
2026-07-27,2026-08-16,Control,100+,PAYER,Kite Festival,54.6296,0.0354,0.1364,0.1077,0.0051,0.0084,0.0084,0.0,0.0,0.0,16.0522,80.2189,0.0,594,2337,5,11
2026-07-27,2026-08-16,Control,100+,PAYER,Level Race,0.0,0.0,0.0,0.0,0.0,0.0,0.0,0.0,0.0,0.0,0.0,0.0,0.0,594,2337,5,12
2026-07-27,2026-08-16,Control,100+,PAYER,Other,147.0438,1.0202,1.1094,0.9175,1.4343,1.5774,1.5657,0.0,0.0,0.0,64.3434,103.6027,0.0,594,2337,5,13
2026-07-27,2026-08-16,Control,100+,PAYER,Photoshoot,19.7391,0.0,0.1869,0.0,0.2323,0.2374,0.17,2.8788,3.4091,3.4343,52.8283,0.0,0.0,594,2337,5,14
2026-07-27,2026-08-16,Control,100+,PAYER,Red Challenge,82.4074,0.0421,0.2138,0.3434,0.0,0.0,0.0,0.0,0.0,0.0,0.0,0.0,0.0,594,2337,5,15
2026-07-27,2026-08-16,Control,100+,PAYER,River Rush,132.5673,1.1953,0.8148,1.2845,0.5084,0.2424,0.5185,5.3535,18.729,28.7037,8.9815,19.9158,8.2155,594,2337,5,16
2026-07-27,2026-08-16,Control,100+,PAYER,Saga,765.4293,7.8316,9.8788,7.0808,17.8485,17.9461,9.1582,0.0,0.0,0.0,984.7222,0.0,0.0,594,2337,5,17
2026-07-27,2026-08-16,Control,100+,PAYER,Season Pass (Free),80.766,0.8569,1.2088,0.4461,2.0875,2.3603,1.431,3.6195,11.431,17.8956,119.3603,0.1852,0.0,594,2337,5,18
2026-07-27,2026-08-16,Control,100+,PAYER,Target Day,68.9394,0.0438,0.2138,0.2727,0.0,0.0,0.0,0.0,0.0,0.0,11.0606,0.0,0.0,594,2337,5,19
2026-07-27,2026-08-16,Control,100+,PAYER,Team Event,61.1448,0.5354,0.3434,0.2239,0.0,0.0,0.0,0.0,0.0,0.0,0.0,0.0,0.0,594,2337,5,20
2026-07-27,2026-08-16,Control,100+,PAYER,Team Race,58.4007,0.1515,0.436,0.7508,0.0236,0.0724,0.3333,0.0,0.0,0.0,0.0,0.0,0.0,594,2337,5,21
2026-07-27,2026-08-16,Control,100+,PAYER,Flash Race,87.5,0.271,0.4226,0.596,0.0421,0.0943,0.1869,0.0,0.0,0.0,2.6599,77.0875,0.0,594,2337,5,22
2026-07-27,2026-08-16,Control,100+,PAYER,FlowerCoop,0.0,0.0,0.0,0.0,0.0,0.0,0.0,0.0,0.0,0.0,0.0,0.0,0.0,594,2337,5,23
2026-07-27,2026-08-16,Control,100+,PAYER,Rainbow Maker,0.0,0.0,0.0,0.0,0.0,0.0,0.0,0.0,0.0,0.0,0.0,0.0,0.0,594,2337,5,24
2026-07-27,2026-08-16,Control,100+,PAYER,IAPs,0.0,0.0,0.0,0.0,0.0,0.0,0.0,0.0,0.0,0.0,0.0,0.0,0.0,594,2337,5,25
2026-07-27,2026-08-16,Variant A,0-9,NONPAYER,Ads,10.0233,0.2186,0.2251,0.1037,0.0,0.0,0.0,0.0,0.0,0.0,3.3467,0.0,0.0,31053,123899,1,1
2026-07-27,2026-08-16,Variant A,0-9,NONPAYER,Bomb Challenge,0.7004,0.0731,0.0212,0.0012,0.0,0.0,0.0,0.0,0.0,0.0,0.0,0.0,0.0,31053,123899,1,2
2026-07-27,2026-08-16,Variant A,0-9,NONPAYER,Bomb's Ballet,0.1103,0.0,0.0,0.0,0.0012,0.1616,0.0,0.0151,0.4107,0.8627,0.514,0.0,0.0,31053,123899,1,3
2026-07-27,2026-08-16,Variant A,0-9,NONPAYER,Chuck Challenge,0.4508,0.0746,0.0152,0.0006,0.0,0.0,0.0,0.0,0.0,0.0,0.0,0.0,0.0,31053,123899,1,4
2026-07-27,2026-08-16,Variant A,0-9,NONPAYER,Core,13.8867,0.0972,0.1541,0.0687,0.0513,0.0586,0.0463,0.0,0.0,0.0,8.5567,220.4556,0.0,31053,123899,1,5
2026-07-27,2026-08-16,Variant A,0-9,NONPAYER,Daily Gift,48.2325,0.6139,0.3938,0.0568,0.0,0.0,0.0,1.6481,3.2557,3.3137,59.0244,0.0,0.0174,31053,123899,1,6
2026-07-27,2026-08-16,Variant A,0-9,NONPAYER,Daily Night Sky Prize,18.4734,0.3393,0.0,0.0002,1.0728,0.3391,0.0,0.0,0.0,0.0,49.8403,0.0,0.0,31053,123899,1,7
2026-07-27,2026-08-16,Variant A,0-9,NONPAYER,Flock Flurry,0.0,0.0717,0.0,0.0,0.0717,0.0717,0.0717,0.0,0.0,0.0,59.2014,1.1612,0.0,31053,123899,1,8
2026-07-27,2026-08-16,Variant A,0-9,NONPAYER,Hatchling Hideaway,2.0064,0.0019,0.0069,0.0301,0.5931,0.1915,0.0343,0.0,0.0116,0.0345,36.6129,0.0,0.0,31053,123899,1,9
2026-07-27,2026-08-16,Variant A,0-9,NONPAYER,Jigsaw,0.1892,0.0004,0.0,0.0001,0.0034,0.2405,0.0001,0.034,0.6734,1.463,0.8202,0.0,0.0,31053,123899,1,10
2026-07-27,2026-08-16,Variant A,0-9,NONPAYER,Kite Festival,0.3631,0.0043,0.0013,0.0006,0.0036,0.0027,0.0024,0.0,0.0,0.0,6.5251,1.7502,0.0,31053,123899,1,11
2026-07-27,2026-08-16,Variant A,0-9,NONPAYER,Level Race,0.0,0.0,0.0,0.0,0.0,0.0,0.0,0.0,0.0005,0.0,0.0,0.0016,0.0,31053,123899,1,12
2026-07-27,2026-08-16,Variant A,0-9,NONPAYER,Other,3.4818,0.0585,0.0378,0.02,0.5688,0.5596,0.5564,0.0916,0.0931,0.0931,3.9387,18.3728,0.0,31053,123899,1,13
2026-07-27,2026-08-16,Variant A,0-9,NONPAYER,Photoshoot,0.0789,0.0,0.0,0.0,0.0004,0.0321,0.0,0.001,0.0029,0.014,0.3884,0.0,0.0,31053,123899,1,14
2026-07-27,2026-08-16,Variant A,0-9,NONPAYER,Red Challenge,0.6489,0.0788,0.0182,0.0011,0.0,0.0,0.0,0.0,0.0,0.0,0.0,0.0,0.0,31053,123899,1,15
2026-07-27,2026-08-16,Variant A,0-9,NONPAYER,River Rush,0.0142,0.0001,0.0004,0.0006,0.0001,0.0001,0.0001,0.0006,0.0,0.0,0.0,0.001,0.0003,31053,123899,1,16
2026-07-27,2026-08-16,Variant A,0-9,NONPAYER,Saga,15.0034,0.2302,0.2324,0.0053,0.2453,0.244,0.2301,0.0,0.0,0.0005,60.0919,0.0,0.0,31053,123899,1,17
2026-07-27,2026-08-16,Variant A,0-9,NONPAYER,Season Pass (Free),9.3041,0.0211,0.1302,0.0,0.4877,0.5312,0.0899,0.0071,2.4655,3.818,17.5914,0.398,0.0,31053,123899,1,18
2026-07-27,2026-08-16,Variant A,0-9,NONPAYER,Target Day,1.0891,0.0498,0.0109,0.0036,0.2017,0.0818,0.0113,0.0,0.0,0.0,30.4277,0.0019,0.0,31053,123899,1,19
2026-07-27,2026-08-16,Variant A,0-9,NONPAYER,Team Event,21.6646,0.2662,0.141,0.0574,0.0,0.0,0.0,0.0,0.0,0.0,0.0,0.0,0.0,31053,123899,1,20
2026-07-27,2026-08-16,Variant A,0-9,NONPAYER,Team Race,27.5209,0.1792,0.2376,0.3845,0.043,0.076,0.2157,0.0,0.0,0.0,0.0,0.0,0.0,31053,123899,1,21
2026-07-27,2026-08-16,Variant A,0-9,NONPAYER,Flash Race,2.5315,0.0314,0.0348,0.0211,0.0138,0.0219,0.0388,0.0,0.0,0.0,0.4647,7.3746,0.0,31053,123899,1,22
2026-07-27,2026-08-16,Variant A,0-9,NONPAYER,FlowerCoop,0.0,0.0,0.0,0.0002,0.0,0.0002,0.0001,0.0,0.0,0.001,0.0014,0.0,0.0,31053,123899,1,23
2026-07-27,2026-08-16,Variant A,0-9,NONPAYER,Rainbow Maker,16.8963,0.9912,0.2146,0.0834,0.9202,0.7189,0.0041,0.0,0.0,0.6243,19.1521,39.0614,3.6275,31053,123899,1,24
2026-07-27,2026-08-16,Variant A,0-9,NONPAYER,IAPs,0.0,0.0,0.0,0.0,0.0,0.0,0.0,0.0,0.0,0.0,0.0,0.0,0.0,31053,123899,1,25
2026-07-27,2026-08-16,Variant A,0-9,PAYER,Ads,25.8658,0.575,0.5634,0.265,0.0,0.0,0.0,0.0,0.0,0.0,8.5548,0.0,0.0,8663,48681,1,1
2026-07-27,2026-08-16,Variant A,0-9,PAYER,Bomb Challenge,1.0331,0.0899,0.0277,0.0015,0.0,0.0,0.0002,0.0,0.0,0.0,0.0,0.0,0.0,8663,48681,1,2
2026-07-27,2026-08-16,Variant A,0-9,PAYER,Bomb's Ballet,0.2107,0.0001,0.0002,0.0001,0.0018,0.22,0.0001,0.0294,0.5362,1.1018,0.7497,0.0,0.0,8663,48681,1,3
2026-07-27,2026-08-16,Variant A,0-9,PAYER,Chuck Challenge,0.3232,0.0854,0.0154,0.0003,0.0,0.0,0.0,0.0,0.0,0.0,0.0,0.0,0.0,8663,48681,1,4
2026-07-27,2026-08-16,Variant A,0-9,PAYER,Core,13.1513,0.0997,0.14,0.0619,0.0458,0.0566,0.0414,0.0,0.0,0.0,8.5051,314.0676,0.0,8663,48681,1,5
2026-07-27,2026-08-16,Variant A,0-9,PAYER,Daily Gift,77.4934,0.9874,0.6428,0.1031,0.0,0.0,0.0,2.992,6.2611,5.9979,94.4101,0.0,0.0156,8663,48681,1,6
2026-07-27,2026-08-16,Variant A,0-9,PAYER,Daily Night Sky Prize,24.8505,0.4711,0.0001,0.0005,1.4404,0.4705,0.0001,0.0,0.0,0.0,69.8315,0.0,0.0,8663,48681,1,7
2026-07-27,2026-08-16,Variant A,0-9,PAYER,Flock Flurry,0.0,0.1162,0.0,0.0,0.1162,0.1162,0.1162,0.0,0.0,0.0,101.1382,1.967,0.0,8663,48681,1,8
2026-07-27,2026-08-16,Variant A,0-9,PAYER,Hatchling Hideaway,3.53,0.004,0.0104,0.0533,0.8856,0.3352,0.0591,0.0,0.0231,0.0623,54.9094,0.0,0.0,8663,48681,1,9
2026-07-27,2026-08-16,Variant A,0-9,PAYER,Jigsaw,0.2251,0.0006,0.0,0.0001,0.0028,0.3196,0.0001,0.0294,0.8259,1.8002,0.9593,0.0,0.0,8663,48681,1,10
2026-07-27,2026-08-16,Variant A,0-9,PAYER,Kite Festival,0.5714,0.0055,0.0024,0.0008,0.0059,0.0047,0.0032,0.0,0.0,0.0,10.284,2.9482,0.0,8663,48681,1,11
2026-07-27,2026-08-16,Variant A,0-9,PAYER,Level Race,0.0,0.0,0.0,0.0,0.0,0.0,0.0,0.0,0.0,0.0,0.0,0.0,0.0,8663,48681,1,12
2026-07-27,2026-08-16,Variant A,0-9,PAYER,Other,8.0925,0.0975,0.064,0.0359,0.9683,0.9756,0.9731,0.0346,0.0346,0.0346,6.0179,37.4965,0.0,8663,48681,1,13
2026-07-27,2026-08-16,Variant A,0-9,PAYER,Photoshoot,0.1645,0.0,0.0,0.0,0.0013,0.0524,0.0,0.0,0.0052,0.0329,0.6233,0.0,0.0,8663,48681,1,14
2026-07-27,2026-08-16,Variant A,0-9,PAYER,Red Challenge,0.7503,0.0973,0.022,0.0012,0.0,0.0,0.0,0.0,0.0,0.0,0.0,0.0,0.0,8663,48681,1,15
2026-07-27,2026-08-16,Variant A,0-9,PAYER,River Rush,0.0312,0.0,0.0002,0.0006,0.0002,0.0002,0.0,0.0,0.0,0.0,0.0,0.0023,0.0012,8663,48681,1,16
2026-07-27,2026-08-16,Variant A,0-9,PAYER,Saga,19.5256,0.3099,0.312,0.0012,0.3199,0.3162,0.3204,0.0,0.0,0.0,83.381,0.0,0.0,8663,48681,1,17
2026-07-27,2026-08-16,Variant A,0-9,PAYER,Season Pass (Free),16.9104,0.1023,0.3014,0.0553,0.8838,0.7854,0.244,0.3867,3.5652,5.5985,28.2523,0.2695,0.0,8663,48681,1,18
2026-07-27,2026-08-16,Variant A,0-9,PAYER,Target Day,1.3188,0.0597,0.0114,0.0046,0.2501,0.0998,0.0126,0.0,0.0,0.0,48.1669,0.0,0.0,8663,48681,1,19
2026-07-27,2026-08-16,Variant A,0-9,PAYER,Team Event,55.8813,0.6074,0.3241,0.1764,0.0,0.0,0.0,0.0,0.0,0.0,0.0,0.0,0.0,8663,48681,1,20
2026-07-27,2026-08-16,Variant A,0-9,PAYER,Team Race,50.1368,0.3204,0.4545,0.6919,0.0736,0.1255,0.3453,0.0023,0.0,0.0,0.0081,0.0,0.0,8663,48681,1,21
2026-07-27,2026-08-16,Variant A,0-9,PAYER,Flash Race,4.0667,0.0446,0.0514,0.0419,0.0246,0.0335,0.0488,0.0,0.0,0.0,0.4583,11.3644,0.0,8663,48681,1,22
2026-07-27,2026-08-16,Variant A,0-9,PAYER,FlowerCoop,0.0,0.0,0.0,0.0,0.0,0.0,0.0002,0.0,0.0,0.0012,0.0,0.0,0.0,8663,48681,1,23
2026-07-27,2026-08-16,Variant A,0-9,PAYER,Rainbow Maker,24.832,1.5714,0.3562,0.1396,1.2693,1.0798,0.0065,0.0,0.0023,1.0297,28.3129,62.2844,5.5806,8663,48681,1,24
2026-07-27,2026-08-16,Variant A,0-9,PAYER,IAPs,0.0,0.0,0.0,0.0,0.0,0.0,0.0,0.0,0.0,0.0,0.0,0.0,0.0,8663,48681,1,25
2026-07-27,2026-08-16,Variant A,10-19,NONPAYER,Ads,14.8593,0.3322,0.3355,0.149,0.0,0.0,0.0,0.0,0.0,0.0,4.9932,0.0,0.0,27791,115585,2,1
2026-07-27,2026-08-16,Variant A,10-19,NONPAYER,Bomb Challenge,3.5623,0.15,0.0816,0.0063,0.0,0.0,0.0,0.0,0.0,0.0,0.0,0.0,0.0,27791,115585,2,2
2026-07-27,2026-08-16,Variant A,10-19,NONPAYER,Bomb's Ballet,1.5032,0.0003,0.0001,0.0001,0.011,0.2284,0.0001,0.262,1.5057,1.9325,3.3518,0.0,0.0,27791,115585,2,3
2026-07-27,2026-08-16,Variant A,10-19,NONPAYER,Chuck Challenge,3.0136,0.168,0.0785,0.0045,0.0,0.0,0.0,0.0,0.0,0.0,0.0,0.0,0.0,27791,115585,2,4
2026-07-27,2026-08-16,Variant A,10-19,NONPAYER,Core,36.5743,0.2581,0.4031,0.1721,0.1412,0.1464,0.1274,0.0,0.0,0.0,22.3249,530.0741,0.0,27791,115585,2,5
2026-07-27,2026-08-16,Variant A,10-19,NONPAYER,Daily Gift,54.588,0.7288,0.4806,0.0682,0.0,0.0,0.0,2.1773,4.5252,3.9768,66.3589,0.0,0.0076,27791,115585,2,6
2026-07-27,2026-08-16,Variant A,10-19,NONPAYER,Daily Night Sky Prize,67.5596,0.6717,0.0,0.0015,1.4369,0.6702,0.0,0.0,0.0,0.0,52.8696,0.0,0.0,27791,115585,2,7
2026-07-27,2026-08-16,Variant A,10-19,NONPAYER,Flock Flurry,0.0,0.2218,0.0,0.0,0.2218,0.2218,0.2218,0.0,0.0,0.0,85.2686,3.8833,0.0,27791,115585,2,8
2026-07-27,2026-08-16,Variant A,10-19,NONPAYER,Hatchling Hideaway,8.2203,0.0241,0.1429,0.3298,0.8221,0.5881,0.3603,0.0,0.1716,1.1802,60.1317,0.0,0.0,27791,115585,2,9
2026-07-27,2026-08-16,Variant A,10-19,NONPAYER,Jigsaw,1.7578,0.0006,0.0,0.0001,0.0237,0.2849,0.0001,0.2353,2.0404,2.5591,4.6278,0.0,0.0,27791,115585,2,10
2026-07-27,2026-08-16,Variant A,10-19,NONPAYER,Kite Festival,1.0768,0.0169,0.0046,0.0011,0.014,0.0139,0.0089,0.0,0.0,0.0,12.4335,7.0185,0.0,27791,115585,2,11
2026-07-27,2026-08-16,Variant A,10-19,NONPAYER,Level Race,0.0,0.0,0.0,0.0,0.0,0.0,0.0,0.0,0.0,0.0,0.0,0.0,0.0,27791,115585,2,12
2026-07-27,2026-08-16,Variant A,10-19,NONPAYER,Other,10.2453,0.1294,0.1128,0.0535,0.639,0.6283,0.6254,0.0707,0.0709,0.0707,3.9313,20.7862,0.0,27791,115585,2,13
2026-07-27,2026-08-16,Variant A,10-19,NONPAYER,Photoshoot,0.6864,0.0,0.0,0.0,0.0035,0.0962,0.0,0.0011,0.0113,0.1538,1.9884,0.0,0.0,27791,115585,2,14
2026-07-27,2026-08-16,Variant A,10-19,NONPAYER,Red Challenge,3.1071,0.1757,0.0797,0.0054,0.0001,0.0,0.0,0.0,0.0,0.0,0.0,0.0,0.0,27791,115585,2,15
2026-07-27,2026-08-16,Variant A,10-19,NONPAYER,River Rush,0.021,0.0,0.0006,0.0003,0.0003,0.0001,0.0001,0.0,0.0011,0.0005,0.0,0.0029,0.0016,27791,115585,2,16
2026-07-27,2026-08-16,Variant A,10-19,NONPAYER,Saga,37.1977,0.5775,0.5734,0.006,0.6172,0.5819,0.5624,0.0,0.0,0.0,152.6994,0.0,0.0,27791,115585,2,17
2026-07-27,2026-08-16,Variant A,10-19,NONPAYER,Season Pass (Free),17.0787,0.0987,0.2759,0.0,0.7452,0.8155,0.2581,0.0074,2.41,5.1497,22.8081,0.4595,0.0,27791,115585,2,18
2026-07-27,2026-08-16,Variant A,10-19,NONPAYER,Target Day,5.6016,0.1677,0.0436,0.0203,0.3097,0.1977,0.0567,0.0,0.0,0.0,31.6271,0.0011,0.0,27791,115585,2,19
2026-07-27,2026-08-16,Variant A,10-19,NONPAYER,Team Event,26.7058,0.3305,0.1585,0.0746,0.0,0.0,0.0,0.0,0.0,0.0,0.0,0.0023,0.0,27791,115585,2,20
2026-07-27,2026-08-16,Variant A,10-19,NONPAYER,Team Race,34.2339,0.2355,0.3167,0.4879,0.0455,0.0833,0.2356,0.0,0.0,0.0,0.0,0.0,0.0,27791,115585,2,21
2026-07-27,2026-08-16,Variant A,10-19,NONPAYER,Flash Race,10.0315,0.1243,0.1394,0.0936,0.0494,0.0841,0.1496,0.0,0.0,0.0,1.2446,29.8604,0.0,27791,115585,2,22
2026-07-27,2026-08-16,Variant A,10-19,NONPAYER,FlowerCoop,0.0,0.0,0.0,0.0,0.0,0.0,0.0,0.0,0.0,0.0,0.0,0.0,0.0,27791,115585,2,23
2026-07-27,2026-08-16,Variant A,10-19,NONPAYER,Rainbow Maker,27.9382,1.8355,0.6723,0.4994,0.9301,1.0082,0.1563,0.0,0.0072,5.0117,41.8461,107.868,5.7756,27791,115585,2,24
2026-07-27,2026-08-16,Variant A,10-19,NONPAYER,IAPs,0.0,0.0,0.0,0.0,0.0,0.0,0.0,0.0,0.0,0.0,0.0,0.0,0.0,27791,115585,2,25
2026-07-27,2026-08-16,Variant A,10-19,PAYER,Ads,22.2158,0.4883,0.497,0.2396,0.0,0.0,0.0,0.0,0.0,0.0,7.3449,0.0,0.0,7284,30952,2,1
2026-07-27,2026-08-16,Variant A,10-19,PAYER,Bomb Challenge,4.9904,0.1307,0.0877,0.0117,0.0,0.0,0.0,0.0,0.0,0.0,0.0,0.0,0.0,7284,30952,2,2
2026-07-27,2026-08-16,Variant A,10-19,PAYER,Bomb's Ballet,1.5239,0.0003,0.0003,0.0003,0.0119,0.2485,0.0003,0.2808,1.6317,2.1266,3.6203,0.0,0.0,7284,30952,2,3
2026-07-27,2026-08-16,Variant A,10-19,PAYER,Chuck Challenge,2.6565,0.1572,0.073,0.0052,0.0,0.0,0.0,0.0,0.0,0.0,0.0,0.0,0.0,7284,30952,2,4
2026-07-27,2026-08-16,Variant A,10-19,PAYER,Core,27.4883,0.2131,0.3031,0.1244,0.0953,0.1107,0.0901,0.0,0.0,0.0,17.2158,524.4496,0.0,7284,30952,2,5
2026-07-27,2026-08-16,Variant A,10-19,PAYER,Daily Gift,60.8807,0.7709,0.5129,0.0835,0.0,0.0,0.0,2.5947,4.8538,4.9506,73.7431,0.0,0.0144,7284,30952,2,6
2026-07-27,2026-08-16,Variant A,10-19,PAYER,Daily Night Sky Prize,66.6214,0.7537,0.0,0.0025,1.4938,0.7512,0.0,0.0,0.0,0.0,51.8918,0.0,0.0,7284,30952,2,7
2026-07-27,2026-08-16,Variant A,10-19,PAYER,Flock Flurry,0.0,0.2718,0.0,0.0,0.2718,0.2718,0.2718,0.0,0.0,0.0,96.6804,4.7611,0.0,7284,30952,2,8
2026-07-27,2026-08-16,Variant A,10-19,PAYER,Hatchling Hideaway,9.3959,0.0324,0.1674,0.391,0.8803,0.6516,0.4233,0.0,0.2252,1.436,65.5148,0.0,0.0,7284,30952,2,9
2026-07-27,2026-08-16,Variant A,10-19,PAYER,Jigsaw,1.922,0.0008,0.0,0.0003,0.0277,0.2839,0.0003,0.2773,1.9584,2.5041,4.5881,0.0,0.0,7284,30952,2,10
2026-07-27,2026-08-16,Variant A,10-19,PAYER,Kite Festival,1.3797,0.0217,0.007,0.0011,0.0231,0.0167,0.01,0.0,0.0,0.0,14.862,9.0342,0.0,7284,30952,2,11
2026-07-27,2026-08-16,Variant A,10-19,PAYER,Level Race,0.0,0.0,0.0,0.0,0.0,0.0,0.0,0.0,0.0,0.0,0.0,0.0,0.0,7284,30952,2,12
2026-07-27,2026-08-16,Variant A,10-19,PAYER,Other,14.4809,0.215,0.1568,0.077,0.8196,0.8537,0.8513,0.0741,0.0748,0.0741,9.4345,39.0774,0.0,7284,30952,2,13
2026-07-27,2026-08-16,Variant A,10-19,PAYER,Photoshoot,0.7448,0.0,0.0003,0.0,0.0036,0.1105,0.0003,0.0041,0.0124,0.1709,2.2323,0.0,0.0,7284,30952,2,14
2026-07-27,2026-08-16,Variant A,10-19,PAYER,Red Challenge,2.9517,0.1727,0.0783,0.0058,0.0,0.0,0.0,0.0,0.0,0.0,0.0,0.0,0.0,7284,30952,2,15
2026-07-27,2026-08-16,Variant A,10-19,PAYER,River Rush,0.0316,0.0,0.0005,0.0003,0.0004,0.0003,0.0,0.0027,0.0,0.0,0.0021,0.0041,0.0014,7284,30952,2,16
2026-07-27,2026-08-16,Variant A,10-19,PAYER,Saga,35.8999,0.5916,0.5865,0.0012,0.6078,0.5942,0.5795,0.0,0.0,0.0,154.2937,0.0,0.0,7284,30952,2,17
2026-07-27,2026-08-16,Variant A,10-19,PAYER,Season Pass (Free),31.9749,0.3077,0.5058,0.1595,1.0629,1.0721,0.5629,1.1738,5.0178,7.6929,47.3723,0.1593,0.0,7284,30952,2,18
2026-07-27,2026-08-16,Variant A,10-19,PAYER,Target Day,6.2775,0.1528,0.047,0.0243,0.2982,0.1882,0.0614,0.0,0.0,0.0,36.1697,0.0014,0.0,7284,30952,2,19
2026-07-27,2026-08-16,Variant A,10-19,PAYER,Team Event,45.4311,0.5118,0.2455,0.1447,0.0,0.0,0.0,0.0,0.0,0.0,0.0,0.0,0.0,7284,30952,2,20
2026-07-27,2026-08-16,Variant A,10-19,PAYER,Team Race,46.5397,0.3037,0.4491,0.6469,0.0604,0.1043,0.2689,0.0,0.0,0.0,0.0,0.0,0.0,7284,30952,2,21
2026-07-27,2026-08-16,Variant A,10-19,PAYER,Flash Race,12.7444,0.1333,0.1561,0.1417,0.0563,0.0888,0.142,0.0,0.0,0.0,1.3756,33.5248,0.0,7284,30952,2,22
2026-07-27,2026-08-16,Variant A,10-19,PAYER,FlowerCoop,0.0,0.0,0.0,0.0,0.0,0.0,0.0003,0.0,0.0,0.0014,0.0,0.0,0.0,7284,30952,2,23
2026-07-27,2026-08-16,Variant A,10-19,PAYER,Rainbow Maker,28.9594,1.9514,0.7364,0.5585,0.965,1.0435,0.1668,0.0,0.0247,5.6205,43.9278,119.1776,6.1107,7284,30952,2,24
2026-07-27,2026-08-16,Variant A,10-19,PAYER,IAPs,0.0,0.0,0.0,0.0,0.0,0.0,0.0,0.0,0.0,0.0,0.0,0.0,0.0,7284,30952,2,25
2026-07-27,2026-08-16,Variant A,20-39,NONPAYER,Ads,16.8951,0.3691,0.387,0.1749,0.0,0.0,0.0,0.0,0.0,0.0,5.7583,0.0,0.0,21337,91644,3,1
2026-07-27,2026-08-16,Variant A,20-39,NONPAYER,Bomb Challenge,10.7747,0.16,0.1552,0.0259,0.0,0.0,0.0001,0.0,0.0,0.0,0.0,0.0,0.0,21337,91644,3,2
2026-07-27,2026-08-16,Variant A,20-39,NONPAYER,Bomb's Ballet,4.3258,0.0013,0.0007,0.0006,0.0908,0.245,0.0006,1.256,2.2128,2.7263,9.0688,0.0,0.0,21337,91644,3,3
2026-07-27,2026-08-16,Variant A,20-39,NONPAYER,Chuck Challenge,12.0003,0.1644,0.1803,0.0281,0.0,0.0,0.0,0.0,0.0,0.0,0.0,0.0,0.0,21337,91644,3,4
2026-07-27,2026-08-16,Variant A,20-39,NONPAYER,Core,82.4291,0.5835,0.9108,0.3718,0.3261,0.3064,0.3089,0.0,0.0,0.0,51.0479,919.2722,0.0,21337,91644,3,5
2026-07-27,2026-08-16,Variant A,20-39,NONPAYER,Daily Gift,61.6642,0.7748,0.5188,0.0745,0.0,0.0,0.0,2.5716,5.4947,5.5706,74.0008,0.0,0.0162,21337,91644,3,6
2026-07-27,2026-08-16,Variant A,20-39,NONPAYER,Daily Night Sky Prize,145.2395,0.734,0.0001,0.0094,1.439,0.7247,0.0,0.0,0.0,0.0,54.9454,0.0,0.0,21337,91644,3,7
2026-07-27,2026-08-16,Variant A,20-39,NONPAYER,Flock Flurry,0.0,0.4113,0.0,0.0,0.4113,0.4113,0.4113,0.0,0.0,0.0,99.371,7.4359,0.0,21337,91644,3,8
2026-07-27,2026-08-16,Variant A,20-39,NONPAYER,Hatchling Hideaway,22.6555,0.2874,0.5025,0.5838,0.8432,0.7328,0.6269,0.0,2.603,4.7786,69.402,0.0,0.0,21337,91644,3,9
2026-07-27,2026-08-16,Variant A,20-39,NONPAYER,Jigsaw,5.3827,0.0025,0.0,0.0011,0.141,0.2828,0.0011,1.4041,2.6253,3.4054,12.3012,0.0,0.0,21337,91644,3,10
2026-07-27,2026-08-16,Variant A,20-39,NONPAYER,Kite Festival,4.9773,0.0621,0.0236,0.0035,0.0335,0.0343,0.0233,0.0,0.0,0.0,17.2913,19.4819,0.0,21337,91644,3,11
2026-07-27,2026-08-16,Variant A,20-39,NONPAYER,Level Race,0.0,0.0,0.0,0.0,0.0,0.0,0.0,0.0,0.0,0.0,0.0,0.0,0.0,21337,91644,3,12
2026-07-27,2026-08-16,Variant A,20-39,NONPAYER,Other,23.6583,0.1825,0.2138,0.1165,0.7502,0.7361,0.7332,0.0691,0.0691,0.0698,5.0924,23.5139,0.0,21337,91644,3,13
2026-07-27,2026-08-16,Variant A,20-39,NONPAYER,Photoshoot,2.3609,0.0,0.0008,0.0,0.0362,0.1472,0.0,0.0337,0.2685,0.8682,5.9868,0.0,0.0,21337,91644,3,14
2026-07-27,2026-08-16,Variant A,20-39,NONPAYER,Red Challenge,11.6253,0.1697,0.1755,0.0273,0.0,0.0,0.0,0.0,0.0,0.0,0.0,0.0,0.0,21337,91644,3,15
2026-07-27,2026-08-16,Variant A,20-39,NONPAYER,River Rush,0.0162,0.0,0.0004,0.0003,0.0002,0.0001,0.0002,0.0,0.0021,0.0009,0.0,0.0,0.0,21337,91644,3,16
2026-07-27,2026-08-16,Variant A,20-39,NONPAYER,Saga,72.3773,1.1428,1.1324,0.0111,1.2061,1.1452,1.1412,0.0,0.0,0.0,304.0013,0.0,0.0,21337,91644,3,17
2026-07-27,2026-08-16,Variant A,20-39,NONPAYER,Season Pass (Free),23.6209,0.1889,0.3403,0.0,0.7426,1.0192,0.414,0.0037,2.386,6.1766,27.0296,0.4445,0.0,21337,91644,3,18
2026-07-27,2026-08-16,Variant A,20-39,NONPAYER,Target Day,19.2354,0.2896,0.1327,0.0901,0.281,0.2478,0.1414,0.0,0.0,0.0,31.9937,0.0005,0.0,21337,91644,3,19
2026-07-27,2026-08-16,Variant A,20-39,NONPAYER,Team Event,33.1752,0.409,0.1985,0.0926,0.0,0.0,0.0,0.0,0.0,0.0,0.0,0.0,0.0,21337,91644,3,20
2026-07-27,2026-08-16,Variant A,20-39,NONPAYER,Team Race,40.9617,0.256,0.3758,0.5758,0.0498,0.087,0.2461,0.0,0.0,0.0,0.0,0.0,0.0,21337,91644,3,21
2026-07-27,2026-08-16,Variant A,20-39,NONPAYER,Flash Race,18.5087,0.1955,0.2476,0.1911,0.0701,0.1328,0.2377,0.0,0.0,0.0,1.5438,50.827,0.0,21337,91644,3,22
2026-07-27,2026-08-16,Variant A,20-39,NONPAYER,FlowerCoop,0.0,0.0,0.0,0.0,0.0,0.0,0.0001,0.0,0.0,0.0009,0.0,0.0,0.0,21337,91644,3,23
2026-07-27,2026-08-16,Variant A,20-39,NONPAYER,Rainbow Maker,36.9813,2.3994,1.0376,0.7387,1.1114,1.0745,0.575,0.0,0.2086,8.3179,55.8188,191.3983,8.1591,21337,91644,3,24
2026-07-27,2026-08-16,Variant A,20-39,NONPAYER,IAPs,0.0,0.0,0.0,0.0,0.0,0.0,0.0,0.0,0.0,0.0,0.0,0.0,0.0,21337,91644,3,25
2026-07-27,2026-08-16,Variant A,20-39,PAYER,Ads,21.1172,0.459,0.4513,0.225,0.0,0.0,0.0,0.0,0.0,0.0,7.0438,0.0,0.0,5272,21613,3,1
2026-07-27,2026-08-16,Variant A,20-39,PAYER,Bomb Challenge,12.1538,0.1449,0.1447,0.0317,0.0,0.0,0.0004,0.0,0.0,0.0,0.0,0.0,0.0,5272,21613,3,2
2026-07-27,2026-08-16,Variant A,20-39,PAYER,Bomb's Ballet,4.3722,0.0015,0.0009,0.0009,0.0941,0.2494,0.0009,1.2396,2.2629,2.7532,9.2726,0.0,0.0,5272,21613,3,3
2026-07-27,2026-08-16,Variant A,20-39,PAYER,Chuck Challenge,10.736,0.1565,0.1559,0.0256,0.0,0.0,0.0,0.0,0.0,0.0,0.0,0.0,0.0,5272,21613,3,4
2026-07-27,2026-08-16,Variant A,20-39,PAYER,Core,60.8687,0.4547,0.6792,0.2657,0.2208,0.2407,0.2058,0.0,0.0,0.0,38.0861,819.3096,0.0,5272,21613,3,5
2026-07-27,2026-08-16,Variant A,20-39,PAYER,Daily Gift,58.0558,0.7576,0.496,0.0781,0.0,0.0,0.0,2.4298,4.7914,4.4499,69.9023,0.0,0.0085,5272,21613,3,6
2026-07-27,2026-08-16,Variant A,20-39,PAYER,Daily Night Sky Prize,140.1792,0.8048,0.0,0.0137,1.416,0.7912,0.0,0.0,0.0,0.0,50.2902,0.0,0.0,5272,21613,3,7
2026-07-27,2026-08-16,Variant A,20-39,PAYER,Flock Flurry,0.0,0.4763,0.0,0.0,0.4763,0.4763,0.4763,0.0,0.0,0.0,103.9264,8.3915,0.0,5272,21613,3,8
2026-07-27,2026-08-16,Variant A,20-39,PAYER,Hatchling Hideaway,23.0188,0.2883,0.4992,0.6034,0.8767,0.7618,0.6415,0.0,2.6442,4.7648,71.8475,0.0,0.0,5272,21613,3,9
2026-07-27,2026-08-16,Variant A,20-39,PAYER,Jigsaw,5.1072,0.0021,0.0,0.0008,0.1345,0.2862,0.0008,1.3392,2.5996,3.3782,11.9158,0.0,0.0,5272,21613,3,10
2026-07-27,2026-08-16,Variant A,20-39,PAYER,Kite Festival,7.0846,0.0696,0.0311,0.008,0.0377,0.0453,0.0281,0.0,0.0,0.0,19.6036,24.1872,0.0,5272,21613,3,11
2026-07-27,2026-08-16,Variant A,20-39,PAYER,Level Race,0.0,0.0,0.0,0.0,0.0,0.0,0.0,0.0,0.0,0.0,0.0,0.0,0.0,5272,21613,3,12
2026-07-27,2026-08-16,Variant A,20-39,PAYER,Other,32.783,0.3373,0.313,0.1711,0.9019,0.9552,0.9562,0.091,0.091,0.091,16.6301,50.0854,0.0,5272,21613,3,13
2026-07-27,2026-08-16,Variant A,20-39,PAYER,Photoshoot,2.4279,0.0,0.0011,0.0,0.0343,0.162,0.0,0.037,0.2618,0.845,6.1684,0.0,0.0,5272,21613,3,14
2026-07-27,2026-08-16,Variant A,20-39,PAYER,Red Challenge,9.9867,0.1519,0.1561,0.0218,0.0,0.0,0.0,0.0,0.0,0.0,0.0,0.0,0.0,5272,21613,3,15
2026-07-27,2026-08-16,Variant A,20-39,PAYER,River Rush,0.0313,0.0002,0.0006,0.0008,0.0004,0.0002,0.0004,0.0,0.0038,0.0028,0.0028,0.0038,0.0019,5272,21613,3,16
2026-07-27,2026-08-16,Variant A,20-39,PAYER,Saga,67.1443,1.0922,1.0892,0.003,1.144,1.0857,1.0893,0.0,0.0,0.0,289.8113,0.0,0.0,5272,21613,3,17
2026-07-27,2026-08-16,Variant A,20-39,PAYER,Season Pass (Free),45.2485,0.4662,0.6426,0.2401,1.1332,1.3437,0.7796,2.445,6.4131,10.0275,65.5368,0.7257,0.0,5272,21613,3,18
2026-07-27,2026-08-16,Variant A,20-39,PAYER,Target Day,20.2105,0.2329,0.1326,0.1019,0.2693,0.2094,0.1263,0.0,0.0,0.0,33.7159,0.0,0.0,5272,21613,3,19
2026-07-27,2026-08-16,Variant A,20-39,PAYER,Team Event,44.412,0.5357,0.2432,0.133,0.0,0.0,0.0,0.0,0.0,0.0,0.0,0.0,0.0,5272,21613,3,20
2026-07-27,2026-08-16,Variant A,20-39,PAYER,Team Race,52.7845,0.3215,0.4844,0.7343,0.0685,0.1041,0.2948,0.0,0.0,0.0,0.0,0.0,0.0,5272,21613,3,21
2026-07-27,2026-08-16,Variant A,20-39,PAYER,Flash Race,21.341,0.1791,0.2426,0.2538,0.062,0.1159,0.2261,0.0,0.0,0.0,1.9992,50.7748,0.0,5272,21613,3,22
2026-07-27,2026-08-16,Variant A,20-39,PAYER,FlowerCoop,0.0,0.0,0.0,0.0,0.0,0.0,0.0,0.0,0.0,0.0,0.0,0.0,0.0,5272,21613,3,23
2026-07-27,2026-08-16,Variant A,20-39,PAYER,Rainbow Maker,37.4052,2.3961,1.092,0.7587,1.1563,1.0901,0.5732,0.0,0.3566,8.4389,55.8906,197.2041,8.4048,5272,21613,3,24
2026-07-27,2026-08-16,Variant A,20-39,PAYER,IAPs,0.0,0.0,0.0,0.0,0.0,0.0,0.0,0.0,0.0,0.0,0.0,0.0,0.0,5272,21613,3,25
2026-07-27,2026-08-16,Variant A,40-99,NONPAYER,Ads,22.3415,0.5144,0.512,0.2318,0.0,0.0,0.0,0.0,0.0,0.0,7.3428,0.0,0.0,11322,55047,4,1
2026-07-27,2026-08-16,Variant A,40-99,NONPAYER,Bomb Challenge,30.7896,0.1276,0.2489,0.0958,0.0,0.0,0.0002,0.0,0.0,0.0,0.0,0.0,0.0,11322,55047,4,2
2026-07-27,2026-08-16,Variant A,40-99,NONPAYER,Bomb's Ballet,10.0711,0.0516,0.0176,0.0183,0.2034,0.269,0.0183,3.2613,3.9953,4.8922,20.1219,0.0,0.0,11322,55047,4,3
2026-07-27,2026-08-16,Variant A,40-99,NONPAYER,Chuck Challenge,35.7092,0.096,0.2568,0.1131,0.0,0.0,0.0,0.0,0.0,0.0,0.0,0.0,0.0,11322,55047,4,4
2026-07-27,2026-08-16,Variant A,40-99,NONPAYER,Core,211.9126,1.4974,2.3241,0.9542,0.8294,0.8286,0.7492,0.0,0.0,0.0,131.9078,1744.011,0.0,11322,55047,4,5
2026-07-27,2026-08-16,Variant A,40-99,NONPAYER,Daily Gift,75.6346,0.8645,0.71,0.081,0.0,0.0,0.0,2.5729,6.4865,11.2666,87.3203,0.0,0.0185,11322,55047,4,6
2026-07-27,2026-08-16,Variant A,40-99,NONPAYER,Daily Night Sky Prize,326.5421,0.7895,0.0002,0.2528,1.4004,0.5367,0.0,0.0,0.0,0.0,70.3259,0.0,0.0,11322,55047,4,7
2026-07-27,2026-08-16,Variant A,40-99,NONPAYER,Flock Flurry,0.0,0.6721,0.0,0.0,0.6721,0.6721,0.6721,0.0,0.0,0.0,126.7426,12.4165,0.0,11322,55047,4,8
2026-07-27,2026-08-16,Variant A,40-99,NONPAYER,Hatchling Hideaway,40.6249,0.685,0.7612,0.7982,0.9024,0.8587,0.8109,0.0,6.6649,7.4616,78.4711,0.0,0.0,11322,55047,4,9
2026-07-27,2026-08-16,Variant A,40-99,NONPAYER,Jigsaw,12.7296,0.0828,0.0,0.0506,0.2349,0.2799,0.0506,3.071,4.4727,5.5291,23.85,0.0,0.0,11322,55047,4,10
2026-07-27,2026-08-16,Variant A,40-99,NONPAYER,Kite Festival,27.2633,0.1261,0.1057,0.0327,0.0338,0.0403,0.0438,0.0,0.0,0.0,23.2004,52.2452,0.0,11322,55047,4,11
2026-07-27,2026-08-16,Variant A,40-99,NONPAYER,Level Race,0.0,0.0,0.0,0.0,0.0,0.0,0.0,0.0,0.0,0.0,0.0,0.0,0.0,11322,55047,4,12
2026-07-27,2026-08-16,Variant A,40-99,NONPAYER,Other,46.111,0.2646,0.3676,0.2547,0.9516,0.9355,0.9319,0.0729,0.0746,0.0742,7.776,27.789,0.0,11322,55047,4,13
2026-07-27,2026-08-16,Variant A,40-99,NONPAYER,Photoshoot,7.5053,0.0,0.0398,0.0,0.1229,0.2036,0.0257,0.828,1.4971,2.1502,19.4012,0.0,0.0,11322,55047,4,14
2026-07-27,2026-08-16,Variant A,40-99,NONPAYER,Red Challenge,35.7092,0.1056,0.2721,0.1106,0.0,0.0,0.0,0.0,0.0,0.0,0.0,0.0,0.0,11322,55047,4,15
2026-07-27,2026-08-16,Variant A,40-99,NONPAYER,River Rush,0.0053,0.0002,0.0004,0.0006,0.0001,0.0001,0.0002,0.0013,0.0031,0.0009,0.0031,0.0071,0.0022,11322,55047,4,16
2026-07-27,2026-08-16,Variant A,40-99,NONPAYER,Saga,160.5931,2.6015,2.5929,0.0071,2.6492,2.6042,2.5984,0.0,0.0,0.0,691.4887,0.0,0.0,11322,55047,4,17
2026-07-27,2026-08-16,Variant A,40-99,NONPAYER,Season Pass (Free),30.5224,0.2848,0.4571,0.0001,0.8405,1.2095,0.542,0.0194,2.4205,7.3406,33.8116,0.2752,0.0,11322,55047,4,18
2026-07-27,2026-08-16,Variant A,40-99,NONPAYER,Target Day,55.0102,0.3454,0.2968,0.34,0.1924,0.2116,0.2369,0.0,0.0,0.0,33.2697,0.0018,0.0,11322,55047,4,19
2026-07-27,2026-08-16,Variant A,40-99,NONPAYER,Team Event,46.9617,0.4966,0.2576,0.1554,0.0,0.0,0.0,0.0,0.0,0.0,0.0,0.0,0.0,11322,55047,4,20
2026-07-27,2026-08-16,Variant A,40-99,NONPAYER,Team Race,51.305,0.2201,0.4383,0.6795,0.0454,0.0906,0.2753,0.0,0.0,0.0,0.0,0.0,0.0,11322,55047,4,21
2026-07-27,2026-08-16,Variant A,40-99,NONPAYER,Flash Race,30.7627,0.2563,0.3601,0.3624,0.0771,0.1449,0.3361,0.0,0.0,0.0,1.3112,74.0346,0.0,11322,55047,4,22
2026-07-27,2026-08-16,Variant A,40-99,NONPAYER,FlowerCoop,0.0,0.0,0.0,0.0,0.0,0.0,0.0,0.0,0.0,0.0,0.0,0.0,0.0,11322,55047,4,23
2026-07-27,2026-08-16,Variant A,40-99,NONPAYER,Rainbow Maker,74.5822,2.9338,1.8064,1.0956,2.042,1.6619,1.0759,0.0,3.7299,10.5476,83.3483,396.479,16.074,11322,55047,4,24
2026-07-27,2026-08-16,Variant A,40-99,NONPAYER,IAPs,0.0,0.0,0.0,0.0,0.0,0.0,0.0,0.0,0.0,0.0,0.0,0.0,0.0,11322,55047,4,25
2026-07-27,2026-08-16,Variant A,40-99,PAYER,Ads,26.6887,0.6036,0.5654,0.2731,0.0,0.0,0.0,0.0,0.0,0.0,8.8117,0.0,0.0,2798,13510,4,1
2026-07-27,2026-08-16,Variant A,40-99,PAYER,Bomb Challenge,30.4146,0.1133,0.2152,0.0986,0.0,0.0,0.0,0.0,0.0,0.0,0.0,0.0,0.0,2798,13510,4,2
2026-07-27,2026-08-16,Variant A,40-99,PAYER,Bomb's Ballet,11.3831,0.0604,0.0254,0.025,0.2152,0.3049,0.025,3.5293,4.4085,5.4092,22.2802,0.0,0.0,2798,13510,4,3
2026-07-27,2026-08-16,Variant A,40-99,PAYER,Chuck Challenge,35.8292,0.1108,0.2405,0.1204,0.0,0.0007,0.0,0.0,0.0,0.0,0.0,0.0,0.0,2798,13510,4,4
2026-07-27,2026-08-16,Variant A,40-99,PAYER,Core,167.7377,1.2105,1.8388,0.768,0.6308,0.6944,0.5457,0.0,0.0,0.0,105.0751,1555.5432,0.0,2798,13510,4,5
2026-07-27,2026-08-16,Variant A,40-99,PAYER,Daily Gift,75.6612,0.8713,0.664,0.0829,0.0,0.0,0.0,3.0343,6.7977,9.3924,89.1279,0.0,0.0482,2798,13510,4,6
2026-07-27,2026-08-16,Variant A,40-99,PAYER,Daily Night Sky Prize,333.5811,0.956,0.0,0.2584,1.5622,0.6976,0.0,0.0,0.0,0.0,68.3131,0.0,0.0,2798,13510,4,7
2026-07-27,2026-08-16,Variant A,40-99,PAYER,Flock Flurry,0.0,0.8113,0.0,0.0,0.8113,0.8113,0.8113,0.0,0.0,0.0,136.7334,14.9107,0.0,2798,13510,4,8
2026-07-27,2026-08-16,Variant A,40-99,PAYER,Hatchling Hideaway,40.965,0.6737,0.7666,0.831,0.9696,0.9199,0.842,0.0,6.5797,7.4946,83.4382,0.0,0.0,2798,13510,4,9
2026-07-27,2026-08-16,Variant A,40-99,PAYER,Jigsaw,12.9825,0.0826,0.0,0.0515,0.2355,0.3016,0.0515,3.1022,4.4621,5.7184,24.1244,0.0,0.0,2798,13510,4,10
2026-07-27,2026-08-16,Variant A,40-99,PAYER,Kite Festival,34.6051,0.1526,0.1315,0.0422,0.0468,0.0472,0.0625,0.0,0.0,0.0,27.9771,64.4746,0.0,2798,13510,4,11
2026-07-27,2026-08-16,Variant A,40-99,PAYER,Level Race,0.0,0.0,0.0,0.0,0.0,0.0,0.0,0.0,0.0,0.0,0.0,0.0,0.0,2798,13510,4,12
2026-07-27,2026-08-16,Variant A,40-99,PAYER,Other,69.6984,0.6512,0.6004,0.4139,1.2219,1.3188,1.3167,0.1447,0.1394,0.1394,37.2902,78.7259,0.0,2798,13510,4,13
2026-07-27,2026-08-16,Variant A,40-99,PAYER,Photoshoot,7.3713,0.0,0.0372,0.0,0.119,0.2123,0.0268,0.7559,1.4046,2.1015,19.01,0.0,0.0,2798,13510,4,14
2026-07-27,2026-08-16,Variant A,40-99,PAYER,Red Challenge,36.2938,0.1069,0.2602,0.1187,0.0,0.0,0.0,0.0,0.0,0.0,0.0,0.0,0.0,2798,13510,4,15
2026-07-27,2026-08-16,Variant A,40-99,PAYER,River Rush,0.1233,0.0007,0.0014,0.0018,0.0011,0.0,0.0007,0.0143,0.0089,0.0197,0.0,0.0,0.0054,2798,13510,4,16
2026-07-27,2026-08-16,Variant A,40-99,PAYER,Saga,161.0204,2.6394,2.659,0.0054,2.6866,2.6773,2.6776,0.0,0.0,0.0,703.1648,0.0,0.0,2798,13510,4,17
2026-07-27,2026-08-16,Variant A,40-99,PAYER,Season Pass (Free),63.1665,0.6701,0.8989,0.3463,1.2845,1.5743,1.01,2.9932,8.0522,12.5304,92.7055,0.178,0.0,2798,13510,4,18
2026-07-27,2026-08-16,Variant A,40-99,PAYER,Target Day,57.0229,0.2931,0.3027,0.3624,0.1883,0.1898,0.2109,0.0,0.0,0.0,36.9907,0.0,0.0,2798,13510,4,19
2026-07-27,2026-08-16,Variant A,40-99,PAYER,Team Event,61.451,0.6626,0.3338,0.2016,0.0,0.0,0.0,0.0,0.0,0.0,0.0,0.0,0.0,2798,13510,4,20
2026-07-27,2026-08-16,Variant A,40-99,PAYER,Team Race,73.0272,0.3138,0.6126,0.9732,0.0633,0.1183,0.3992,0.0,0.0,0.0,0.0,0.0,0.0,2798,13510,4,21
2026-07-27,2026-08-16,Variant A,40-99,PAYER,Flash Race,34.1494,0.2459,0.3631,0.4285,0.0797,0.1419,0.3242,0.0,0.0,0.0,1.9746,75.6826,0.0,2798,13510,4,22
2026-07-27,2026-08-16,Variant A,40-99,PAYER,FlowerCoop,0.0,0.0,0.0,0.0,0.0,0.0,0.0,0.0,0.0,0.0,0.0,0.0,0.0,2798,13510,4,23
2026-07-27,2026-08-16,Variant A,40-99,PAYER,Rainbow Maker,86.5297,3.1891,1.985,1.2566,2.1916,1.8449,1.1544,0.0,4.0922,11.4332,94.4425,435.545,16.7727,2798,13510,4,24
2026-07-27,2026-08-16,Variant A,40-99,PAYER,IAPs,0.0,0.0,0.0,0.0,0.0,0.0,0.0,0.0,0.0,0.0,0.0,0.0,0.0,2798,13510,4,25
2026-07-27,2026-08-16,Variant A,100+,NONPAYER,Ads,23.759,0.5307,0.5104,0.2613,0.0018,0.0027,0.0005,0.0,0.0,0.0,7.8949,0.0,0.0,2216,7937,5,1
2026-07-27,2026-08-16,Variant A,100+,NONPAYER,Bomb Challenge,42.2834,0.0338,0.1462,0.1683,0.0,0.0,0.0,0.0,0.0,0.0,0.0,0.0,0.0,2216,7937,5,2
2026-07-27,2026-08-16,Variant A,100+,NONPAYER,Bomb's Ballet,15.3204,0.1498,0.1191,0.1191,0.1891,0.2035,0.1191,4.3615,4.56,4.8646,26.1823,0.0,0.0,2216,7937,5,3
2026-07-27,2026-08-16,Variant A,100+,NONPAYER,Chuck Challenge,50.5415,0.0176,0.1426,0.2013,0.0,0.0,0.0,0.0,0.0,0.0,0.0,0.0,0.0,2216,7937,5,4
2026-07-27,2026-08-16,Variant A,100+,NONPAYER,Core,421.1214,3.3204,4.5366,1.602,1.435,2.2356,1.7347,0.0,0.0,0.0,259.7789,2803.4973,0.0,2216,7937,5,5
2026-07-27,2026-08-16,Variant A,100+,NONPAYER,Daily Gift,47.7279,0.8123,0.4125,0.0528,0.0,0.0,0.0,1.9901,4.0884,5.7942,58.1769,0.0,0.0271,2216,7937,5,6
2026-07-27,2026-08-16,Variant A,100+,NONPAYER,Daily Night Sky Prize,365.7491,1.0763,0.0,0.3475,1.4165,0.7288,0.0,0.0,0.0,0.0,86.5298,0.0,0.0,2216,7937,5,7
2026-07-27,2026-08-16,Variant A,100+,NONPAYER,Flock Flurry,0.0,0.6769,0.0,0.0,0.6769,0.6769,0.6769,0.0,0.0,0.0,99.8917,12.8249,0.0,2216,7937,5,8
2026-07-27,2026-08-16,Variant A,100+,NONPAYER,Hatchling Hideaway,38.2198,0.6927,0.6909,0.6977,0.7243,0.7094,0.7062,0.0,6.6922,6.7825,64.6435,0.0,0.0,2216,7937,5,9
2026-07-27,2026-08-16,Variant A,100+,NONPAYER,Jigsaw,19.111,0.185,0.0,0.1606,0.2283,0.2387,0.1606,4.6751,5.2956,5.5866,30.5144,0.0,0.0,2216,7937,5,10
2026-07-27,2026-08-16,Variant A,100+,NONPAYER,Kite Festival,51.602,0.0736,0.1191,0.111,0.0108,0.0167,0.0284,0.0,0.0,0.0,18.2536,71.1327,0.0,2216,7937,5,11
2026-07-27,2026-08-16,Variant A,100+,NONPAYER,Level Race,0.0,0.0,0.0,0.0,0.0,0.0,0.0,0.0,0.0,0.0,0.0,0.0,0.0,2216,7937,5,12
2026-07-27,2026-08-16,Variant A,100+,NONPAYER,Other,63.6629,0.3488,0.5144,0.4043,0.9995,0.9783,0.9783,0.0406,0.0406,0.0406,10.1038,26.0108,0.0,2216,7937,5,13
2026-07-27,2026-08-16,Variant A,100+,NONPAYER,Photoshoot,9.9955,0.0,0.0889,0.0,0.1227,0.153,0.074,1.4486,1.7396,1.9495,26.5208,0.0,0.0,2216,7937,5,14
2026-07-27,2026-08-16,Variant A,100+,NONPAYER,Red Challenge,55.2798,0.0126,0.1309,0.2306,0.0,0.0,0.0,0.0,0.0,0.0,0.0,0.0,0.0,2216,7937,5,15
2026-07-27,2026-08-16,Variant A,100+,NONPAYER,River Rush,0.1038,0.0005,0.0005,0.0,0.0,0.0,0.0,0.0,0.0,0.0135,0.0,0.0,0.0,2216,7937,5,16
2026-07-27,2026-08-16,Variant A,100+,NONPAYER,Saga,272.9377,4.4161,4.3899,0.0063,4.5104,4.3854,4.4517,0.0,0.0,0.0,1183.0889,0.0,0.0,2216,7937,5,17
2026-07-27,2026-08-16,Variant A,100+,NONPAYER,Season Pass (Free),39.3976,0.2554,0.5925,0.0,1.5068,1.7911,0.6764,0.0542,4.0411,10.5596,44.3118,0.0668,0.0,2216,7937,5,18
2026-07-27,2026-08-16,Variant A,100+,NONPAYER,Target Day,82.051,0.1336,0.2586,0.6525,0.037,0.0483,0.1449,0.0,0.0,0.0,21.9991,0.0,0.0,2216,7937,5,19
2026-07-27,2026-08-16,Variant A,100+,NONPAYER,Team Event,45.995,0.403,0.2229,0.1782,0.0,0.0,0.0,0.0,0.0,0.0,0.0,0.0,0.0,2216,7937,5,20
2026-07-27,2026-08-16,Variant A,100+,NONPAYER,Team Race,39.9007,0.1015,0.2947,0.5135,0.0171,0.0411,0.218,0.0,0.0,0.0,0.0,0.0,0.0,2216,7937,5,21
2026-07-27,2026-08-16,Variant A,100+,NONPAYER,Flash Race,32.7933,0.167,0.3163,0.4427,0.0347,0.0912,0.2559,0.0,0.0,0.0,0.7107,63.8741,0.0,2216,7937,5,22
2026-07-27,2026-08-16,Variant A,100+,NONPAYER,FlowerCoop,0.0,0.0,0.0,0.0,0.0,0.0,0.0,0.0,0.0,0.0,0.0,0.0,0.0,2216,7937,5,23
2026-07-27,2026-08-16,Variant A,100+,NONPAYER,Rainbow Maker,1270.519,11.4016,10.9147,10.1079,2.097,1.7987,2.1394,0.0,5.9702,8.917,112.9783,632.6083,16.6606,2216,7937,5,24
2026-07-27,2026-08-16,Variant A,100+,NONPAYER,IAPs,0.0,0.0,0.0,0.0,0.0,0.0,0.0,0.0,0.0,0.0,0.0,0.0,0.0,2216,7937,5,25
2026-07-27,2026-08-16,Variant A,100+,PAYER,Ads,24.9045,0.5625,0.5313,0.2865,0.0,0.0069,0.0017,0.0,0.0,0.0,9.4965,0.0,0.0,576,1998,5,1
2026-07-27,2026-08-16,Variant A,100+,PAYER,Bomb Challenge,37.1528,0.026,0.1111,0.1493,0.0,0.0,0.0,0.0,0.0,0.0,0.0,0.0,0.0,576,1998,5,2
2026-07-27,2026-08-16,Variant A,100+,PAYER,Bomb's Ballet,15.2778,0.1545,0.1094,0.1076,0.2083,0.2135,0.1076,4.6615,4.8698,5.1215,26.4063,0.0,0.0,576,1998,5,3
2026-07-27,2026-08-16,Variant A,100+,PAYER,Chuck Challenge,51.1285,0.0156,0.1319,0.2135,0.0,0.0,0.0,0.0,0.0,0.0,0.0,0.0,0.0,576,1998,5,4
2026-07-27,2026-08-16,Variant A,100+,PAYER,Core,323.7066,2.4861,3.4931,1.3212,1.1528,1.5972,1.2431,0.0,0.0,0.0,201.1458,2480.8351,0.0,576,1998,5,5
2026-07-27,2026-08-16,Variant A,100+,PAYER,Daily Gift,48.5156,0.7969,0.4132,0.0747,0.0,0.0,0.0,1.5104,3.125,5.3125,58.4375,0.0,0.026,576,1998,5,6
2026-07-27,2026-08-16,Variant A,100+,PAYER,Daily Night Sky Prize,366.4583,1.0538,0.0,0.4392,1.3733,0.6146,0.0,0.0,0.0,0.0,71.1285,0.0,0.0,576,1998,5,7
2026-07-27,2026-08-16,Variant A,100+,PAYER,Flock Flurry,0.0,0.7222,0.0,0.0,0.7222,0.7222,0.7222,0.0,0.0,0.0,102.3264,13.6806,0.0,576,1998,5,8
2026-07-27,2026-08-16,Variant A,100+,PAYER,Hatchling Hideaway,37.5694,0.6649,0.6927,0.6979,0.7552,0.7222,0.7049,0.0,6.3889,6.8056,66.4583,0.0,0.0,576,1998,5,9
2026-07-27,2026-08-16,Variant A,100+,PAYER,Jigsaw,18.3594,0.1736,0.0,0.1563,0.2118,0.2274,0.1563,4.4618,5.2344,5.3906,28.8542,0.0,0.0,576,1998,5,10
2026-07-27,2026-08-16,Variant A,100+,PAYER,Kite Festival,57.1615,0.099,0.1458,0.1059,0.0191,0.0226,0.0295,0.0,0.0,0.0,22.092,77.6302,0.0,576,1998,5,11
2026-07-27,2026-08-16,Variant A,100+,PAYER,Level Race,0.0,0.0,0.0,0.0,0.0,0.0,0.0,0.0,0.0,0.0,0.0,0.0,0.0,576,1998,5,12
2026-07-27,2026-08-16,Variant A,100+,PAYER,Other,91.0347,0.783,0.7708,0.5642,1.1424,1.2448,1.2517,0.1042,0.1042,0.1042,43.0677,81.6753,0.0,576,1998,5,13
2026-07-27,2026-08-16,Variant A,100+,PAYER,Photoshoot,8.8542,0.0,0.0781,0.0,0.1198,0.1354,0.0573,1.3021,1.7708,1.875,23.4375,0.0,0.0,576,1998,5,14
2026-07-27,2026-08-16,Variant A,100+,PAYER,Red Challenge,46.7882,0.0208,0.1354,0.1892,0.0,0.0,0.0,0.0,0.0,0.0,0.0,0.0,0.0,576,1998,5,15
2026-07-27,2026-08-16,Variant A,100+,PAYER,River Rush,0.0,0.0017,0.0017,0.0035,0.0,0.0017,0.0035,0.0347,0.026,0.0,0.0,0.0,0.0,576,1998,5,16
2026-07-27,2026-08-16,Variant A,100+,PAYER,Saga,257.2569,4.2101,4.1997,0.0087,4.2535,4.1372,4.2587,0.0,0.0,0.0,1124.6354,0.0,0.0,576,1998,5,17
2026-07-27,2026-08-16,Variant A,100+,PAYER,Season Pass (Free),76.1198,0.7639,1.0972,0.4479,1.8698,2.0955,1.3142,3.6458,10.4253,15.9462,114.5313,0.1563,0.0,576,1998,5,18
2026-07-27,2026-08-16,Variant A,100+,PAYER,Target Day,75.5642,0.1146,0.2292,0.6024,0.0417,0.0764,0.1441,0.0,0.0,0.0,24.375,0.0,0.0,576,1998,5,19
2026-07-27,2026-08-16,Variant A,100+,PAYER,Team Event,47.1701,0.3906,0.309,0.1649,0.0,0.0,0.0,0.0,0.0,0.0,0.0,0.0,0.0,576,1998,5,20
2026-07-27,2026-08-16,Variant A,100+,PAYER,Team Race,55.7378,0.1667,0.4306,0.7257,0.026,0.0799,0.3108,0.0,0.0,0.0,0.0,0.0,0.0,576,1998,5,21
2026-07-27,2026-08-16,Variant A,100+,PAYER,Flash Race,34.3924,0.1406,0.3368,0.4688,0.0365,0.0938,0.2014,0.0,0.0,0.0,1.8056,61.25,0.0,576,1998,5,22
2026-07-27,2026-08-16,Variant A,100+,PAYER,FlowerCoop,0.0,0.0,0.0,0.0,0.0,0.0,0.0,0.0,0.0,0.0,0.0,0.0,0.0,576,1998,5,23
2026-07-27,2026-08-16,Variant A,100+,PAYER,Rainbow Maker,2007.2743,15.8212,15.283,14.5469,1.974,1.8229,2.1649,0.0,5.5903,8.2639,116.3368,629.5226,15.4167,576,1998,5,24
2026-07-27,2026-08-16,Variant A,100+,PAYER,IAPs,0.0,0.0,0.0,0.0,0.0,0.0,0.0,0.0,0.0,0.0,0.0,0.0,0.0,576,1998,5,25
