event_date,segment,ab_group,resource,unit,players,balance_eod_p25,balance_eod_p50,balance_eod_p75,balance_eod_p90,balance_mean,balance_zero_share,balance_intraday_min_p50,balance_intraday_max_p50
2026-08-02,A. 0,Control,HardCoin,coins,5266,78.17680677736088,200.0,437.8170891723956,3371.539852941173,1679.77,0.64,198.67915931804825,200.0027127142109
2026-08-02,A. 0,Control,powerup_1,items,5266,0.0,1.0,3.0,9.271560304936925,8.51,35.34,,
2026-08-02,A. 0,Control,powerup_2,items,5266,1.0,2.680238636660656,5.921741637831603,24.48944729344734,18.56,19.14,,
2026-08-02,A. 0,Control,powerup_3,items,5266,0.997062087876216,2.410016633534829,5.871783345018196,25.85935022742045,17.87,21.53,,
2026-08-02,A. 0,Control,pre_level_booster_1,items,5266,0.027198516663455984,3.5860948558849253,17.52497716046516,115.1682192206179,48.42,27.77,,
2026-08-02,A. 0,Control,pre_level_booster_2,items,5266,0.03017065641563283,4.5415382454706785,19.07941599419754,114.19811027683507,47.34,27.26,,
2026-08-02,A. 0,Control,pre_level_booster_3,items,5266,0.0,2.897737120847376,8.45736681465039,58.52211273421197,25.87,34.91,,
2026-08-02,A. 0,Variant,HardCoin,coins,5384,70.19424623400158,194.36848003717245,381.676433984159,2727.9423300590997,1500.11,0.49,176.5392671587535,199.9206681691635
2026-08-02,A. 0,Variant,powerup_1,items,5384,0.0,1.0,3.0,8.406452409619959,21.33,38.41,,
2026-08-02,A. 0,Variant,powerup_2,items,5384,1.0,2.5592547026012635,5.996152479934228,21.842351629257934,17.12,19.21,,
2026-08-02,A. 0,Variant,powerup_3,items,5384,0.8957250946546862,2.0469545232058497,5.296607740086002,23.402435666631384,16.39,23.54,,
2026-08-02,A. 0,Variant,pre_level_booster_1,items,5384,0.02507334066740008,3.6693137534196913,16.783602253401362,98.39660618279582,42.72,27.02,,
2026-08-02,A. 0,Variant,pre_level_booster_2,items,5384,0.05994167060321634,4.480764771058258,17.736011197733692,96.89399931732858,41.5,27.08,,
2026-08-02,A. 0,Variant,pre_level_booster_3,items,5384,0.0,2.6763623683761266,8.016179856322669,51.4870282732679,22.94,35.37,,
2026-08-02,B. 1-9,Control,HardCoin,coins,7596,78.65061032758051,199.75628617083808,308.63384392873576,1155.9011971104244,883.85,0.62,190.17182875612312,200.26520492450155
2026-08-02,B. 1-9,Control,powerup_1,items,7596,0.0,2.104169397116644,3.0,5.44977526754696,4.71,35.76,,
2026-08-02,B. 1-9,Control,powerup_2,items,7596,1.0,3.0,4.356615671641789,12.422606851729466,9.88,20.21,,
2026-08-02,B. 1-9,Control,powerup_3,items,7596,1.0,3.0,4.374651562262179,13.990524834670058,9.83,19.64,,
2026-08-02,B. 1-9,Control,pre_level_booster_1,items,7596,1.9453086850366237,3.092391684748373,12.458087553388136,63.15769438571775,31.6,13.78,,
2026-08-02,B. 1-9,Control,pre_level_booster_2,items,7596,1.9863414634146341,4.876656370673641,14.012086193222425,62.43821851782115,31.27,14.88,,
2026-08-02,B. 1-9,Control,pre_level_booster_3,items,7596,0.19830091301615888,3.0,6.04547977900995,22.087489348752307,14.09,26.51,,
2026-08-02,B. 1-9,Variant,HardCoin,coins,7387,71.99054557865993,194.9502388510133,287.4456108013806,1099.0033521035202,850.61,0.69,184.4853343507214,200.05378508175332
2026-08-02,B. 1-9,Variant,powerup_1,items,7387,0.0,1.9466369114671775,3.0,5.334341620190946,4.32,37.54,,
2026-08-02,B. 1-9,Variant,powerup_2,items,7387,1.0144359005166406,3.0,4.983954815509692,13.276914483082106,9.99,18.0,,
2026-08-02,B. 1-9,Variant,powerup_3,items,7387,1.0,3.0,4.179546060891401,13.400973777195933,9.87,20.9,,
2026-08-02,B. 1-9,Variant,pre_level_booster_1,items,7387,2.0,3.281469820928392,13.213379282980862,61.43276634325231,32.42,13.74,,
2026-08-02,B. 1-9,Variant,pre_level_booster_2,items,7387,2.424851035838688,4.926573230081035,14.847619494508146,60.274309116809135,32.28,12.08,,
2026-08-02,B. 1-9,Variant,pre_level_booster_3,items,7387,0.3186820250349255,3.0,6.195732931726907,22.14737652984481,14.29,25.98,,
2026-08-02,C. 10-19,Control,HardCoin,coins,5534,71.77092089249494,181.28369310741635,352.8091951189449,1166.9123605018083,878.7,0.53,124.14769788550275,237.20813889184677
2026-08-02,C. 10-19,Control,powerup_1,items,5534,0.0,1.0652939293715993,3.0,5.428571428571433,3.96,38.78,,
2026-08-02,C. 10-19,Control,powerup_2,items,5534,0.9739943019943019,2.982959650736266,4.947268130045973,11.668182243719775,7.94,22.33,,
2026-08-02,C. 10-19,Control,powerup_3,items,5534,1.0,3.0,5.4945913282240095,14.483054187192128,8.94,18.5,,
2026-08-02,C. 10-19,Control,pre_level_booster_1,items,5534,2.035971129518594,5.453628709721821,15.40945379427669,70.9173130735761,35.17,15.4,,
2026-08-02,C. 10-19,Control,pre_level_booster_2,items,5534,2.260587499369347,6.880052321778941,17.079933545986187,70.83763276256617,35.01,13.79,,
2026-08-02,C. 10-19,Control,pre_level_booster_3,items,5534,0.985760893607609,3.894722801726482,7.540080291065634,27.894255319148964,16.02,22.23,,
2026-08-02,C. 10-19,Variant,HardCoin,coins,5541,63.92773390004335,148.4227135159076,303.1595413642807,882.7745394112061,793.76,0.82,95.52926691291474,218.98682560581832
2026-08-02,C. 10-19,Variant,powerup_1,items,5541,0.0,1.0467511725699497,3.0,4.997305263157895,3.83,42.84,,
2026-08-02,C. 10-19,Variant,powerup_2,items,5541,0.980954905989704,3.0,5.172457746478875,12.439103493737653,8.18,22.5,,
2026-08-02,C. 10-19,Variant,powerup_3,items,5541,0.9912035638779824,3.0,4.84388197791945,13.276895085395621,8.89,22.09,,
2026-08-02,C. 10-19,Variant,pre_level_booster_1,items,5541,1.9707952146375791,4.781937721170802,13.80367369277723,62.32434422921722,34.38,15.14,,
2026-08-02,C. 10-19,Variant,pre_level_booster_2,items,5541,2.076436845622632,5.998066868804886,15.812682076668391,62.73442963475862,34.75,13.73,,
2026-08-02,C. 10-19,Variant,pre_level_booster_3,items,5541,0.7736421728535674,4.137627243625088,7.62801839963605,25.656048902472946,15.23,24.4,,
2026-08-02,D. 20-39,Control,HardCoin,coins,4544,69.5722342431455,159.61844304835276,387.6772757384459,1061.7351152073732,793.45,0.51,91.69598793363498,276.66890221372137
2026-08-02,D. 20-39,Control,powerup_1,items,4544,0.0,1.0155063802293653,3.0,5.793767085839255,3.87,39.13,,
2026-08-02,D. 20-39,Control,powerup_2,items,4544,1.0,3.0,5.977871443624868,12.017320983348185,7.27,20.44,,
2026-08-02,D. 20-39,Control,powerup_3,items,4544,1.0,3.0,6.808091657715717,14.663421052631577,9.08,18.38,,
2026-08-02,D. 20-39,Control,pre_level_booster_1,items,4544,2.5796614100185526,7.702328104962022,15.682978006724731,54.01141097424411,31.45,13.69,,
2026-08-02,D. 20-39,Control,pre_level_booster_2,items,4544,2.8907434700306784,8.677844990548206,17.651475029035996,54.20854184641931,31.98,14.0,,
2026-08-02,D. 20-39,Control,pre_level_booster_3,items,4544,1.0121485595279418,5.0,8.486218493796047,23.22223767885532,14.6,19.81,,
2026-08-02,D. 20-39,Variant,HardCoin,coins,4663,65.73336689917149,145.7890652207054,342.6084871836203,948.3888685388699,760.24,0.43,82.78220400289365,244.85619909502256
2026-08-02,D. 20-39,Variant,powerup_1,items,4663,0.0,1.0,3.0,5.386776859504132,3.71,44.54,,
2026-08-02,D. 20-39,Variant,powerup_2,items,4663,1.0,3.0,5.8815668505384835,12.097356115848884,7.64,21.49,,
2026-08-02,D. 20-39,Variant,powerup_3,items,4663,1.0,3.0,6.160395810618827,14.310323609610531,8.56,20.18,,
2026-08-02,D. 20-39,Variant,pre_level_booster_1,items,4663,2.13194195041738,5.914739107046799,13.10928550186835,54.8475318231352,30.66,14.58,,
2026-08-02,D. 20-39,Variant,pre_level_booster_2,items,4663,2.268794436259167,7.504724430312665,15.235631300320266,54.508296481036496,31.35,14.67,,
2026-08-02,D. 20-39,Variant,pre_level_booster_3,items,4663,1.0,5.0,8.692976725193956,24.968466226694055,14.96,19.9,,
2026-08-02,E. 40-99,Control,HardCoin,coins,3033,70.36497286226319,157.0209369721861,506.2594292803969,1430.9086274509807,860.09,0.73,69.21110211982736,340.036814206202
2026-08-02,E. 40-99,Control,powerup_1,items,3033,0.0,1.0,3.1861984483462638,6.747665847665849,4.17,38.62,,
2026-08-02,E. 40-99,Control,powerup_2,items,3033,1.0,2.895229585890762,6.499143835616439,12.051111111111116,7.51,21.7,,
2026-08-02,E. 40-99,Control,powerup_3,items,3033,1.0,3.7164548022598867,8.385632183908045,16.65101736972705,9.7,17.74,,
2026-08-02,E. 40-99,Control,pre_level_booster_1,items,3033,3.0640698944302875,9.572055558424124,20.146076202096395,68.76197115384622,35.75,12.93,,
2026-08-02,E. 40-99,Control,pre_level_booster_2,items,3033,3.083809523809524,10.440129449838189,22.316419753086414,69.04555953155506,36.41,12.99,,
2026-08-02,E. 40-99,Control,pre_level_booster_3,items,3033,1.0095742000503904,5.582232893157261,10.660586936558488,29.76468468468471,17.01,18.7,,
2026-08-02,E. 40-99,Variant,HardCoin,coins,2790,61.818534394774446,138.33904425473457,413.94757448433916,1037.2325333333347,753.57,0.72,61.03891912320485,305.87305010256006
2026-08-02,E. 40-99,Variant,powerup_1,items,2790,0.0,0.6194373401534526,3.0,5.0,3.3,48.98,,
2026-08-02,E. 40-99,Variant,powerup_2,items,2790,0.25694966190833973,2.0,5.506305718634484,10.880108780108776,6.52,26.07,,
2026-08-02,E. 40-99,Variant,powerup_3,items,2790,0.9910386029411765,2.7154795821462487,6.196541666666667,13.037243837243834,7.38,23.49,,
2026-08-02,E. 40-99,Variant,pre_level_booster_1,items,2790,1.8512373453318336,6.1268051080081145,13.955107526881722,51.019022046353946,29.9,16.07,,
2026-08-02,E. 40-99,Variant,pre_level_booster_2,items,2790,1.7171717171717173,8.182951968666256,15.752857796067673,48.678068996415824,30.12,16.5,,
2026-08-02,E. 40-99,Variant,pre_level_booster_3,items,2790,1.0,5.151540310246886,9.736572602928987,25.32289738430586,15.28,21.05,,
2026-08-02,F. 100+,Control,HardCoin,coins,448,62.54423076923077,156.64415584415585,718.0277777777778,1406.6500000000003,807.02,0.22,38.19876543209877,459.0005194805195
2026-08-02,F. 100+,Control,powerup_1,items,448,0.0,1.0,4.071428571428572,7.549999999999997,3.38,40.18,,
2026-08-02,F. 100+,Control,powerup_2,items,448,0.9533333333333334,2.0,7.444444444444445,12.0,5.32,23.88,,
2026-08-02,F. 100+,Control,powerup_3,items,448,1.0,2.807692307692308,9.069444444444445,14.549999999999997,6.58,22.32,,
2026-08-02,F. 100+,Control,pre_level_booster_1,items,448,2.7075000000000005,11.048951048951048,21.459876543209877,57.47500000000001,24.83,11.86,,
2026-08-02,F. 100+,Control,pre_level_booster_2,items,448,2.7,12.091228070175438,23.159999999999997,58.72444444444446,25.72,13.87,,
2026-08-02,F. 100+,Control,pre_level_booster_3,items,448,1.0,5.926470588235294,10.842361111111112,26.600000000000005,11.8,22.82,,
2026-08-02,F. 100+,Variant,HardCoin,coins,442,62.87009803921569,142.71153846153848,599.8888888888889,1204.8333333333333,828.91,1.14,39.69387755102041,410.9969696969697
2026-08-02,F. 100+,Variant,powerup_1,items,442,0.0,0.34656084656084657,3.0,5.255555555555556,3.32,50.45,,
2026-08-02,F. 100+,Variant,powerup_2,items,442,0.0,1.880952380952381,6.085714285714285,12.0,5.76,32.13,,
2026-08-02,F. 100+,Variant,powerup_3,items,442,0.7789473684210526,2.576923076923077,7.169934640522877,14.116000000000001,8.13,23.98,,
2026-08-02,F. 100+,Variant,pre_level_booster_1,items,442,1.0,7.2066326530612255,13.308035714285714,32.74375000000002,21.59,17.23,,
2026-08-02,F. 100+,Variant,pre_level_booster_2,items,442,1.0,7.323565323565323,15.355263157894736,33.96875000000003,22.08,18.37,,
2026-08-02,F. 100+,Variant,pre_level_booster_3,items,442,1.0,5.545454545454546,10.51388888888889,25.83333333333336,12.69,22.22,,
2026-08-03,A. 0,Control,HardCoin,coins,4074,94.8435299149097,200.0,511.7489978626793,3573.504660975371,1744.87,0.3,199.9951866062086,200.0
2026-08-03,A. 0,Control,powerup_1,items,4074,0.07710843373493977,1.2028270864361783,3.178381642512077,10.643986267147364,7.55,27.81,,
2026-08-03,A. 0,Control,powerup_2,items,4074,1.0,3.0,7.23673355813739,31.00112299465239,20.05,13.67,,
2026-08-03,A. 0,Control,powerup_3,items,4074,1.0,3.0,7.555657142857144,31.009563430919357,19.08,16.27,,
2026-08-03,A. 0,Control,pre_level_booster_1,items,4074,1.0,4.560455530065532,20.257618534796404,109.178686839013,42.17,22.64,,
2026-08-03,A. 0,Control,pre_level_booster_2,items,4074,1.0,6.066546474358974,21.936927413671597,108.10771349862267,41.58,21.46,,
2026-08-03,A. 0,Control,pre_level_booster_3,items,4074,0.0,2.9990789564576668,9.082769808260007,50.12369681968902,20.9,31.34,,
2026-08-03,A. 0,Variant,HardCoin,coins,3994,86.48644016416381,200.0,395.30559428626606,3115.419046104934,1491.98,0.38,199.39335406776888,200.0
2026-08-03,A. 0,Variant,powerup_1,items,3994,0.014180672268907566,1.0299602358425888,3.0,9.352287581699354,6.32,28.66,,
2026-08-03,A. 0,Variant,powerup_2,items,3994,1.0,3.0,6.875,27.960885939741775,16.88,14.55,,
2026-08-03,A. 0,Variant,powerup_3,items,3994,1.0,2.9738292011019287,6.513529693486591,27.814781497572216,15.4,17.66,,
2026-08-03,A. 0,Variant,pre_level_booster_1,items,3994,0.5630065151755919,4.188004933703361,16.991609717558767,87.94039829302992,33.34,24.67,,
2026-08-03,A. 0,Variant,pre_level_booster_2,items,3994,0.9917491749174918,5.327918634929066,18.041907932831506,87.22624297688134,33.51,23.07,,
2026-08-03,A. 0,Variant,pre_level_booster_3,items,3994,0.0,2.9849732545045042,7.982048932776815,37.56638888888893,16.45,33.29,,
2026-08-03,B. 1-9,Control,HardCoin,coins,7328,79.29113116819667,199.42804428044278,326.40288012773283,1259.3892254569373,957.65,0.62,175.13750263393194,202.36695199464828
2026-08-03,B. 1-9,Control,powerup_1,items,7328,0.0,1.9253188047202132,3.0,5.973287036693915,5.24,31.85,,
2026-08-03,B. 1-9,Control,powerup_2,items,7328,1.0,3.0,4.836006544732074,13.692206461670581,10.82,20.05,,
2026-08-03,B. 1-9,Control,powerup_3,items,7328,1.0,3.0,4.80612865497076,14.554619233610456,10.99,19.5,,
2026-08-03,B. 1-9,Control,pre_level_booster_1,items,7328,1.8143170002200844,3.2123320190934486,13.374477823083968,69.38766047617723,34.18,14.81,,
2026-08-03,B. 1-9,Control,pre_level_booster_2,items,7328,2.0406168880745157,4.981416230961583,15.345205088042627,68.32050963845454,33.83,12.09,,
2026-08-03,B. 1-9,Control,pre_level_booster_3,items,7328,0.10576341647770218,3.0,6.341617872953073,24.813224112581384,15.07,27.01,,
2026-08-03,B. 1-9,Variant,HardCoin,coins,7260,75.53338652482269,195.7923497430248,299.99667808054016,1209.944659957177,931.55,0.44,163.72831517913488,200.08541108537003
2026-08-03,B. 1-9,Variant,powerup_1,items,7260,0.0,1.7901923865289524,3.0,5.634361702127664,4.49,34.77,,
2026-08-03,B. 1-9,Variant,powerup_2,items,7260,1.0437051694286419,3.0,5.235435655381944,13.820604517158007,10.02,16.79,,
2026-08-03,B. 1-9,Variant,powerup_3,items,7260,1.0,3.0,4.551439155334212,13.863475684058942,9.92,20.17,,
2026-08-03,B. 1-9,Variant,pre_level_booster_1,items,7260,2.0,3.7443998650370443,14.2184292600309,69.43606614496517,35.75,10.93,,
2026-08-03,B. 1-9,Variant,pre_level_booster_2,items,7260,2.0879060993502403,4.896579484944852,14.898164335664335,65.45156177156174,34.85,12.77,,
2026-08-03,B. 1-9,Variant,pre_level_booster_3,items,7260,0.32249094945397744,3.0,6.353002902584403,24.634188624279584,15.6,25.92,,
2026-08-03,C. 10-19,Control,HardCoin,coins,5776,71.66674100031857,179.73159919839495,371.5996800462673,1212.4791805463028,934.15,0.51,104.94263621584065,245.20428785607194
2026-08-03,C. 10-19,Control,powerup_1,items,5776,0.0,1.124238320920785,3.0,5.695545447982095,4.83,36.05,,
2026-08-03,C. 10-19,Control,powerup_2,items,5776,1.0,2.961266774020397,5.164291545987825,11.593028257191738,8.87,21.37,,
2026-08-03,C. 10-19,Control,powerup_3,items,5776,1.0,3.0,5.690219754245836,14.635971286777737,10.36,18.44,,
2026-08-03,C. 10-19,Control,pre_level_booster_1,items,5776,1.9481886822897383,5.593947455936148,15.34704877670979,71.62179487179488,36.95,15.43,,
2026-08-03,C. 10-19,Control,pre_level_booster_2,items,5776,2.47514546264204,7.3693052071024425,17.897390645684606,71.49820512820511,37.44,10.98,,
2026-08-03,C. 10-19,Control,pre_level_booster_3,items,5776,0.942509896091044,3.8908296943231435,7.6310395343092745,26.20043918287546,17.71,23.03,,
2026-08-03,C. 10-19,Variant,HardCoin,coins,5893,71.14607780907423,167.06563461494633,321.24420413741626,1017.1341114408841,881.25,0.6,90.50134004139231,225.7179963157723
2026-08-03,C. 10-19,Variant,powerup_1,items,5893,0.0,1.0646467284837404,3.0,5.6482363463174465,4.38,38.42,,
2026-08-03,C. 10-19,Variant,powerup_2,items,5893,1.037698898408813,3.0,6.0153645501972255,13.867192906574388,9.92,16.19,,
2026-08-03,C. 10-19,Variant,powerup_3,items,5893,1.0,3.0,5.1604801978581705,14.569369063772044,9.82,19.58,,
2026-08-03,C. 10-19,Variant,pre_level_booster_1,items,5893,2.0,5.254463753016503,15.316969422352075,69.34684065934061,38.22,13.76,,
2026-08-03,C. 10-19,Variant,pre_level_booster_2,items,5893,2.0130760986066454,5.980865609849104,16.36506085584237,68.42239350912776,37.94,13.58,,
2026-08-03,C. 10-19,Variant,pre_level_booster_3,items,5893,0.9213660051003437,3.7837219102500024,7.941825956880271,27.208891624517165,17.16,23.54,,
2026-08-03,D. 20-39,Control,HardCoin,coins,4815,72.85834810845267,179.38287034155672,434.6926051047518,1149.5518125502429,948.01,0.48,87.36789017798586,300.45687951581505
2026-08-03,D. 20-39,Control,powerup_1,items,4815,0.0,1.072752365930599,3.000391375507009,6.174227217984745,4.89,36.2,,
2026-08-03,D. 20-39,Control,powerup_2,items,4815,1.0,3.0,5.984167517875383,11.953125000000002,8.67,19.75,,
2026-08-03,D. 20-39,Control,powerup_3,items,4815,1.0061729966398536,3.0195571853209984,7.198832558401555,15.498724489795919,10.36,16.61,,
2026-08-03,D. 20-39,Control,pre_level_booster_1,items,4815,2.333634640260493,7.986060210717744,17.194023694023695,67.77120829120324,39.44,13.71,,
2026-08-03,D. 20-39,Control,pre_level_booster_2,items,4815,3.1356961382113817,9.586883652100592,19.73645916941063,68.6218403150734,40.21,10.84,,
2026-08-03,D. 20-39,Control,pre_level_booster_3,items,4815,1.0002861721611722,4.995501635768811,9.184335320332535,30.180899975544143,19.32,20.25,,
2026-08-03,D. 20-39,Variant,HardCoin,coins,4900,71.5813338144206,166.36837879512578,365.1895690931876,1018.2392174440395,841.72,0.7,80.17587484792593,272.1046464439672
2026-08-03,D. 20-39,Variant,powerup_1,items,4900,0.0,1.0273887332710863,3.0,5.649830220713073,4.57,38.22,,
2026-08-03,D. 20-39,Variant,powerup_2,items,4900,1.0091911764705883,3.0542653309046734,6.678149015417014,13.22564102564103,9.4,16.37,,
2026-08-03,D. 20-39,Variant,powerup_3,items,4900,1.0,3.0,6.01051337300485,14.212160145888594,9.99,16.94,,
2026-08-03,D. 20-39,Variant,pre_level_booster_1,items,4900,2.5254201777822236,6.574274490941158,15.061148678504711,63.92607278174289,36.57,12.84,,
2026-08-03,D. 20-39,Variant,pre_level_booster_2,items,4900,2.3157561259512978,7.260572060341657,16.4984934086629,62.69944240446076,36.21,13.49,,
2026-08-03,D. 20-39,Variant,pre_level_booster_3,items,4900,1.0,4.976166666666668,9.09672988149373,29.19451837558498,18.16,19.22,,
2026-08-03,E. 40-99,Control,HardCoin,coins,3169,70.96191678691677,182.61112383485403,539.1753897921111,1542.5092797783943,927.61,0.48,70.59822721402574,383.78664167387615
2026-08-03,E. 40-99,Control,powerup_1,items,3169,0.0,1.125,3.5222222222222217,7.50765432098766,5.29,37.34,,
2026-08-03,E. 40-99,Control,powerup_2,items,3169,1.0,2.7951024345950857,6.663032945736434,12.806805229181863,8.12,21.24,,
2026-08-03,E. 40-99,Control,powerup_3,items,3169,1.0,3.8400386224654004,8.922284320171647,17.383640699523067,10.28,16.82,,
2026-08-03,E. 40-99,Control,pre_level_booster_1,items,3169,3.1368284067670573,9.383116883116882,20.97361111111111,72.21210012210022,37.2,11.52,,
2026-08-03,E. 40-99,Control,pre_level_booster_2,items,3169,3.2743428359866713,10.992101221385212,23.447404785979103,71.83523386400113,37.94,10.73,,
2026-08-03,E. 40-99,Control,pre_level_booster_3,items,3169,1.0017429193899783,5.508585523195143,11.007756041426928,31.637804272230547,18.49,18.5,,
2026-08-03,E. 40-99,Variant,HardCoin,coins,3032,66.61300545571247,155.81412594065208,456.84098343896954,1259.5602707749772,861.8,0.33,61.56544529133221,343.5659722222223
2026-08-03,E. 40-99,Variant,powerup_1,items,3032,0.0,1.0,3.0,6.0,30.28,38.11,,
2026-08-03,E. 40-99,Variant,powerup_2,items,3032,1.0,3.0732584469209256,6.563580591187953,12.644000000000004,8.84,19.63,,
2026-08-03,E. 40-99,Variant,powerup_3,items,3032,1.0,3.0,6.974835462640341,14.088253968253973,9.33,18.71,,
2026-08-03,E. 40-99,Variant,pre_level_booster_1,items,3032,2.0466008771929824,7.523828728910399,15.518614468345039,57.777069207060826,35.0,14.48,,
2026-08-03,E. 40-99,Variant,pre_level_booster_2,items,3032,2.0090062111801243,8.258175912571382,16.905427528596082,58.15037681159424,34.37,15.74,,
2026-08-03,E. 40-99,Variant,pre_level_booster_3,items,3032,1.0,5.189034190531852,10.343759779377248,31.069806816783572,19.17,19.14,,
2026-08-03,F. 100+,Control,HardCoin,coins,435,71.10624999999999,192.52876984126982,716.5119047619048,1630.8000000000006,893.3,0.46,51.713286713286706,500.12433862433863
2026-08-03,F. 100+,Control,powerup_1,items,435,0.0,1.0,4.0,9.21875,4.0,38.39,,
2026-08-03,F. 100+,Control,powerup_2,items,435,0.4305555555555556,2.0,6.669753086419753,13.428571428571429,5.8,25.29,,
2026-08-03,F. 100+,Control,powerup_3,items,435,1.0,3.105263157894737,8.399305555555555,16.708333333333332,7.7,18.39,,
2026-08-03,F. 100+,Control,pre_level_booster_1,items,435,2.9814814814814814,11.005291005291005,23.771929824561404,62.98749999999999,27.52,12.47,,
2026-08-03,F. 100+,Control,pre_level_booster_2,items,435,3.013392857142857,11.729166666666668,25.577380952380953,64.16874999999999,28.39,11.32,,
2026-08-03,F. 100+,Control,pre_level_booster_3,items,435,1.0,6.117715617715618,12.035714285714286,28.133333333333326,13.21,18.94,,
2026-08-03,F. 100+,Variant,HardCoin,coins,417,75.33974358974359,166.9090909090909,635.7041666666667,1363.6904761904761,714.4,0.72,48.67719298245614,442.17583732057415
2026-08-03,F. 100+,Variant,powerup_1,items,417,0.0,1.0,4.0,6.9700000000000015,3.8,41.49,,
2026-08-03,F. 100+,Variant,powerup_2,items,417,1.0,3.0,7.634615384615385,12.914285714285715,6.68,21.1,,
2026-08-03,F. 100+,Variant,powerup_3,items,417,1.0,3.0571428571428574,8.024038461538462,16.296666666666667,8.65,19.66,,
2026-08-03,F. 100+,Variant,pre_level_booster_1,items,417,1.4301470588235294,7.887573964497041,14.938316993464053,41.285714285714285,23.36,15.66,,
2026-08-03,F. 100+,Variant,pre_level_booster_2,items,417,1.8205128205128205,7.348148148148148,16.572115384615383,39.6875,23.61,16.87,,
2026-08-03,F. 100+,Variant,pre_level_booster_3,items,417,1.0,5.581818181818182,11.981617647058824,30.0,13.83,18.8,,
2026-08-04,A. 0,Control,HardCoin,coins,4495,82.53927427765731,199.99961304677296,452.801276836025,2949.332659251769,1578.19,0.52,199.9534743462715,200.00923529411764
2026-08-04,A. 0,Control,powerup_1,items,4495,0.0,1.0190845920464553,3.0142739950779327,9.288894557823129,7.83,31.55,,
2026-08-04,A. 0,Control,powerup_2,items,4495,1.0,2.990292016154085,6.6161411959324665,26.107711169574213,19.28,15.19,,
2026-08-04,A. 0,Control,powerup_3,items,4495,1.0,2.965111642743222,6.622879313668789,27.771019727702143,17.78,18.33,,
2026-08-04,A. 0,Control,pre_level_booster_1,items,4495,0.033585160797225004,3.8651669248557505,16.15006554707771,96.30948121645794,39.47,26.63,,
2026-08-04,A. 0,Control,pre_level_booster_2,items,4495,0.5494301850701115,5.078860626218877,18.205867850098624,92.21535326086956,38.72,24.65,,
2026-08-04,A. 0,Control,pre_level_booster_3,items,4495,0.0,2.9762005351358964,7.820916548742027,42.84583987441132,20.22,34.88,,
2026-08-04,A. 0,Variant,HardCoin,coins,4433,78.93502192685021,199.93679088419407,400.9668264798082,2986.471276742585,1500.14,0.48,197.6183055040198,200.0
2026-08-04,A. 0,Variant,powerup_1,items,4433,0.0,1.0,3.0,9.03009301509302,24.32,33.24,,
2026-08-04,A. 0,Variant,powerup_2,items,4433,1.0,2.9896155545735748,6.7554214559386985,26.5507726763718,17.75,15.82,,
2026-08-04,A. 0,Variant,powerup_3,items,4433,1.0,2.6147870019068584,6.248459804658152,26.386144708800632,16.6,19.47,,
2026-08-04,A. 0,Variant,pre_level_booster_1,items,4433,0.6933605846649324,4.070709027508714,17.8199139448726,92.54198250728868,39.25,24.21,,
2026-08-04,A. 0,Variant,pre_level_booster_2,items,4433,0.6993389270277143,4.911246219747193,18.74371758272687,90.78506349206351,38.42,24.05,,
2026-08-04,A. 0,Variant,pre_level_booster_3,items,4433,0.0,2.96422893481717,8.406452974769167,44.79206563706568,20.59,34.14,,
2026-08-04,B. 1-9,Control,HardCoin,coins,7437,77.6356749367171,197.9782429491039,323.32930725956635,1234.2668202272203,952.27,0.72,184.01188812563475,200.16066158386624
2026-08-04,B. 1-9,Control,powerup_1,items,7437,0.0,1.8215377636329093,3.0,5.665650038769711,4.84,34.56,,
2026-08-04,B. 1-9,Control,powerup_2,items,7437,1.0,3.0,4.784688523907407,12.901095793566638,10.15,19.71,,
2026-08-04,B. 1-9,Control,powerup_3,items,7437,1.0,3.0,4.84749925791168,14.04642914307794,10.25,19.03,,
2026-08-04,B. 1-9,Control,pre_level_booster_1,items,7437,1.866154138708538,3.3021736094667373,12.895880392417398,66.31437770058463,33.82,15.01,,
2026-08-04,B. 1-9,Control,pre_level_booster_2,items,7437,2.1752802843861088,5.074524800997139,15.083476298126138,67.2284510556588,33.68,11.89,,
2026-08-04,B. 1-9,Control,pre_level_booster_3,items,7437,0.09840983224603919,3.0,6.31229502897184,23.756646048109975,14.89,27.32,,
2026-08-04,B. 1-9,Variant,HardCoin,coins,7344,75.52393345558305,194.2146021901938,295.07833522876376,1150.2591833419706,903.57,0.52,174.61305182456084,200.13376756066415
2026-08-04,B. 1-9,Variant,powerup_1,items,7344,0.0,1.7066686161201825,3.0,5.824541208661606,4.64,35.88,,
2026-08-04,B. 1-9,Variant,powerup_2,items,7344,1.1564547206165705,3.0,5.510811374430055,14.241691027737595,10.29,15.71,,
2026-08-04,B. 1-9,Variant,powerup_3,items,7344,1.0,3.0,4.521074999207962,13.78488060001725,9.93,19.74,,
2026-08-04,B. 1-9,Variant,pre_level_booster_1,items,7344,2.0,3.6946065987568515,14.015785427605328,67.47310000890556,33.09,11.7,,
2026-08-04,B. 1-9,Variant,pre_level_booster_2,items,7344,2.0768356075373617,4.841749872432851,14.950218811918402,64.07390663261556,32.29,13.36,,
2026-08-04,B. 1-9,Variant,pre_level_booster_3,items,7344,0.2008233378950099,3.0,6.338981409582255,23.92320016776766,14.49,26.36,,
2026-08-04,C. 10-19,Control,HardCoin,coins,5808,72.04240571821425,182.92099550709278,373.2899513938613,1252.342767733878,918.47,0.5,114.18577536917653,241.16054443659712
2026-08-04,C. 10-19,Control,powerup_1,items,5808,0.0,1.2216368106779059,3.0,6.030665661653566,4.89,37.49,,
2026-08-04,C. 10-19,Control,powerup_2,items,5808,1.0,3.0,5.3948734765262065,12.331728911389932,9.55,19.25,,
2026-08-04,C. 10-19,Control,powerup_3,items,5808,1.0,3.0,6.090214435792856,15.473955301041917,10.66,19.01,,
2026-08-04,C. 10-19,Control,pre_level_booster_1,items,5808,1.9149486797754944,5.52797190035653,15.720210639472386,81.03102124542129,38.6,15.64,,
2026-08-04,C. 10-19,Control,pre_level_booster_2,items,5808,2.403687145930288,7.452856109243773,18.345848523696965,79.33750000000005,38.82,12.14,,
2026-08-04,C. 10-19,Control,pre_level_booster_3,items,5808,0.9487277204502811,3.945354106325329,7.958721966970828,30.645852663646117,18.05,23.02,,
2026-08-04,C. 10-19,Variant,HardCoin,coins,5839,65.94603267443338,147.18845545106112,328.0281277360373,1053.9823654400107,881.93,0.45,97.8642889478109,219.90505180438282
2026-08-04,C. 10-19,Variant,powerup_1,items,5839,0.0,1.0644281034086134,3.0,5.568215488215487,4.38,39.38,,
2026-08-04,C. 10-19,Variant,powerup_2,items,5839,1.0,3.0,6.083027961277995,14.307326941384465,9.91,17.45,,
2026-08-04,C. 10-19,Variant,powerup_3,items,5839,1.0,3.0,5.251543824905809,14.807276476653406,9.75,19.99,,
2026-08-04,C. 10-19,Variant,pre_level_booster_1,items,5839,2.0,5.497152385436285,15.57296734795613,69.42104744492417,37.61,14.39,,
2026-08-04,C. 10-19,Variant,pre_level_booster_2,items,5839,2.1112582781456957,5.949707448556968,16.566477032021183,68.58334699003214,37.26,13.91,,
2026-08-04,C. 10-19,Variant,pre_level_booster_3,items,5839,0.9431593549505806,4.155536798093783,8.166136239961745,27.347713669113475,17.24,23.11,,
2026-08-04,D. 20-39,Control,HardCoin,coins,4883,73.1356715860265,188.90138423645317,431.1576107067965,1161.4885748695317,918.16,0.6,99.57179980817133,290.7606737718811
2026-08-04,D. 20-39,Control,powerup_1,items,4883,0.0,1.0578560371517027,3.011700011700012,6.184902459711622,4.7,36.5,,
2026-08-04,D. 20-39,Control,powerup_2,items,4883,1.0,3.0,6.0304563479730975,11.91326530612245,8.1,20.11,,
2026-08-04,D. 20-39,Control,powerup_3,items,4883,1.0,3.02594378166367,7.31817398794143,15.366733766233766,10.08,16.49,,
2026-08-04,D. 20-39,Control,pre_level_booster_1,items,4883,2.276387768925587,7.458776213731687,16.364230728672357,60.2932790239185,37.74,12.86,,
2026-08-04,D. 20-39,Control,pre_level_booster_2,items,4883,2.8611819727891157,9.146342627960273,18.752938989551136,62.65066666666671,38.44,12.64,,
2026-08-04,D. 20-39,Control,pre_level_booster_3,items,4883,1.0,4.970123184408899,8.614406779661016,27.355651992052717,18.49,20.89,,
2026-08-04,D. 20-39,Variant,HardCoin,coins,4917,65.53548368953882,140.29846613240775,341.36334208552137,945.7392097264448,731.51,0.47,77.78361863038944,244.25337959625085
2026-08-04,D. 20-39,Variant,powerup_1,items,4917,0.0,1.0261484518927915,3.0,5.687477313974593,4.17,38.72,,
2026-08-04,D. 20-39,Variant,powerup_2,items,4917,1.0,3.0311229000884174,6.50507116078459,12.476051534672228,8.42,19.4,,
2026-08-04,D. 20-39,Variant,powerup_3,items,4917,1.0,3.0,6.118387155297532,14.100733718835912,8.76,18.69,,
2026-08-04,D. 20-39,Variant,pre_level_booster_1,items,4917,2.080926843202357,6.460987288658525,14.738977764022588,62.82435258788203,35.09,15.13,,
2026-08-04,D. 20-39,Variant,pre_level_booster_2,items,4917,2.033503358358943,7.197646294943594,16.154980860268637,61.80363382630133,34.82,15.31,,
2026-08-04,D. 20-39,Variant,pre_level_booster_3,items,4917,1.0036846874056178,4.966032608695652,8.900321142941207,27.80383422778773,17.42,19.91,,
2026-08-04,E. 40-99,Control,HardCoin,coins,3031,71.10167738970588,188.66160787530765,572.1961648351647,1670.6108278000374,966.44,0.6,77.2914896163744,378.3608131450533
2026-08-04,E. 40-99,Control,powerup_1,items,3031,0.0,1.0675057208237986,3.9831547739370663,8.01227495908347,4.33,38.05,,
2026-08-04,E. 40-99,Control,powerup_2,items,3031,1.0,2.9897534547738696,6.661918328584996,13.312179046871423,7.21,21.12,,
2026-08-04,E. 40-99,Control,powerup_3,items,3031,1.0,4.0,9.018168709444845,18.37721356075787,9.48,16.73,,
2026-08-04,E. 40-99,Control,pre_level_booster_1,items,3031,3.192929292929293,9.479695431472086,21.830660742695933,70.18981481481481,35.83,11.32,,
2026-08-04,E. 40-99,Control,pre_level_booster_2,items,3031,3.4101085481682496,10.987658802177858,23.997631103074134,71.93280412579632,36.78,11.49,,
2026-08-04,E. 40-99,Control,pre_level_booster_3,items,3031,1.0072828389830508,5.442115164953301,11.107697300805974,31.274239130434786,16.77,18.45,,
2026-08-04,E. 40-99,Variant,HardCoin,coins,2920,63.10808772235787,139.60017825311942,409.9246079921651,1113.5515067466263,742.22,0.93,62.24999999999999,306.83783783783787
2026-08-04,E. 40-99,Variant,powerup_1,items,2920,0.0,1.0,3.0,6.0,3.45,42.23,,
2026-08-04,E. 40-99,Variant,powerup_2,items,2920,1.0,2.914725785693528,6.820217917675545,12.79616724738676,6.95,21.82,,
2026-08-04,E. 40-99,Variant,powerup_3,items,2920,1.0,3.1809071729957807,7.167840375586854,14.237258687258688,7.52,18.36,,
2026-08-04,E. 40-99,Variant,pre_level_booster_1,items,2920,2.0759493670886076,7.30232558139535,14.634524285582456,48.44147818563836,27.89,16.2,,
2026-08-04,E. 40-99,Variant,pre_level_booster_2,items,2920,1.720779220779221,8.129489810148018,16.51238998600529,47.61323814560197,28.03,17.5,,
2026-08-04,E. 40-99,Variant,pre_level_booster_3,items,2920,1.0,5.23711558854719,10.1741251596424,26.011740890688262,14.33,19.45,,
2026-08-04,F. 100+,Control,HardCoin,coins,403,78.79090909090908,205.0108225108225,835.1488095238096,1845.2222222222222,859.71,0.5,52.0,515.0314685314686
2026-08-04,F. 100+,Control,powerup_1,items,403,0.0,1.0,4.135416666666667,9.977777777777773,4.02,35.48,,
2026-08-04,F. 100+,Control,powerup_2,items,403,0.26041666666666663,2.0,6.91796875,13.785714285714281,7.23,25.81,,
2026-08-04,F. 100+,Control,powerup_3,items,403,1.0,3.0375,9.182692307692308,17.881249999999998,9.13,22.08,,
2026-08-04,F. 100+,Control,pre_level_booster_1,items,403,3.46875,11.260330578512397,28.46153846153846,78.71428571428574,32.67,12.19,,
2026-08-04,F. 100+,Control,pre_level_booster_2,items,403,3.25,12.276859504132233,28.175,78.57142857142858,33.58,10.95,,
2026-08-04,F. 100+,Control,pre_level_booster_3,items,403,1.0,6.84,13.938271604938272,34.2357142857143,14.83,17.16,,
2026-08-04,F. 100+,Variant,HardCoin,coins,394,67.29615384615384,150.92857142857144,575.625,1260.3250000000003,779.68,1.02,47.094246031746025,415.15277777777777
2026-08-04,F. 100+,Variant,powerup_1,items,394,0.0,1.0,3.0,6.0,3.47,47.72,,
2026-08-04,F. 100+,Variant,powerup_2,items,394,1.0,2.0555555555555554,7.320987654320988,12.650000000000006,6.24,23.1,,
2026-08-04,F. 100+,Variant,powerup_3,items,394,1.0,4.0,9.0,16.0,8.62,21.07,,
2026-08-04,F. 100+,Variant,pre_level_booster_1,items,394,1.7254901960784315,8.42,15.746031746031747,45.400000000000034,25.31,17.01,,
2026-08-04,F. 100+,Variant,pre_level_booster_2,items,394,1.3571428571428572,9.003205128205128,16.89090909090909,45.200000000000045,25.48,19.54,,
2026-08-04,F. 100+,Variant,pre_level_booster_3,items,394,1.0,6.8125,12.411764705882353,32.40000000000001,15.01,19.54,,
2026-08-05,A. 0,Control,HardCoin,coins,4810,77.17399811116543,198.41873759144323,435.35773921302786,3611.266282051288,1696.8,0.68,193.63256497589433,199.99667342799188
2026-08-05,A. 0,Control,powerup_1,items,4810,0.0,1.0,3.0,9.395506829618979,8.42,35.47,,
2026-08-05,A. 0,Control,powerup_2,items,4810,1.0,2.743701613802396,6.295297452303204,26.5,19.55,17.67,,
2026-08-05,A. 0,Control,powerup_3,items,4810,1.0,2.5776453504301595,6.253463609949684,27.54302192386585,18.51,20.75,,
2026-08-05,A. 0,Control,pre_level_booster_1,items,4810,0.09038800705467374,4.030811552611051,17.64043372056693,110.07019323671506,46.67,27.12,,
2026-08-05,A. 0,Control,pre_level_booster_2,items,4810,0.3223951216225322,5.0424783460601725,19.34975291252865,108.9833073366648,45.67,25.83,,
2026-08-05,A. 0,Control,pre_level_booster_3,items,4810,0.0,2.8615969581749043,8.480673076923079,56.50276056868476,24.21,35.08,,
2026-08-05,A. 0,Variant,HardCoin,coins,4733,72.02306309251388,193.58394286743345,364.32553570589056,2673.5008302561287,1447.21,0.47,174.77965556132233,199.95036170540249
2026-08-05,A. 0,Variant,powerup_1,items,4733,0.0,1.0,3.0,7.78089310532359,23.23,36.94,,
2026-08-05,A. 0,Variant,powerup_2,items,4733,1.0,2.957161279041812,6.310952205689047,21.518968968968988,16.97,16.74,,
2026-08-05,A. 0,Variant,powerup_3,items,4733,1.0,2.2823158828748884,5.425835866261399,22.137696713366825,15.93,22.32,,
2026-08-05,A. 0,Variant,pre_level_booster_1,items,4733,0.5844852554574546,4.099942644106681,17.33701819784417,95.14605475040263,41.67,25.11,,
2026-08-05,A. 0,Variant,pre_level_booster_2,items,4733,0.5129757289251959,4.727816848720634,17.625868593051266,93.13130769230776,40.31,25.23,,
2026-08-05,A. 0,Variant,pre_level_booster_3,items,4733,0.0,2.7590813611539002,8.017590136555654,46.04998704020502,22.29,34.87,,
2026-08-05,B. 1-9,Control,HardCoin,coins,7431,75.36525145549412,195.62032983813498,314.8547807726973,1282.9829503829505,953.94,0.53,179.29169437319908,200.28063492063492
2026-08-05,B. 1-9,Control,powerup_1,items,7431,0.0,1.766740724059066,3.0,5.763005448426907,5.14,35.76,,
2026-08-05,B. 1-9,Control,powerup_2,items,7431,1.0,3.0,4.745024329980083,12.986214110784314,10.98,20.41,,
2026-08-05,B. 1-9,Control,powerup_3,items,7431,1.0,3.0,4.653150134048258,14.187090200779158,11.02,20.08,,
2026-08-05,B. 1-9,Control,pre_level_booster_1,items,7431,1.7674236654434674,3.2620782726045885,13.170330153351664,63.00717659626506,33.86,15.45,,
2026-08-05,B. 1-9,Control,pre_level_booster_2,items,7431,2.1571724185107897,5.074996102500143,15.108312294981996,63.44186273742533,33.7,12.72,,
2026-08-05,B. 1-9,Control,pre_level_booster_3,items,7431,0.08657558657558653,3.0,6.099334874286524,21.835963121359974,14.71,27.36,,
2026-08-05,B. 1-9,Variant,HardCoin,coins,7277,72.0306550663958,190.18390419480193,289.43202621549705,1153.9189963768124,904.14,0.47,171.93525377060897,199.95736954002535
2026-08-05,B. 1-9,Variant,powerup_1,items,7277,0.0,1.7652373936985344,3.0,5.747229461612141,4.48,36.75,,
2026-08-05,B. 1-9,Variant,powerup_2,items,7277,1.4325113562621672,3.0,5.704503168681985,14.863659172773572,9.62,15.18,,
2026-08-05,B. 1-9,Variant,powerup_3,items,7277,1.0,3.0,4.59845141391098,14.62337330848392,9.4,18.92,,
2026-08-05,B. 1-9,Variant,pre_level_booster_1,items,7277,2.0,3.7695475217537293,14.0001965032391,66.15364583333336,33.48,12.15,,
2026-08-05,B. 1-9,Variant,pre_level_booster_2,items,7277,2.1305923738674584,4.960018574688915,14.870200801076377,63.33342007093375,32.91,13.52,,
2026-08-05,B. 1-9,Variant,pre_level_booster_3,items,7277,0.32499060856498885,3.0,6.566421480374882,22.64967688483845,14.53,25.9,,
2026-08-05,C. 10-19,Control,HardCoin,coins,5653,69.96361282801998,170.70118648644353,360.01383715154896,1155.8325967371513,931.78,0.41,121.46904070903692,235.2323453891832
2026-08-05,C. 10-19,Control,powerup_1,items,5653,0.0,1.0822890559732663,3.0,5.861238938053096,4.58,40.1,,
2026-08-05,C. 10-19,Control,powerup_2,items,5653,0.9893535612481108,3.0,5.07677070576806,12.024470359572394,8.52,21.48,,
2026-08-05,C. 10-19,Control,powerup_3,items,5653,1.0,3.0,5.57145995268672,14.577734922861147,9.71,19.99,,
2026-08-05,C. 10-19,Control,pre_level_booster_1,items,5653,1.8087505363977345,5.2314016557236656,15.904673280870602,71.91197411003232,36.45,15.83,,
2026-08-05,C. 10-19,Control,pre_level_booster_2,items,5653,2.412427239600588,7.255170006193832,18.322768580337083,71.90470792001254,37.21,12.68,,
2026-08-05,C. 10-19,Control,pre_level_booster_3,items,5653,0.9485397784491439,3.737415744427858,7.6968579325727795,28.349045138888876,17.42,23.19,,
2026-08-05,C. 10-19,Variant,HardCoin,coins,5753,63.909413122292,142.57928983442383,321.7015264567086,1081.8631415899256,917.35,0.47,91.57371544702298,215.7931326475351
2026-08-05,C. 10-19,Variant,powerup_1,items,5753,0.0,1.0540989277066761,3.0,5.547186147186147,4.07,38.62,,
2026-08-05,C. 10-19,Variant,powerup_2,items,5753,1.0,3.0,6.420720687213651,14.54350388876707,9.79,17.97,,
2026-08-05,C. 10-19,Variant,powerup_3,items,5753,1.0,3.0,5.486118229113082,14.464569377990424,9.68,19.97,,
2026-08-05,C. 10-19,Variant,pre_level_booster_1,items,5753,1.9711047254150704,5.294231315714693,15.433345873827218,74.71348589069214,37.28,15.05,,
2026-08-05,C. 10-19,Variant,pre_level_booster_2,items,5753,1.9763367332545922,5.7666894244738724,16.572071662673164,72.7228687701495,36.98,14.58,,
2026-08-05,C. 10-19,Variant,pre_level_booster_3,items,5753,0.9467483021197777,3.9922564935688407,7.99227924116775,29.01802100608069,16.72,23.24,,
2026-08-05,D. 20-39,Control,HardCoin,coins,4705,70.78310493480423,163.06868483155125,427.524195323539,1155.015237606086,818.09,0.68,95.01021260995996,280.9976897613012
2026-08-05,D. 20-39,Control,powerup_1,items,4705,0.0,1.055501270275552,3.0,6.145745798319333,4.06,39.14,,
2026-08-05,D. 20-39,Control,powerup_2,items,4705,0.9957418355855855,2.9845729336510725,5.796722239374292,12.270210107785347,7.57,21.58,,
2026-08-05,D. 20-39,Control,powerup_3,items,4705,1.0,3.0,7.223866923818707,15.868907715260027,9.51,17.77,,
2026-08-05,D. 20-39,Control,pre_level_booster_1,items,4705,2.730337316721757,7.8456580732700125,17.2507014545532,63.723930110837394,36.12,12.57,,
2026-08-05,D. 20-39,Control,pre_level_booster_2,items,4705,3.0367659385369463,9.769406514000318,19.668257253717456,63.74443388589727,36.55,13.08,,
2026-08-05,D. 20-39,Control,pre_level_booster_3,items,4705,1.0,4.987272727272727,9.007374298611092,26.52285993576315,16.71,20.82,,
2026-08-05,D. 20-39,Variant,HardCoin,coins,4710,63.58495726495725,148.51804146066442,346.6647305981216,917.1952492472402,715.22,1.0,81.10822472721784,251.63191114525316
2026-08-05,D. 20-39,Variant,powerup_1,items,4710,0.0,1.0291889483065952,3.0,5.543711843711844,4.15,39.58,,
2026-08-05,D. 20-39,Variant,powerup_2,items,4710,1.0,3.041470818644733,7.127344141734918,12.937442075996293,8.68,17.96,,
2026-08-05,D. 20-39,Variant,powerup_3,items,4710,1.0,3.0,6.26125313283208,14.273918779633068,9.03,18.26,,
2026-08-05,D. 20-39,Variant,pre_level_booster_1,items,4710,2.0181259103414795,6.068307687424955,14.465331379254193,59.98226059654631,32.98,16.2,,
2026-08-05,D. 20-39,Variant,pre_level_booster_2,items,4710,2.0816617721442534,7.1218071519795645,15.869979255161512,58.03035514317709,32.96,16.79,,
2026-08-05,D. 20-39,Variant,pre_level_booster_3,items,4710,1.0,5.0,8.935341282894738,26.042529585798817,15.9,19.77,,
2026-08-05,E. 40-99,Control,HardCoin,coins,3010,67.77794728366811,154.11195054945057,525.8451143451144,1524.6828298887128,919.07,0.73,69.63327590306169,343.92204224347086
2026-08-05,E. 40-99,Control,powerup_1,items,3010,0.0,1.0,3.2482876712328763,7.8473210052157425,4.34,40.9,,
2026-08-05,E. 40-99,Control,powerup_2,items,3010,1.0,2.755820105820105,6.3369868901783795,12.994434137291279,7.49,20.83,,
2026-08-05,E. 40-99,Control,powerup_3,items,3010,1.0,3.5131995200174533,8.208521303258147,17.26088823457244,9.1,19.4,,
2026-08-05,E. 40-99,Control,pre_level_booster_1,items,3010,2.777383002989754,9.237941545633852,20.903184863086146,66.12439712439715,34.36,12.52,,
2026-08-05,E. 40-99,Control,pre_level_booster_2,items,3010,2.7163605697151425,10.689987163029526,22.748777860634682,67.75938805024293,35.29,13.42,,
2026-08-05,E. 40-99,Control,pre_level_booster_3,items,3010,1.0,5.24734968953506,10.753507448163937,30.13076923076923,16.18,19.37,,
2026-08-05,E. 40-99,Variant,HardCoin,coins,2903,61.64681876094918,143.3334013883218,407.8489057239055,1155.4049433325297,791.38,0.9,59.83861495844876,327.0762163561077
2026-08-05,E. 40-99,Variant,powerup_1,items,2903,0.0,1.0,3.0,6.0,3.61,44.33,,
2026-08-05,E. 40-99,Variant,powerup_2,items,2903,1.0,2.6705411289068572,6.890417457305502,12.841520467836267,7.22,22.15,,
2026-08-05,E. 40-99,Variant,powerup_3,items,2903,1.0,3.1722756410256414,7.658220132358062,14.672064777327943,7.99,17.57,,
2026-08-05,E. 40-99,Variant,pre_level_booster_1,items,2903,1.970857771260997,7.377690100430415,14.592642943755244,49.3438323917138,28.3,17.33,,
2026-08-05,E. 40-99,Variant,pre_level_booster_2,items,2903,1.6334244080145723,8.162891530238461,16.193337474515804,46.9025641025642,28.52,17.53,,
2026-08-05,E. 40-99,Variant,pre_level_booster_3,items,2903,1.0,5.2282840868636535,10.340586051911728,25.938811728395084,14.93,20.12,,
2026-08-05,F. 100+,Control,HardCoin,coins,408,82.16296296296296,197.29866220735786,764.3076923076923,2046.3625000000009,927.15,0.99,58.27474747474747,454.86133069828725
2026-08-05,F. 100+,Control,powerup_1,items,408,0.0,1.0,4.131868131868132,8.933333333333332,3.58,37.5,,
2026-08-05,F. 100+,Control,powerup_2,items,408,1.0,2.0,7.611111111111111,13.299999999999997,7.05,23.53,,
2026-08-05,F. 100+,Control,powerup_3,items,408,1.0,3.0797101449275366,10.079545454545455,17.025,8.04,21.57,,
2026-08-05,F. 100+,Control,pre_level_booster_1,items,408,3.0980392156862746,12.232820512820512,26.92592592592593,82.34285714285717,34.42,10.81,,
2026-08-05,F. 100+,Control,pre_level_booster_2,items,408,2.928571428571429,13.202797202797203,30.388071895424837,86.75000000000003,35.42,13.51,,
2026-08-05,F. 100+,Control,pre_level_booster_3,items,408,1.0,6.92,13.610119047619047,38.38444444444445,15.36,17.94,,
2026-08-05,F. 100+,Variant,HardCoin,coins,421,58.31349206349206,161.77777777777777,559.4485294117648,1273.6571428571433,675.57,0.48,42.13875598086125,436.0295857988166
2026-08-05,F. 100+,Variant,powerup_1,items,421,0.0,0.1376518218623482,3.4562500000000003,6.077777777777779,3.24,51.31,,
2026-08-05,F. 100+,Variant,powerup_2,items,421,0.2952380952380952,2.0,7.821078431372548,12.91428571428572,5.89,25.42,,
2026-08-05,F. 100+,Variant,powerup_3,items,421,0.956140350877193,3.5050505050505056,9.0,15.181250000000002,8.01,23.04,,
2026-08-05,F. 100+,Variant,pre_level_booster_1,items,421,1.074074074074074,8.714285714285714,15.225694444444445,38.46190476190481,22.84,19.95,,
2026-08-05,F. 100+,Variant,pre_level_booster_2,items,421,1.0,9.27972027972028,16.515151515151516,39.36666666666671,23.23,21.38,,
2026-08-05,F. 100+,Variant,pre_level_booster_3,items,421,1.0,6.486666666666666,11.776315789473685,28.950000000000017,14.16,23.04,,
2026-08-06,A. 0,Control,HardCoin,coins,5113,76.37777020982432,198.92737003058107,468.6654064272213,3136.0581450654054,1621.84,0.56,192.82275583136504,200.02140790742527
2026-08-06,A. 0,Control,powerup_1,items,5113,0.0,1.0,3.0,9.430766033117015,8.11,37.0,,
2026-08-06,A. 0,Control,powerup_2,items,5113,1.0,2.5981387950629884,6.009063245002752,24.735718288810006,18.14,18.93,,
2026-08-06,A. 0,Control,powerup_3,items,5113,0.9959797908311708,2.298072921422678,6.12633066883867,25.255310968137245,17.04,21.46,,
2026-08-06,A. 0,Control,pre_level_booster_1,items,5113,0.022081661338955772,3.9337195121951223,17.43445447087777,105.06141921482015,46.24,26.94,,
2026-08-06,A. 0,Control,pre_level_booster_2,items,5113,0.27271679989712283,4.927147042732379,19.069097222222226,103.05063353591544,45.23,25.77,,
2026-08-06,A. 0,Control,pre_level_booster_3,items,5113,0.0,2.777004677581022,8.370941785244046,54.12744988795217,24.26,35.51,,
2026-08-06,A. 0,Variant,HardCoin,coins,5032,69.63325274457927,188.37237069773587,389.6210131842106,3265.3408405172386,1545.01,0.46,172.91920400277232,199.38527014099438
2026-08-06,A. 0,Variant,powerup_1,items,5032,0.0,1.0,3.0,8.816078869047631,22.33,38.14,,
2026-08-06,A. 0,Variant,powerup_2,items,5032,1.0,2.950392899542089,6.514105055393621,24.23531055900626,17.31,17.91,,
2026-08-06,A. 0,Variant,powerup_3,items,5032,0.9680971202710336,2.122592184920198,5.839079483942127,24.688620689655217,15.94,22.96,,
2026-08-06,A. 0,Variant,pre_level_booster_1,items,5032,0.24093523038935752,4.072452141956009,17.47693681253961,94.62484601113182,43.36,25.87,,
2026-08-06,A. 0,Variant,pre_level_booster_2,items,5032,0.1451878110609518,4.864404363554749,17.967752099428957,92.95839062897895,41.99,26.25,,
2026-08-06,A. 0,Variant,pre_level_booster_3,items,5032,0.0,2.8891071428571427,8.377602261000096,48.758943355119904,23.17,35.02,,
2026-08-06,B. 1-9,Control,HardCoin,coins,7361,74.89198162964622,197.28425426935408,322.98459461927433,1268.0909164086684,930.96,0.75,178.7217731454185,200.20358374612854
2026-08-06,B. 1-9,Control,powerup_1,items,7361,0.0,1.8253135092194144,3.0,5.959403886059238,4.85,36.04,,
2026-08-06,B. 1-9,Control,powerup_2,items,7361,1.0,3.0,4.956203862281649,13.293388464753424,10.96,18.95,,
2026-08-06,B. 1-9,Control,powerup_3,items,7361,1.0,3.0,4.9595462713387235,14.660411989078332,10.83,18.27,,
2026-08-06,B. 1-9,Control,pre_level_booster_1,items,7361,1.8895596590909092,3.4311087136525837,13.460914009572198,71.34094202898561,34.76,14.63,,
2026-08-06,B. 1-9,Control,pre_level_booster_2,items,7361,2.3488348646490262,5.139860745783693,15.952704945237304,70.79390573500336,34.54,11.89,,
2026-08-06,B. 1-9,Control,pre_level_booster_3,items,7361,0.2204567494506779,3.0,6.535936327092469,25.232761356290805,15.17,26.23,,
2026-08-06,B. 1-9,Variant,HardCoin,coins,7378,70.27641900229156,192.90532405514597,291.4549031175951,1087.7319193747433,874.3,0.46,172.92351586492842,200.00626332185604
2026-08-06,B. 1-9,Variant,powerup_1,items,7378,0.0,1.685754497075252,3.0,5.641677793945962,4.3,36.83,,
2026-08-06,B. 1-9,Variant,powerup_2,items,7378,1.2121913580246917,3.0,5.608437075688134,14.428603248720556,9.46,15.82,,
2026-08-06,B. 1-9,Variant,powerup_3,items,7378,1.0,3.0,4.821133114152457,13.937723577235765,9.3,19.06,,
2026-08-06,B. 1-9,Variant,pre_level_booster_1,items,7378,2.0,3.7476089915752295,13.923520209524018,68.89399318460784,33.31,12.25,,
2026-08-06,B. 1-9,Variant,pre_level_booster_2,items,7378,2.0848590604703054,4.9498144007155656,14.931855852027487,65.29360105413548,32.49,13.57,,
2026-08-06,B. 1-9,Variant,pre_level_booster_3,items,7378,0.32003518301624045,3.0,6.4941265091644595,23.69801587301587,14.47,25.81,,
2026-08-06,C. 10-19,Control,HardCoin,coins,5621,72.40937147408242,181.267266068942,364.73446260789854,1231.8625137676852,898.81,0.57,117.73118279569893,237.14179346182675
2026-08-06,C. 10-19,Control,powerup_1,items,5621,0.0,1.0558910162002946,3.0,6.100233193904086,4.95,39.94,,
2026-08-06,C. 10-19,Control,powerup_2,items,5621,1.0,3.0,5.352560929169839,12.831822660098535,9.44,19.53,,
2026-08-06,C. 10-19,Control,powerup_3,items,5621,1.0,3.0,5.883782684857951,15.552883184523825,10.4,17.95,,
2026-08-06,C. 10-19,Control,pre_level_booster_1,items,5621,1.9712164113714545,5.505014082169653,16.011652570009336,73.46985024154606,35.95,15.3,,
2026-08-06,C. 10-19,Control,pre_level_booster_2,items,5621,2.1703992807520347,7.550555110480427,18.288752678416984,72.25621366459642,36.48,13.56,,
2026-08-06,C. 10-19,Control,pre_level_booster_3,items,5621,0.8881934456283933,3.8530912581029355,7.728352851426726,28.049598655026113,16.92,23.75,,
2026-08-06,C. 10-19,Variant,HardCoin,coins,5682,64.07569040354997,139.9871378141274,309.9501054460212,962.6548368953884,837.34,0.62,92.91652645665503,210.77717054230018
2026-08-06,C. 10-19,Variant,powerup_1,items,5682,0.0,1.078560868486085,3.0,5.682395575052452,4.2,38.53,,
2026-08-06,C. 10-19,Variant,powerup_2,items,5682,1.0,3.0,6.466259631984505,14.684172451589333,9.75,19.45,,
2026-08-06,C. 10-19,Variant,powerup_3,items,5682,1.0,3.0,5.517614009186352,14.737217687074835,10.3,19.18,,
2026-08-06,C. 10-19,Variant,pre_level_booster_1,items,5682,1.9750548967940271,5.132813118461971,15.141794217687073,71.02557902164463,36.46,15.54,,
2026-08-06,C. 10-19,Variant,pre_level_booster_2,items,5682,2.0959517529007194,5.853330621523,16.295410130046164,69.46265130988435,36.32,14.66,,
2026-08-06,C. 10-19,Variant,pre_level_booster_3,items,5682,0.9795035240464345,4.138976054083969,7.9643125,27.848638203901388,16.59,22.35,,
2026-08-06,D. 20-39,Control,HardCoin,coins,4668,72.19165100396373,168.72732138835863,413.3646436651584,1219.3960840846842,889.9,0.73,86.10242714684966,278.41731097370194
2026-08-06,D. 20-39,Control,powerup_1,items,4668,0.0,1.0220982142857142,3.0,6.0308308308308325,4.05,38.98,,
2026-08-06,D. 20-39,Control,powerup_2,items,4668,1.0,3.0,5.830785603715171,12.029315106709445,7.7,20.12,,
2026-08-06,D. 20-39,Control,powerup_3,items,4668,1.0000510204081632,3.0,7.351303978672332,16.210066476733147,9.78,16.97,,
2026-08-06,D. 20-39,Control,pre_level_booster_1,items,4668,2.571328230005533,7.658380022816578,17.37531845754887,61.97210922939797,34.76,13.09,,
2026-08-06,D. 20-39,Control,pre_level_booster_2,items,4668,2.6417142107679195,9.3377121973097,19.69655444822558,62.69823449524677,35.54,13.52,,
2026-08-06,D. 20-39,Control,pre_level_booster_3,items,4668,1.0,4.987158067158066,8.662142680616194,25.796055664646133,16.25,20.55,,
2026-08-06,D. 20-39,Variant,HardCoin,coins,4775,66.23082260427105,145.00819841830526,342.3737662337661,991.5712828207061,720.34,0.53,81.90716262975782,239.51599401599404
2026-08-06,D. 20-39,Variant,powerup_1,items,4775,0.0,1.020295004306632,3.0,5.5948379351740725,3.81,40.8,,
2026-08-06,D. 20-39,Variant,powerup_2,items,4775,1.0,3.0,6.806919716548915,13.140617571688642,8.17,18.95,,
2026-08-06,D. 20-39,Variant,powerup_3,items,4775,1.0,3.0,6.505431592211823,14.494723098683496,8.71,17.86,,
2026-08-06,D. 20-39,Variant,pre_level_booster_1,items,4775,2.1679120656897233,6.198610430601291,14.283778121763014,61.04890931335979,32.22,16.02,,
2026-08-06,D. 20-39,Variant,pre_level_booster_2,items,4775,1.9986565213733904,6.940294694953079,15.547893746687869,59.9550464918647,32.02,16.75,,
2026-08-06,D. 20-39,Variant,pre_level_booster_3,items,4775,1.0,5.0,8.913750577038298,26.863090424827195,15.36,19.9,,
2026-08-06,E. 40-99,Control,HardCoin,coins,3018,70.30179839456623,177.87253996165265,543.5602844295722,1508.95573000939,903.43,0.67,74.41557507778384,373.3277980619088
2026-08-06,E. 40-99,Control,powerup_1,items,3018,0.0,1.0,3.650936064994702,7.516290726817049,4.3,38.63,,
2026-08-06,E. 40-99,Control,powerup_2,items,3018,1.0,2.3599622952751265,6.129496402877698,12.548058470764627,7.14,21.27,,
2026-08-06,E. 40-99,Control,powerup_3,items,3018,1.0,3.5666071959559913,8.113000000000001,16.984878048780494,9.39,18.52,,
2026-08-06,E. 40-99,Control,pre_level_booster_1,items,3018,2.794387621295568,9.290525208951793,20.730329614505386,66.57034339229979,35.07,13.95,,
2026-08-06,E. 40-99,Control,pre_level_booster_2,items,3018,2.86971586971587,10.92209903917221,22.718264117241095,67.88895463510858,35.9,13.88,,
2026-08-06,E. 40-99,Control,pre_level_booster_3,items,3018,1.0,5.307204978257609,10.522149026496852,29.312688172043046,16.23,19.75,,
2026-08-06,E. 40-99,Variant,HardCoin,coins,2911,63.33900141395965,130.54420673261257,399.8394545137678,1116.3613242009137,756.55,0.86,61.84248388904453,288.9825999746631
2026-08-06,E. 40-99,Variant,powerup_1,items,2911,0.0,0.9744737561509021,3.0,5.84232558139535,3.32,46.82,,
2026-08-06,E. 40-99,Variant,powerup_2,items,2911,0.6234406283690128,2.293505141220878,6.506463744270771,12.08605088605089,6.94,24.39,,
2026-08-06,E. 40-99,Variant,powerup_3,items,2911,1.0,3.0,7.368191721132897,14.564182692307696,7.6,19.68,,
2026-08-06,E. 40-99,Variant,pre_level_booster_1,items,2911,1.7299627213420319,7.121056855361442,14.098534903763282,46.92783203125002,27.44,17.28,,
2026-08-06,E. 40-99,Variant,pre_level_booster_2,items,2911,1.3936507936507934,7.771128726135983,15.848063086777218,44.397886029411794,27.42,18.21,,
2026-08-06,E. 40-99,Variant,pre_level_booster_3,items,2911,1.0,5.0,10.453148195006747,25.55064752691529,14.43,20.71,,
2026-08-06,F. 100+,Control,HardCoin,coins,431,69.24561403508773,169.25681818181818,686.2428571428571,1762.4622222222229,835.28,0.94,52.204081632653065,526.5289256198347
2026-08-06,F. 100+,Control,powerup_1,items,431,0.0,1.0,4.066666666666666,8.0,3.44,37.82,,
2026-08-06,F. 100+,Control,powerup_2,items,431,1.0,2.4395604395604398,7.1923076923076925,12.840000000000003,6.57,22.51,,
2026-08-06,F. 100+,Control,powerup_3,items,431,1.0,4.211640211640212,9.3625,17.814285714285717,7.45,17.4,,
2026-08-06,F. 100+,Control,pre_level_booster_1,items,431,4.049019607843138,12.07,23.435714285714287,71.63333333333333,31.48,13.26,,
2026-08-06,F. 100+,Control,pre_level_booster_2,items,431,3.8545454545454545,13.234126984126986,26.857142857142858,75.125,32.65,13.26,,
2026-08-06,F. 100+,Control,pre_level_booster_3,items,431,1.0,7.0,11.430952380952382,34.0,14.28,16.74,,
2026-08-06,F. 100+,Variant,HardCoin,coins,423,61.0625,143.55856643356643,535.4506172839506,1148.5,776.67,0.24,43.35207100591715,391.320987654321
2026-08-06,F. 100+,Variant,powerup_1,items,423,0.0,0.11224489795918366,3.2163742690058483,6.066666666666666,3.42,51.54,,
2026-08-06,F. 100+,Variant,powerup_2,items,423,0.019230769230769232,2.208791208791209,7.169753086419753,12.837499999999999,6.37,26.48,,
2026-08-06,F. 100+,Variant,powerup_3,items,423,1.0,3.230769230769231,8.527777777777779,14.958333333333329,8.09,22.22,,
2026-08-06,F. 100+,Variant,pre_level_booster_1,items,423,1.6428571428571428,8.818840579710145,14.074074074074074,41.435555555555545,24.02,17.73,,
2026-08-06,F. 100+,Variant,pre_level_booster_2,items,423,1.6140350877192984,8.972222222222223,16.462962962962962,40.44999999999999,24.1,18.44,,
2026-08-06,F. 100+,Variant,pre_level_booster_3,items,423,1.0,6.6875,11.399305555555554,30.53809523809523,14.51,19.15,,
2026-08-07,A. 0,Control,HardCoin,coins,4859,83.91624867509607,199.97779864371415,512.495222520327,4260.478274318286,1836.88,0.57,197.83421243733437,201.61013807285553
2026-08-07,A. 0,Control,powerup_1,items,4859,0.0,1.0,3.0,10.413497752850716,9.28,36.19,,
2026-08-07,A. 0,Control,powerup_2,items,4859,1.0,2.9117201586729182,6.32123566407695,29.262487464249872,20.95,17.27,,
2026-08-07,A. 0,Control,powerup_3,items,4859,1.0,2.7618222981164715,6.552080632616024,29.8042547928262,19.73,20.63,,
2026-08-07,A. 0,Control,pre_level_booster_1,items,4859,0.9615855957767722,4.202447073628109,18.746072053895475,110.02009037698186,49.03,23.51,,
2026-08-07,A. 0,Control,pre_level_booster_2,items,4859,0.9873854175426794,5.483861936010497,20.740931653302784,109.57003177525033,47.99,22.5,,
2026-08-07,A. 0,Control,pre_level_booster_3,items,4859,0.0,2.9690445238869025,9.181888894262547,59.8590545495731,26.81,30.79,,
2026-08-07,A. 0,Variant,HardCoin,coins,5025,81.80804984324352,199.84149197463864,479.71765319124285,3624.8175324675317,1627.99,0.47,186.50875936045335,200.4956767530128
2026-08-07,A. 0,Variant,powerup_1,items,5025,0.0,1.0,3.0,9.730679156908673,22.92,36.03,,
2026-08-07,A. 0,Variant,powerup_2,items,5025,1.0,2.993712339533665,6.818518518518518,26.285321723661752,18.61,16.26,,
2026-08-07,A. 0,Variant,powerup_3,items,5025,1.0,2.8665339834053705,6.173240403663946,26.53356935366742,16.76,20.32,,
2026-08-07,A. 0,Variant,pre_level_booster_1,items,5025,1.0,4.645897627115689,19.5470120302924,106.55781544256129,46.76,21.89,,
2026-08-07,A. 0,Variant,pre_level_booster_2,items,5025,0.9892794557262137,5.249013389711065,19.98901723918731,103.6430565048987,45.48,21.8,,
2026-08-07,A. 0,Variant,pre_level_booster_3,items,5025,0.0,3.0032902056775916,9.625701459034795,51.99876726256041,24.92,30.81,,
2026-08-07,B. 1-9,Control,HardCoin,coins,7515,76.81433097290642,197.7347512965666,313.28645021645025,1204.6218924731197,924.36,0.78,177.5285033121009,200.95041465423643
2026-08-07,B. 1-9,Control,powerup_1,items,7515,0.0,1.7224149579631756,3.0,5.599206349206348,4.39,36.66,,
2026-08-07,B. 1-9,Control,powerup_2,items,7515,1.0,3.0,4.775361101702169,12.937288000260244,9.51,19.29,,
2026-08-07,B. 1-9,Control,powerup_3,items,7515,1.0,3.0,4.545515625,14.034878000132968,9.91,19.69,,
2026-08-07,B. 1-9,Control,pre_level_booster_1,items,7515,1.9082733812949642,3.292526472655177,12.870002676301354,61.23984389224992,32.44,14.09,,
2026-08-07,B. 1-9,Control,pre_level_booster_2,items,7515,2.0840945660099925,5.018042537634718,14.844015107357848,61.82518818110324,32.25,13.32,,
2026-08-07,B. 1-9,Control,pre_level_booster_3,items,7515,0.6540527099990016,3.0,6.2401952771955465,21.09293148522665,14.03,24.62,,
2026-08-07,B. 1-9,Variant,HardCoin,coins,7399,75.24440105335606,196.09369001717135,289.49030399223227,1081.6143403867577,885.59,0.63,172.54056714524864,200.19519157876496
2026-08-07,B. 1-9,Variant,powerup_1,items,7399,0.0,1.8700185149715889,3.0,5.398965477529401,4.51,36.57,,
2026-08-07,B. 1-9,Variant,powerup_2,items,7399,1.1419810286761918,3.0,5.588377406384225,14.733996789727136,10.31,16.43,,
2026-08-07,B. 1-9,Variant,powerup_3,items,7399,1.0,3.0,4.686159360895662,14.335005787037046,10.22,19.33,,
2026-08-07,B. 1-9,Variant,pre_level_booster_1,items,7399,2.0,3.7273991180524058,14.255826995660042,67.66594714174207,34.42,11.66,,
2026-08-07,B. 1-9,Variant,pre_level_booster_2,items,7399,2.5894097222222223,4.942109228617178,15.364609222458062,64.8642187081212,33.96,9.97,,
2026-08-07,B. 1-9,Variant,pre_level_booster_3,items,7399,0.8780794369029663,3.0,6.549112978524745,24.05792410714288,15.15,23.31,,
2026-08-07,C. 10-19,Control,HardCoin,coins,5686,72.22852321976123,190.95778332792344,372.72929384212705,1126.9247725279195,849.95,0.73,116.64786070317469,246.78138777857754
2026-08-07,C. 10-19,Control,powerup_1,items,5686,0.0,1.0687541964231215,3.0,5.816246498599444,4.3,40.47,,
2026-08-07,C. 10-19,Control,powerup_2,items,5686,1.0,3.0,5.208272915284123,12.35144436579365,8.82,19.8,,
2026-08-07,C. 10-19,Control,powerup_3,items,5686,1.0,3.0,5.778707676704634,14.360957370802588,9.4,17.66,,
2026-08-07,C. 10-19,Control,pre_level_booster_1,items,5686,2.0389959864042804,5.3664487660328595,15.924536655062077,62.12562446167105,34.31,14.1,,
2026-08-07,C. 10-19,Control,pre_level_booster_2,items,5686,2.03206532178173,7.088852153895136,18.13768432134422,62.94565217391316,34.66,13.74,,
2026-08-07,C. 10-19,Control,pre_level_booster_3,items,5686,0.9936714751046999,3.952567974311002,7.716052934407362,26.08779296875004,16.06,21.58,,
2026-08-07,C. 10-19,Variant,HardCoin,coins,5738,68.00935341656002,170.90147420120985,323.00937535108415,958.7730909090908,797.17,0.47,102.69018076689612,225.36523265300158
2026-08-07,C. 10-19,Variant,powerup_1,items,5738,0.0,1.1579140081746524,3.0,5.548672566371678,4.11,38.2,,
2026-08-07,C. 10-19,Variant,powerup_2,items,5738,1.0,3.0,6.48499132461215,14.178472934472932,9.09,17.1,,
2026-08-07,C. 10-19,Variant,powerup_3,items,5738,1.0,3.0,5.713576147628904,14.234001988944332,9.43,18.11,,
2026-08-07,C. 10-19,Variant,pre_level_booster_1,items,5738,2.0,5.1271131261516825,15.466908938873075,66.96368160428636,33.89,13.89,,
2026-08-07,C. 10-19,Variant,pre_level_booster_2,items,5738,2.7459999377018196,6.247750356753127,16.96933025582835,65.5755741458609,34.37,10.18,,
2026-08-07,C. 10-19,Variant,pre_level_booster_3,items,5738,1.0,4.186834368892414,8.22215663302091,26.165508011380638,15.53,19.4,,
2026-08-07,D. 20-39,Control,HardCoin,coins,4874,74.5990786409991,183.2604203966396,404.22286463634225,1124.3888817663822,817.61,0.72,98.0265368979241,291.5258414055551
2026-08-07,D. 20-39,Control,powerup_1,items,4874,0.0,1.037264957264957,3.0,5.895973021225945,3.89,39.34,,
2026-08-07,D. 20-39,Control,powerup_2,items,4874,1.0,3.0,6.0788483436853005,12.262713631624278,7.52,18.69,,
2026-08-07,D. 20-39,Control,powerup_3,items,4874,1.0,3.0,7.191078368569063,15.522917397233584,9.39,17.92,,
2026-08-07,D. 20-39,Control,pre_level_booster_1,items,4874,2.898280789280204,8.130881760113075,17.46794230228964,58.73666666666664,32.98,12.13,,
2026-08-07,D. 20-39,Control,pre_level_booster_2,items,4874,3.084678309088983,9.010202454965723,19.4941896169674,60.570375829034596,33.69,12.83,,
2026-08-07,D. 20-39,Control,pre_level_booster_3,items,4874,1.0089412881785096,4.9880488562755465,8.904845154845155,24.979027355623085,15.56,17.87,,
2026-08-07,D. 20-39,Variant,HardCoin,coins,4827,69.05192469642229,173.16500821300795,367.7036890257259,944.6886492201967,731.44,0.77,87.15302211610951,274.58563357098603
2026-08-07,D. 20-39,Variant,powerup_1,items,4827,0.0,1.0161576825852292,3.0,5.715819142689373,3.66,39.88,,
2026-08-07,D. 20-39,Variant,powerup_2,items,4827,1.0,3.000853560121671,6.446406791237741,12.535716625716628,7.55,18.29,,
2026-08-07,D. 20-39,Variant,powerup_3,items,4827,1.0,3.0,6.3515754551436725,13.867966343625579,8.1,17.34,,
2026-08-07,D. 20-39,Variant,pre_level_booster_1,items,4827,2.0193614130434785,6.0277446708739575,13.97185724431818,50.10721159289033,29.57,14.46,,
2026-08-07,D. 20-39,Variant,pre_level_booster_2,items,4827,2.6518248746867172,7.467404964325425,15.823874223602484,49.997198879551846,30.05,12.2,,
2026-08-07,D. 20-39,Variant,pre_level_booster_3,items,4827,1.0133725820016826,5.0,9.103329169760489,22.673015873015885,14.81,18.04,,
2026-08-07,E. 40-99,Control,HardCoin,coins,3124,70.385,168.67542870382044,494.0159759075968,1326.7821348973612,811.03,0.61,69.77793989723844,367.54577861163216
2026-08-07,E. 40-99,Control,powerup_1,items,3124,0.0,1.0,3.052758620689655,6.99662763466042,4.01,40.46,,
2026-08-07,E. 40-99,Control,powerup_2,items,3124,1.0,3.0,6.309630292188433,12.425917292583957,7.19,19.17,,
2026-08-07,E. 40-99,Control,powerup_3,items,3124,1.0,3.4694304857621443,7.879494655004859,16.451032967032962,9.07,18.21,,
2026-08-07,E. 40-99,Control,pre_level_booster_1,items,3124,3.0842490842490844,9.70679940922269,20.174938551711097,59.79135235348643,34.01,11.56,,
2026-08-07,E. 40-99,Control,pre_level_booster_2,items,3124,3.2512930265739253,10.463054187192121,22.022963903500816,61.22232476378816,34.6,12.39,,
2026-08-07,E. 40-99,Control,pre_level_booster_3,items,3124,1.2009302325581395,5.420631578947367,10.730697822651027,27.849912023460405,15.63,16.97,,
2026-08-07,E. 40-99,Variant,HardCoin,coins,2950,68.7297916608872,163.53675676732902,441.29929542224625,1104.9339285714289,759.23,0.72,68.53167689190187,354.14399085968375
2026-08-07,E. 40-99,Variant,powerup_1,items,2950,0.0,1.0,3.0,5.933823529411765,3.3,45.32,,
2026-08-07,E. 40-99,Variant,powerup_2,items,2950,1.0,2.4127874986244087,5.974655340481827,11.8159992584353,6.61,23.12,,
2026-08-07,E. 40-99,Variant,powerup_3,items,2950,1.0,3.0,6.874343487394958,14.780248097321271,7.64,20.37,,
2026-08-07,E. 40-99,Variant,pre_level_booster_1,items,2950,2.0732299498746865,6.258252164502161,14.226297600417315,43.79066666666667,27.23,14.41,,
2026-08-07,E. 40-99,Variant,pre_level_booster_2,items,2950,2.0966221523959163,8.398539723848765,16.472889465574564,43.25411513859275,27.91,13.39,,
2026-08-07,E. 40-99,Variant,pre_level_booster_3,items,2950,1.0,5.02034632034632,10.514198339886415,25.972813990461052,14.48,17.63,,
2026-08-07,F. 100+,Control,HardCoin,coins,432,67.84808612440192,184.4272727272727,652.5347985347985,1810.4166666666667,963.22,0.93,47.44652406417112,463.34999999999997
2026-08-07,F. 100+,Control,powerup_1,items,432,0.0,1.0,3.16,8.175,3.45,40.28,,
2026-08-07,F. 100+,Control,powerup_2,items,432,0.7407407407407408,2.484126984126984,6.311111111111112,13.030000000000001,6.85,24.07,,
2026-08-07,F. 100+,Control,powerup_3,items,432,1.0,4.022435897435898,9.958333333333334,17.70666666666667,7.78,20.83,,
2026-08-07,F. 100+,Control,pre_level_booster_1,items,432,2.6125541125541125,11.104102564102563,23.586111111111112,79.30000000000001,31.07,12.96,,
2026-08-07,F. 100+,Control,pre_level_booster_2,items,432,2.6527777777777777,11.9,26.258333333333333,78.66250000000002,31.82,13.89,,
2026-08-07,F. 100+,Control,pre_level_booster_3,items,432,1.0,6.7727272727272725,12.92,36.36222222222223,15.17,19.68,,
2026-08-07,F. 100+,Variant,HardCoin,coins,439,68.65109890109889,162.7235294117647,615.1807692307692,1377.5142857142864,741.02,0.69,44.5,505.0
2026-08-07,F. 100+,Variant,powerup_1,items,439,0.0,1.0,3.271875,6.262500000000003,3.31,46.47,,
2026-08-07,F. 100+,Variant,powerup_2,items,439,0.01,2.0197628458498023,6.428571428571429,11.758333333333335,5.86,27.11,,
2026-08-07,F. 100+,Variant,powerup_3,items,439,1.0,3.088888888888889,9.0,17.218750000000007,7.89,21.87,,
2026-08-07,F. 100+,Variant,pre_level_booster_1,items,439,2.1555555555555554,9.075,16.0,43.312499999999986,23.47,15.3,,
2026-08-07,F. 100+,Variant,pre_level_booster_2,items,439,1.8947368421052633,9.7,17.64675324675325,39.99999999999997,23.85,16.44,,
2026-08-07,F. 100+,Variant,pre_level_booster_3,items,439,1.0,6.313725490196078,12.87719298245614,31.737499999999994,14.62,21.69,,
2026-08-08,A. 0,Control,HardCoin,coins,5161,75.05548282313117,198.59449709449714,439.5884233465846,3337.4134387837903,1625.39,0.77,187.60168987594068,200.39135598471546
2026-08-08,A. 0,Control,powerup_1,items,5161,0.0,1.0,3.0,8.862706453851501,8.17,38.01,,
2026-08-08,A. 0,Control,powerup_2,items,5161,1.0,2.745811749357278,5.768251586034166,23.41083128078821,18.17,17.91,,
2026-08-08,A. 0,Control,powerup_3,items,5161,0.9893075054795331,2.685997527030136,5.873736917120491,24.21391214177982,17.0,21.52,,
2026-08-08,A. 0,Control,pre_level_booster_1,items,5161,0.4096941764065778,3.97438615085674,17.417163979691793,107.01807516392908,46.02,25.22,,
2026-08-08,A. 0,Control,pre_level_booster_2,items,5161,0.8193702523891204,5.202626968789347,19.33881752952016,104.5608609395472,44.94,24.06,,
2026-08-08,A. 0,Control,pre_level_booster_3,items,5161,0.0,2.863966004412636,8.66130954463005,54.260283358134984,25.23,32.64,,
2026-08-08,A. 0,Variant,HardCoin,coins,5140,74.91684131588812,198.42450338543358,412.55216649752924,3184.2509243697555,1579.78,0.63,183.92992386250384,199.98765796417163
2026-08-08,A. 0,Variant,powerup_1,items,5140,0.0,1.0,3.0,8.873007479036042,22.31,38.31,,
2026-08-08,A. 0,Variant,powerup_2,items,5140,1.0,2.915250637213254,6.404960894241418,24.53293761356756,17.87,17.94,,
2026-08-08,A. 0,Variant,powerup_3,items,5140,0.9858012972630913,2.2224624235992136,5.758383324177501,24.286045828437164,16.47,21.89,,
2026-08-08,A. 0,Variant,pre_level_booster_1,items,5140,0.5668744295457698,4.1041277609067,18.0624341032351,102.42517610062909,44.88,24.77,,
2026-08-08,A. 0,Variant,pre_level_booster_2,items,5140,0.5076788291074005,4.745500504062147,18.440875801037542,99.88000511939171,43.12,25.12,,
2026-08-08,A. 0,Variant,pre_level_booster_3,items,5140,0.0,2.918442384649588,8.526004279871064,50.19322386679011,24.01,34.07,,
2026-08-08,B. 1-9,Control,HardCoin,coins,7572,77.82403267821135,198.89468812923994,317.91821016155944,1215.2516623727167,909.93,0.65,193.6056821108632,200.1201288390873
2026-08-08,B. 1-9,Control,powerup_1,items,7572,0.0,1.9299901235015358,3.0,6.065807585021378,4.86,35.33,,
2026-08-08,B. 1-9,Control,powerup_2,items,7572,1.0,3.0,4.857459257384295,13.45469426119801,10.81,18.37,,
2026-08-08,B. 1-9,Control,powerup_3,items,7572,1.0,3.0,4.648035638180387,14.055628995075576,10.84,18.21,,
2026-08-08,B. 1-9,Control,pre_level_booster_1,items,7572,1.938419517040164,3.2927382875038695,12.895553541184604,64.29635715076995,33.04,14.0,,
2026-08-08,B. 1-9,Control,pre_level_booster_2,items,7572,2.1455763612193204,4.93573680872597,14.889019589872834,64.35988765452726,32.98,13.54,,
2026-08-08,B. 1-9,Control,pre_level_booster_3,items,7572,0.7680346853991216,3.0,6.272539021488066,22.822132943754575,14.31,23.81,,
2026-08-08,B. 1-9,Variant,HardCoin,coins,7420,75.73170694116425,196.51240626714625,290.436012795533,1024.991732077447,830.72,0.64,187.6914868446746,200.08749570989627
2026-08-08,B. 1-9,Variant,powerup_1,items,7420,0.0,2.0664071510957327,3.0,5.493827160493826,4.21,36.33,,
2026-08-08,B. 1-9,Variant,powerup_2,items,7420,1.1304652092775256,3.0,5.524745147325793,14.31022395326193,9.63,16.59,,
2026-08-08,B. 1-9,Variant,powerup_3,items,7420,1.0,3.0,4.8171992481203,13.797647058823532,9.38,19.16,,
2026-08-08,B. 1-9,Variant,pre_level_booster_1,items,7420,2.0,3.6974067957617835,13.87742252377983,63.549963981810826,33.46,11.15,,
2026-08-08,B. 1-9,Variant,pre_level_booster_2,items,7420,2.922221275144903,4.985792125855217,15.099402710140104,60.695735536531544,33.11,9.47,,
2026-08-08,B. 1-9,Variant,pre_level_booster_3,items,7420,0.891682748703977,3.0,6.456603273982467,23.566658902088673,14.8,23.06,,
2026-08-08,C. 10-19,Control,HardCoin,coins,5815,72.72180134680139,195.72853741310237,360.16700038955025,1175.6070156695162,841.92,0.64,133.4122179882659,243.51591606237457
2026-08-08,C. 10-19,Control,powerup_1,items,5815,0.0,1.1169478938322042,3.0,5.630521766965429,4.4,38.62,,
2026-08-08,C. 10-19,Control,powerup_2,items,5815,1.0,3.0,5.276303302588683,12.326337538060027,8.68,18.61,,
2026-08-08,C. 10-19,Control,powerup_3,items,5815,1.0,3.0,5.7776130023801935,14.513812280686752,9.48,17.8,,
2026-08-08,C. 10-19,Control,pre_level_booster_1,items,5815,2.0623922191469406,5.2933392707057285,16.181076221854386,65.44701797385618,33.96,14.93,,
2026-08-08,C. 10-19,Control,pre_level_booster_2,items,5815,2.42082071951563,7.032642805774885,18.203581420809343,64.49787656378271,34.01,13.59,,
2026-08-08,C. 10-19,Control,pre_level_booster_3,items,5815,1.0,4.090593854259304,7.559823006646584,24.488995215310993,15.46,21.02,,
2026-08-08,C. 10-19,Variant,HardCoin,coins,5766,66.76127105345691,166.21231803443857,314.88040638760674,961.13669535976,805.9,0.59,113.07647455859666,220.88390886530448
2026-08-08,C. 10-19,Variant,powerup_1,items,5766,0.0,1.1200281954887226,3.0,5.323303643724701,3.98,40.58,,
2026-08-08,C. 10-19,Variant,powerup_2,items,5766,1.0,3.0,5.764652660030615,13.78576842688425,9.04,17.95,,
2026-08-08,C. 10-19,Variant,powerup_3,items,5766,1.0,3.0,5.295727259725401,13.715923022095522,9.43,19.2,,
2026-08-08,C. 10-19,Variant,pre_level_booster_1,items,5766,1.9950201157884409,4.809749951271713,14.3065292362109,67.25693044354838,33.79,15.21,,
2026-08-08,C. 10-19,Variant,pre_level_booster_2,items,5766,2.612874036022668,6.004289317633853,15.896762174217208,65.10200876359416,34.35,12.39,,
2026-08-08,C. 10-19,Variant,pre_level_booster_3,items,5766,1.0,4.143486993582521,7.799361661067439,25.342860976918953,15.24,20.33,,
2026-08-08,D. 20-39,Control,HardCoin,coins,4933,75.32242013060652,192.69695461564922,418.0005387770012,1147.8904061952078,839.82,0.61,107.13570911007183,289.9257634920618
2026-08-08,D. 20-39,Control,powerup_1,items,4933,0.0,1.0872448102315007,3.0,6.025225225225223,4.26,37.08,,
2026-08-08,D. 20-39,Control,powerup_2,items,4933,1.0,3.0,5.991205478760973,11.827279991326936,8.2,17.6,,
2026-08-08,D. 20-39,Control,powerup_3,items,4933,1.0001335351197365,3.0,7.076661236407659,15.084519230769223,9.88,16.72,,
2026-08-08,D. 20-39,Control,pre_level_booster_1,items,4933,2.9794360424844144,7.753225640591626,16.994825037734508,53.65263422898703,33.03,13.7,,
2026-08-08,D. 20-39,Control,pre_level_booster_2,items,4933,3.10352444979668,8.745480117632018,18.91468903086306,56.041849816849776,33.98,13.58,,
2026-08-08,D. 20-39,Control,pre_level_booster_3,items,4933,1.0531300890889927,5.0,8.802302342574306,23.13395833333332,15.56,18.18,,
2026-08-08,D. 20-39,Variant,HardCoin,coins,4960,68.96413512599379,165.92307198143044,343.3905600166838,899.9915141612213,703.93,0.4,96.88708354556374,260.75277788032037
2026-08-08,D. 20-39,Variant,powerup_1,items,4960,0.0,1.0245142857142855,3.0,5.190200617283951,3.6,40.5,,
2026-08-08,D. 20-39,Variant,powerup_2,items,4960,1.0,3.0,6.092912525102226,12.088782562466776,7.25,20.12,,
2026-08-08,D. 20-39,Variant,powerup_3,items,4960,1.0,3.0,5.879417756713612,13.362891156462585,7.8,18.65,,
2026-08-08,D. 20-39,Variant,pre_level_booster_1,items,4960,2.3359975931404495,5.652184225723951,13.623725671918445,49.944867726415225,29.38,14.4,,
2026-08-08,D. 20-39,Variant,pre_level_booster_2,items,4960,2.7294723150587776,7.116226430840949,15.468612798595059,48.91674023701582,29.73,12.92,,
2026-08-08,D. 20-39,Variant,pre_level_booster_3,items,4960,1.0421342430499447,5.0,9.08788566786117,22.78260869565217,14.52,18.19,,
2026-08-08,E. 40-99,Control,HardCoin,coins,3274,72.73048552754437,176.9250949667616,509.1410363657488,1299.0005411255413,818.74,0.37,76.46710999458153,374.31569792096775
2026-08-08,E. 40-99,Control,powerup_1,items,3274,0.0,1.0671191553544497,3.7074829931972784,6.988235294117646,4.06,36.77,,
2026-08-08,E. 40-99,Control,powerup_2,items,3274,1.0,3.0,6.094875697615424,12.372167048637635,6.9,20.07,,
2026-08-08,E. 40-99,Control,powerup_3,items,3274,1.0,4.0,8.215650121690391,16.21128815715093,8.92,15.73,,
2026-08-08,E. 40-99,Control,pre_level_booster_1,items,3274,3.546757901596611,9.678407960199008,19.47645176040238,58.14865010351964,31.68,11.79,,
2026-08-08,E. 40-99,Control,pre_level_booster_2,items,3274,3.5650226449275357,10.391246684350136,21.025931681383238,59.05673202614377,32.18,12.68,,
2026-08-08,E. 40-99,Control,pre_level_booster_3,items,3274,1.1502347417840377,5.547737502961384,10.264663001752206,26.54444582814445,14.74,17.04,,
2026-08-08,E. 40-99,Variant,HardCoin,coins,3161,64.760017228796,145.7722592621643,414.19641025641016,1064.6635640221855,741.42,0.83,67.48410729055891,317.5153388481402
2026-08-08,E. 40-99,Variant,powerup_1,items,3161,0.0,1.0,3.0059185606060606,5.541666666666668,3.1,45.18,,
2026-08-08,E. 40-99,Variant,powerup_2,items,3161,0.9750000000000001,2.7329629629629633,5.966257668711656,11.518849206349207,6.41,22.56,,
2026-08-08,E. 40-99,Variant,powerup_3,items,3161,1.0,3.1129427847694098,6.612110205527993,13.941171918186845,7.19,19.04,,
2026-08-08,E. 40-99,Variant,pre_level_booster_1,items,3161,2.22088456284153,6.305464208603223,13.692046039756926,42.130065005417144,25.59,14.08,,
2026-08-08,E. 40-99,Variant,pre_level_booster_2,items,3161,2.1533431516936674,8.478034979423867,15.55,40.467349377026814,26.28,15.19,,
2026-08-08,E. 40-99,Variant,pre_level_booster_3,items,3161,1.0201692247146792,5.261037567084077,9.692439062257414,23.634463937621838,13.98,18.13,,
2026-08-08,F. 100+,Control,HardCoin,coins,497,68.31218487394958,166.63888888888889,710.536067193676,1496.9333333333334,831.54,1.01,53.241975308641976,513.3125
2026-08-08,F. 100+,Control,powerup_1,items,497,0.0,1.0,4.0,6.820000000000001,3.02,40.44,,
2026-08-08,F. 100+,Control,powerup_2,items,497,0.27083333333333337,2.1371428571428575,6.826315789473684,11.65714285714286,5.81,25.55,,
2026-08-08,F. 100+,Control,powerup_3,items,497,1.0,4.132211538461538,9.0,15.080000000000004,6.87,21.13,,
2026-08-08,F. 100+,Control,pre_level_booster_1,items,497,3.1319444444444446,10.776223776223777,19.689393939393938,62.468750000000014,26.71,14.69,,
2026-08-08,F. 100+,Control,pre_level_booster_2,items,497,2.9821969696969695,12.182608695652174,22.25588235294118,62.152000000000015,27.84,13.28,,
2026-08-08,F. 100+,Control,pre_level_booster_3,items,497,1.0,6.096153846153847,10.616666666666667,29.744000000000003,12.75,19.72,,
2026-08-08,F. 100+,Variant,HardCoin,coins,494,58.47662337662337,133.03307692307695,532.2797619047619,1096.752,610.83,1.02,36.0,407.8636363636364
2026-08-08,F. 100+,Variant,powerup_1,items,494,0.0,1.0,2.984189723320158,5.0,2.61,47.37,,
2026-08-08,F. 100+,Variant,powerup_2,items,494,1.0,2.418390804597702,6.0,10.0,5.09,22.67,,
2026-08-08,F. 100+,Variant,powerup_3,items,494,0.46640316205533594,2.977832512315271,7.223140495867768,13.548000000000007,6.55,24.9,,
2026-08-08,F. 100+,Variant,pre_level_booster_1,items,494,1.896694214876033,7.503105590062113,13.016666666666667,27.74285714285714,18.93,16.43,,
2026-08-08,F. 100+,Variant,pre_level_booster_2,items,494,1.5550239234449759,8.158249158249157,15.895833333333334,28.493333333333325,19.4,17.65,,
2026-08-08,F. 100+,Variant,pre_level_booster_3,items,494,1.0,5.2666666666666675,10.210526315789473,24.919999999999995,12.29,21.3,,
2026-08-09,A. 0,Control,HardCoin,coins,5112,74.70284183749258,196.11612165215496,454.71836130902057,3399.2545274616596,1656.13,0.62,186.5198624904507,200.0313658091197
2026-08-09,A. 0,Control,powerup_1,items,5112,0.0,1.0,3.0,9.077491866311757,8.51,39.09,,
2026-08-09,A. 0,Control,powerup_2,items,5112,1.0,2.47186251293115,5.818035511436196,23.854203278688573,18.23,20.19,,
2026-08-09,A. 0,Control,powerup_3,items,5112,0.9741343345848977,2.1564825489990564,5.771555539232789,24.160264367816126,17.18,22.85,,
2026-08-09,A. 0,Control,pre_level_booster_1,items,5112,0.06471846596420172,3.8515831249757984,17.410892870408198,104.30859648534079,47.0,26.57,,
2026-08-09,A. 0,Control,pre_level_booster_2,items,5112,0.32579700139299594,4.949051267693487,19.08144789454552,99.93477058029706,45.52,25.51,,
2026-08-09,A. 0,Control,pre_level_booster_3,items,5112,0.0,2.891274288625282,8.604174856287178,56.46808510638309,26.12,33.2,,
2026-08-09,A. 0,Variant,HardCoin,coins,5301,70.1109049905427,188.61636845891022,393.0777064821633,2820.24648287386,1513.17,0.63,169.04800207624783,199.71870492066037
2026-08-09,A. 0,Variant,powerup_1,items,5301,0.0,1.0,3.0,8.174749326145548,21.51,39.73,,
2026-08-09,A. 0,Variant,powerup_2,items,5301,1.0,2.883203256126217,6.097433761184444,22.939980216156794,17.62,19.16,,
2026-08-09,A. 0,Variant,powerup_3,items,5301,0.9477430555555552,2.113321799307957,5.432982253643052,22.08478614850194,15.93,23.35,,
2026-08-09,A. 0,Variant,pre_level_booster_1,items,5301,0.4046509726035398,3.9708624517386513,17.04547446855139,103.74883022454134,44.38,25.58,,
2026-08-09,A. 0,Variant,pre_level_booster_2,items,5301,0.5744555148394758,4.689453195681318,17.58977468341752,101.65333190195032,43.07,24.96,,
2026-08-09,A. 0,Variant,pre_level_booster_3,items,5301,0.0,2.8429975429975425,8.46501683305683,52.87251218217788,23.56,34.36,,
2026-08-09,B. 1-9,Control,HardCoin,coins,7527,73.52183376643448,197.0384306830329,314.6877904899903,1191.7840939869989,891.17,0.6,183.00564404059244,200.3357510750533
2026-08-09,B. 1-9,Control,powerup_1,items,7527,0.0,1.7471533683343154,3.0,5.703946583128312,4.62,37.38,,
2026-08-09,B. 1-9,Control,powerup_2,items,7527,1.0,3.0,4.698104678923491,12.772206162464997,10.29,20.78,,
2026-08-09,B. 1-9,Control,powerup_3,items,7527,1.0,3.0,4.63059545671518,14.298625501330854,10.28,19.73,,
2026-08-09,B. 1-9,Control,pre_level_booster_1,items,7527,1.8933242930191825,3.288944266411798,13.224104843098129,65.73423258041355,33.66,14.43,,
2026-08-09,B. 1-9,Control,pre_level_booster_2,items,7527,2.0374841239049566,5.005601004615181,15.25976265348907,65.68324673380809,33.33,14.12,,
2026-08-09,B. 1-9,Control,pre_level_booster_3,items,7527,0.394448496473643,3.0,6.314424283051735,22.633656065296968,14.42,25.56,,
2026-08-09,B. 1-9,Variant,HardCoin,coins,7378,71.38921177064687,193.01979891039554,280.1680861754915,1089.4409374337233,873.34,0.57,176.45951593762703,199.99678520157087
2026-08-09,B. 1-9,Variant,powerup_1,items,7378,0.0,1.6895709815546767,3.0,5.519822119147368,4.35,38.71,,
2026-08-09,B. 1-9,Variant,powerup_2,items,7378,1.0165610304641177,3.0,5.140034605312384,14.295747147654135,9.54,18.23,,
2026-08-09,B. 1-9,Variant,powerup_3,items,7378,1.0,3.0,4.418575114951805,13.899875736011266,9.27,20.9,,
2026-08-09,B. 1-9,Variant,pre_level_booster_1,items,7378,2.0,3.5922006592701323,13.394398188373572,61.485718505552256,32.93,12.95,,
2026-08-09,B. 1-9,Variant,pre_level_booster_2,items,7378,2.746265551502281,5.010384140585288,14.865046722507351,58.813739548495015,32.67,11.07,,
2026-08-09,B. 1-9,Variant,pre_level_booster_3,items,7378,0.738295481215962,3.0,6.434020708667621,23.13758773656719,14.6,24.22,,
2026-08-09,C. 10-19,Control,HardCoin,coins,5851,71.26906853244003,178.38094891311164,354.8675914438732,1151.1935508353577,880.3,0.55,120.07838136269704,236.32147619494785
2026-08-09,C. 10-19,Control,powerup_1,items,5851,0.0,1.0556857776369977,3.0,5.8550858345634476,4.29,40.31,,
2026-08-09,C. 10-19,Control,powerup_2,items,5851,1.0,3.0,5.1790244723843735,12.458333333333334,8.84,20.09,,
2026-08-09,C. 10-19,Control,powerup_3,items,5851,1.0,3.0,5.753356737121637,14.89591815871718,10.08,17.9,,
2026-08-09,C. 10-19,Control,pre_level_booster_1,items,5851,1.9551825823342985,5.2901648248870465,15.60788821182843,64.7758145611465,34.58,16.36,,
2026-08-09,C. 10-19,Control,pre_level_booster_2,items,5851,2.0685512248033757,7.187078309584706,17.640609795509,63.64229823384753,35.1,15.4,,
2026-08-09,C. 10-19,Control,pre_level_booster_3,items,5851,0.9591842211190125,4.263616010391031,7.729848986268021,24.7618440814794,15.7,22.79,,
2026-08-09,C. 10-19,Variant,HardCoin,coins,5866,66.88976377952753,167.8354968154591,331.8408782201405,988.7611153388115,832.74,0.57,119.28956335036993,223.36452090899735
2026-08-09,C. 10-19,Variant,powerup_1,items,5866,0.0,1.1119528619528616,3.0,5.664508621601613,3.97,41.34,,
2026-08-09,C. 10-19,Variant,powerup_2,items,5866,1.0,3.0,5.98158923467443,13.721423384168498,9.24,19.35,,
2026-08-09,C. 10-19,Variant,powerup_3,items,5866,0.9990718180763429,3.0,5.2759811351553045,13.818198593011202,9.32,20.87,,
2026-08-09,C. 10-19,Variant,pre_level_booster_1,items,5866,1.972641894650878,4.783805843599961,14.602842880960656,67.0301077586208,33.15,15.44,,
2026-08-09,C. 10-19,Variant,pre_level_booster_2,items,5866,2.4345923567214176,6.257776658693191,16.147565578263258,64.10561372243274,33.49,13.02,,
2026-08-09,C. 10-19,Variant,pre_level_booster_3,items,5866,1.0,4.4801689538531635,8.066936155347355,25.93772052853034,15.06,21.07,,
2026-08-09,D. 20-39,Control,HardCoin,coins,4954,69.80764316502467,164.12732160312805,396.51701071100274,1067.184935292827,722.88,0.87,96.05095619370766,275.8694793611724
2026-08-09,D. 20-39,Control,powerup_1,items,4954,0.0,1.045673076923077,3.0,5.802597402597402,3.58,39.15,,
2026-08-09,D. 20-39,Control,powerup_2,items,4954,1.0,3.0,5.980772809424815,11.41563968530545,6.98,18.72,,
2026-08-09,D. 20-39,Control,powerup_3,items,4954,1.0,3.0,6.999608319225401,14.413371424098926,8.44,16.7,,
2026-08-09,D. 20-39,Control,pre_level_booster_1,items,4954,2.8475284276796295,8.017852857488954,16.658628184852056,50.00483076105879,30.66,13.33,,
2026-08-09,D. 20-39,Control,pre_level_booster_2,items,4954,2.765872900155177,8.728524014623218,18.6403125,51.913858695652145,31.4,13.73,,
2026-08-09,D. 20-39,Control,pre_level_booster_3,items,4954,1.0252454417952315,5.0,8.789613441282185,21.465570688625384,14.59,18.64,,
2026-08-09,D. 20-39,Variant,HardCoin,coins,5111,65.47303061647386,144.99536897728441,342.1583690068493,875.3750891795478,656.78,0.79,85.3784352931776,249.9302297883329
2026-08-09,D. 20-39,Variant,powerup_1,items,5111,0.0,1.0,3.0,5.047279549718574,3.54,43.33,,
2026-08-09,D. 20-39,Variant,powerup_2,items,5111,0.9993160444571103,3.0,5.942367322114158,11.510558252427185,7.25,20.55,,
2026-08-09,D. 20-39,Variant,powerup_3,items,5111,1.0,3.0,5.838503687224488,13.151200000000003,8.12,19.53,,
2026-08-09,D. 20-39,Variant,pre_level_booster_1,items,5111,2.067940595022039,5.728550910810185,13.340658616793256,45.591081593927896,28.21,13.76,,
2026-08-09,D. 20-39,Variant,pre_level_booster_2,items,5111,2.2870031756643825,7.314229439313694,14.84755737763008,44.666999999999994,28.58,14.99,,
2026-08-09,D. 20-39,Variant,pre_level_booster_3,items,5111,1.0141469594594597,5.0,8.509028379862437,21.911433172302733,14.17,18.92,,
2026-08-09,E. 40-99,Control,HardCoin,coins,3337,69.99557970449715,153.52125388560978,486.6835126636811,1311.2222457627122,792.54,0.9,69.08933227898748,338.3346666666667
2026-08-09,E. 40-99,Control,powerup_1,items,3337,0.0,1.0,3.1510721247563356,6.642580645161292,3.93,38.93,,
2026-08-09,E. 40-99,Control,powerup_2,items,3337,1.0,3.0,6.2950274493243255,12.094133545310022,6.92,21.31,,
2026-08-09,E. 40-99,Control,powerup_3,items,3337,1.0,3.8684328358208955,7.879011716760061,14.924135021097051,8.85,18.49,,
2026-08-09,E. 40-99,Control,pre_level_booster_1,items,3337,3.0112846654902734,9.712688242256052,18.72050852583339,55.4669415477697,30.74,13.07,,
2026-08-09,E. 40-99,Control,pre_level_booster_2,items,3337,3.0887965254751792,10.564150943396227,20.472783309625417,54.95677179962895,30.96,13.04,,
2026-08-09,E. 40-99,Control,pre_level_booster_3,items,3337,1.006794425087108,5.3957808857808836,10.069300522285236,26.006479649519513,14.39,19.3,,
2026-08-09,E. 40-99,Variant,HardCoin,coins,3109,62.246380759651316,132.0640874833752,397.05299093081356,992.7855873015878,687.91,0.97,61.009324009324004,305.57750672536076
2026-08-09,E. 40-99,Variant,powerup_1,items,3109,0.0,1.0,3.0,5.022184873949578,3.06,46.38,,
2026-08-09,E. 40-99,Variant,powerup_2,items,3109,0.9650841750841751,2.2990506329113916,5.627742448330682,10.85697601010101,6.21,23.0,,
2026-08-09,E. 40-99,Variant,powerup_3,items,3109,1.0,3.0,6.521036036036037,12.881571428571426,7.09,21.23,,
2026-08-09,E. 40-99,Variant,pre_level_booster_1,items,3109,1.9096153846153847,6.150724085365854,13.214767041901187,37.33289333617207,23.81,15.35,,
2026-08-09,E. 40-99,Variant,pre_level_booster_2,items,3109,1.6793893129770991,8.272588522588523,15.256974372051511,36.63114186851215,24.37,16.96,,
2026-08-09,E. 40-99,Variant,pre_level_booster_3,items,3109,1.0,5.100509495136637,9.307502220686935,21.814493670886094,13.14,19.14,,
2026-08-09,F. 100+,Control,HardCoin,coins,513,68.87779973649538,148.6839199447895,644.0996240601504,1409.945555555556,809.39,0.2,35.204,435.98442906574394
2026-08-09,F. 100+,Control,powerup_1,items,513,0.0,1.0,3.7857142857142856,7.383999999999999,2.99,43.47,,
2026-08-09,F. 100+,Control,powerup_2,items,513,0.0,2.0035650623885917,6.811303827751196,12.095999999999998,6.16,28.27,,
2026-08-09,F. 100+,Control,powerup_3,items,513,1.0,4.009358288770054,9.465277777777777,16.936,7.36,21.64,,
2026-08-09,F. 100+,Control,pre_level_booster_1,items,513,1.8119834710743803,10.142156862745098,20.512152777777775,57.0,24.84,16.57,,
2026-08-09,F. 100+,Control,pre_level_booster_2,items,513,2.0,11.139037433155082,22.341507177033492,58.579393939393924,25.72,15.01,,
2026-08-09,F. 100+,Control,pre_level_booster_3,items,513,1.0,5.436224489795919,10.932692307692308,26.929696969696963,12.05,21.64,,
2026-08-09,F. 100+,Variant,HardCoin,coins,523,60.86,132.19318181818184,486.64285714285717,1069.9454545454546,584.3,0.77,36.84233870967742,387.06925996204933
2026-08-09,F. 100+,Variant,powerup_1,items,523,0.0,0.6862745098039216,3.0,5.0,2.49,49.52,,
2026-08-09,F. 100+,Variant,powerup_2,items,523,0.08241758241758242,2.0,7.0,10.173333333333332,4.92,26.96,,
2026-08-09,F. 100+,Variant,powerup_3,items,523,0.16874999999999998,2.4464285714285716,6.881538461538462,12.383999999999999,5.8,26.2,,
2026-08-09,F. 100+,Variant,pre_level_booster_1,items,523,1.3713768115942027,7.331797235023041,12.4825,23.881481481481476,17.66,18.16,,
2026-08-09,F. 100+,Variant,pre_level_booster_2,items,523,1.35,8.503787878787877,15.375,24.331428571428564,18.41,19.12,,
2026-08-09,F. 100+,Variant,pre_level_booster_3,items,523,1.0,5.391826923076923,10.0,21.67272727272727,11.65,21.8,,
2026-08-10,A. 0,Control,HardCoin,coins,4087,93.72090055889488,200.01820523138835,508.49515149734606,3921.3186274509876,1707.11,0.55,199.98076871279662,200.0
2026-08-10,A. 0,Control,powerup_1,items,4087,0.025764036958066793,1.2827718079835688,3.0972222222222228,10.418888461044801,7.6,27.26,,
2026-08-10,A. 0,Control,powerup_2,items,4087,1.0,3.0,7.44203431372549,31.326648983200737,20.08,13.48,,
2026-08-10,A. 0,Control,powerup_3,items,4087,1.0,3.0,7.493069584736251,31.57728886676623,18.49,16.03,,
2026-08-10,A. 0,Control,pre_level_booster_1,items,4087,0.8516731986735,4.676239465084278,19.309417871709304,105.70090476190474,41.36,23.46,,
2026-08-10,A. 0,Control,pre_level_booster_2,items,4087,1.0031231700175678,5.905461519840606,21.518864883563687,100.60811170212762,40.98,21.89,,
2026-08-10,A. 0,Control,pre_level_booster_3,items,4087,0.0,3.012248995983936,8.935806158773548,52.608653061224466,21.21,30.39,,
2026-08-10,A. 0,Variant,HardCoin,coins,4066,83.80260793972765,199.99399563318778,395.3127269994739,2918.9722547108495,1478.98,0.45,198.22834752429162,200.0
2026-08-10,A. 0,Variant,powerup_1,items,4066,0.0,1.0450757575757579,3.0,9.02503293807642,5.75,31.09,,
2026-08-10,A. 0,Variant,powerup_2,items,4066,1.0,3.0,6.868421052631579,25.65521193324472,16.12,14.61,,
2026-08-10,A. 0,Variant,powerup_3,items,4066,1.0,2.98288466500387,6.270752571363261,24.64129181084198,14.69,18.15,,
2026-08-10,A. 0,Variant,pre_level_booster_1,items,4066,1.002577704722056,4.560861968549796,17.122071495310934,86.39977827050998,35.62,21.53,,
2026-08-10,A. 0,Variant,pre_level_booster_2,items,4066,1.070575572753831,5.506221613438109,18.46737083722379,86.00819060299784,35.44,20.49,,
2026-08-10,A. 0,Variant,pre_level_booster_3,items,4066,0.0,2.9978543133802815,8.212297482837528,38.07465277777778,17.54,31.0,,
2026-08-10,B. 1-9,Control,HardCoin,coins,7404,80.21888946452917,197.63585119517998,341.0560690954774,1322.1895494222836,962.12,0.71,170.30594286738918,202.09626581858046
2026-08-10,B. 1-9,Control,powerup_1,items,7404,0.0,1.7585182710651792,3.0,6.385297596270918,5.02,33.2,,
2026-08-10,B. 1-9,Control,powerup_2,items,7404,1.0,3.0,5.077883661563911,13.832184062850738,10.66,18.73,,
2026-08-10,B. 1-9,Control,powerup_3,items,7404,1.0,3.0,5.049714095555797,14.930270655270668,10.59,18.38,,
2026-08-10,B. 1-9,Control,pre_level_booster_1,items,7404,1.8694948535916966,3.611365504285547,13.964591807775992,68.82596364300726,34.1,14.99,,
2026-08-10,B. 1-9,Control,pre_level_booster_2,items,7404,2.1101269084584153,5.246936011300092,16.177932185544556,66.52881173393513,34.24,12.29,,
2026-08-10,B. 1-9,Control,pre_level_booster_3,items,7404,0.6511680841100689,3.0,6.796059504190363,23.951005583563735,15.35,24.41,,
2026-08-10,B. 1-9,Variant,HardCoin,coins,7304,77.44757349564775,195.96249010450583,302.01147437579795,1192.6250458260554,910.43,0.39,159.65583233581097,200.24241666730043
2026-08-10,B. 1-9,Variant,powerup_1,items,7304,0.0,1.6703299119434962,3.0,5.744800512738347,4.68,35.12,,
2026-08-10,B. 1-9,Variant,powerup_2,items,7304,1.0885160172604635,3.0,5.809570540225418,15.259872126151205,10.87,15.94,,
2026-08-10,B. 1-9,Variant,powerup_3,items,7304,1.0,3.0,4.9534971076553225,14.470321637426908,10.4,19.29,,
2026-08-10,B. 1-9,Variant,pre_level_booster_1,items,7304,2.0,4.186025296184129,15.21709217760279,69.54553282307923,36.75,11.06,,
2026-08-10,B. 1-9,Variant,pre_level_booster_2,items,7304,2.161060032449973,5.04990490793436,15.65709397930574,67.12875185895646,35.85,12.61,,
2026-08-10,B. 1-9,Variant,pre_level_booster_3,items,7304,0.7382704859064031,3.0,6.828130065681248,26.249717765894253,16.49,24.33,,
2026-08-10,C. 10-19,Control,HardCoin,coins,6245,71.90298684554281,182.31402180120804,373.1065550389202,1195.2103592807814,944.72,0.68,110.46717579397027,244.68394478035592
2026-08-10,C. 10-19,Control,powerup_1,items,6245,0.0,1.1226089667274912,3.0,6.070967741935485,4.67,36.72,,
2026-08-10,C. 10-19,Control,powerup_2,items,6245,1.0,3.0,5.167511330402578,12.283098118279572,9.33,19.86,,
2026-08-10,C. 10-19,Control,powerup_3,items,6245,1.0,3.0,5.817752261732173,14.867768595041323,10.68,18.4,,
2026-08-10,C. 10-19,Control,pre_level_booster_1,items,6245,1.5794180492709906,5.245365207954085,15.93052288733483,68.34319024907259,38.42,17.41,,
2026-08-10,C. 10-19,Control,pre_level_booster_2,items,6245,2.165260366441659,7.293608565066543,18.309994571242374,69.6536057692308,38.62,13.61,,
2026-08-10,C. 10-19,Control,pre_level_booster_3,items,6245,0.952271517302573,3.8778837779307187,7.774775184360802,27.000660487520072,17.86,22.96,,
2026-08-10,C. 10-19,Variant,HardCoin,coins,6225,73.85117452838487,180.6970885798409,346.8655307403287,1087.359669947888,906.3,0.4,110.75423728813561,233.75505694964346
2026-08-10,C. 10-19,Variant,powerup_1,items,6225,0.0,1.0856693326340632,3.0,5.768836565096955,4.09,37.87,,
2026-08-10,C. 10-19,Variant,powerup_2,items,6225,1.0703285486443384,3.0,6.095968099116214,14.571312427409994,9.49,15.47,,
2026-08-10,C. 10-19,Variant,powerup_3,items,6225,1.0,3.0,5.331581969566467,13.84874263213247,9.41,19.06,,
2026-08-10,C. 10-19,Variant,pre_level_booster_1,items,6225,2.0,5.211205578591934,15.724733676011763,73.29579566948398,35.82,14.08,,
2026-08-10,C. 10-19,Variant,pre_level_booster_2,items,6225,2.0465163109142166,6.15175018032161,16.99457126259452,69.65189302196879,35.16,14.46,,
2026-08-10,C. 10-19,Variant,pre_level_booster_3,items,6225,0.9918163473755013,4.119856738297518,8.089051830522422,28.726932963766,16.2,21.77,,
2026-08-10,D. 20-39,Control,HardCoin,coins,5236,74.47586063268133,185.2073679115099,426.14839111451244,1127.3018561080135,826.22,0.56,95.23275938297131,295.2968555103897
2026-08-10,D. 20-39,Control,powerup_1,items,5236,0.0,1.246636549784481,3.0,6.005280305583642,4.9,34.94,,
2026-08-10,D. 20-39,Control,powerup_2,items,5236,1.0,3.00063957929895,6.00719301024179,12.466928944199118,8.74,19.54,,
2026-08-10,D. 20-39,Control,powerup_3,items,5236,1.0025457070122656,3.045072427524383,7.145575435203093,15.336329191999294,10.27,16.68,,
2026-08-10,D. 20-39,Control,pre_level_booster_1,items,5236,2.6426866025196665,7.890108652817654,16.101951531056006,56.45649061747235,35.44,13.33,,
2026-08-10,D. 20-39,Control,pre_level_booster_2,items,5236,3.430825663598772,9.391612361084121,18.89905365371955,57.99664771569006,36.61,11.16,,
2026-08-10,D. 20-39,Control,pre_level_booster_3,items,5236,1.0178475288037045,4.997653704589175,8.724694189949373,24.461600993068295,17.83,18.72,,
2026-08-10,D. 20-39,Variant,HardCoin,coins,5353,72.77942647161429,171.03253553205832,370.26277389277385,992.1517141366721,765.27,0.53,84.73211803466776,272.013376098623
2026-08-10,D. 20-39,Variant,powerup_1,items,5353,0.0,1.0809995691512284,3.0,5.8231455832563865,4.24,37.06,,
2026-08-10,D. 20-39,Variant,powerup_2,items,5353,1.047934688581315,3.190547981457053,6.6748470217883416,12.997397188964078,8.52,15.47,,
2026-08-10,D. 20-39,Variant,powerup_3,items,5353,1.0,3.0,6.1359177763238915,13.967877718988824,9.1,17.3,,
2026-08-10,D. 20-39,Variant,pre_level_booster_1,items,5353,2.359117362803597,6.460377770896701,14.822826086956523,52.076319999999974,33.2,13.58,,
2026-08-10,D. 20-39,Variant,pre_level_booster_2,items,5353,2.0592742229016534,7.345916692799493,15.797083838758228,51.99377344939879,33.12,14.93,,
2026-08-10,D. 20-39,Variant,pre_level_booster_3,items,5353,1.005817764667322,4.995947823402284,8.92962203601355,25.795771196897576,16.85,19.65,,
2026-08-10,E. 40-99,Control,HardCoin,coins,3434,70.55613840092529,170.78769925501257,509.6722963889113,1335.2308886183812,849.33,0.7,69.05377842993397,378.5581308912955
2026-08-10,E. 40-99,Control,powerup_1,items,3434,0.0,1.0,3.4054363183744867,6.951944551405466,4.7,39.43,,
2026-08-10,E. 40-99,Control,powerup_2,items,3434,0.8299990046780135,2.583717166687416,6.375349097002421,12.295957193816884,7.44,23.24,,
2026-08-10,E. 40-99,Control,powerup_3,items,3434,1.0,3.6855333370095886,8.338663797281296,15.963849428175802,9.31,18.17,,
2026-08-10,E. 40-99,Control,pre_level_booster_1,items,3434,3.0069196081480327,9.39640236180523,19.35611334444554,60.140230158730134,32.45,12.61,,
2026-08-10,E. 40-99,Control,pre_level_booster_2,items,3434,3.2762724014336917,11.028590207032535,22.27722517398788,61.53661438615464,33.4,10.95,,
2026-08-10,E. 40-99,Control,pre_level_booster_3,items,3434,1.0,5.436865436865437,10.719060787099494,28.909222368287985,16.05,19.71,,
2026-08-10,E. 40-99,Variant,HardCoin,coins,3390,68.15122677660133,153.17399940861142,441.9326278659612,1191.2240740740751,790.84,0.71,62.8014184397163,342.6616250186711
2026-08-10,E. 40-99,Variant,powerup_1,items,3390,0.0,1.0,3.0,5.918222222222222,27.34,37.36,,
2026-08-10,E. 40-99,Variant,powerup_2,items,3390,1.0,3.384130394171493,6.923076923076923,12.174504839910645,8.81,17.41,,
2026-08-10,E. 40-99,Variant,powerup_3,items,3390,1.0,3.308116180863116,7.136651469098278,13.575678866587953,9.33,16.61,,
2026-08-10,E. 40-99,Variant,pre_level_booster_1,items,3390,2.5105193477957903,7.401231527093595,14.526610214110214,41.572826428123015,28.94,13.54,,
2026-08-10,E. 40-99,Variant,pre_level_booster_2,items,3390,2.282323932809369,8.349340313017466,16.48452293054945,39.7125218375532,28.25,14.49,,
2026-08-10,E. 40-99,Variant,pre_level_booster_3,items,3390,1.1020824826459779,5.166733627963035,9.925662602484035,26.20396266184883,16.35,17.41,,
2026-08-10,F. 100+,Control,HardCoin,coins,529,66.58498023715416,169.80361305361305,658.9060606060606,1486.9942857142853,853.69,0.38,42.3,500.02727272727276
2026-08-10,F. 100+,Control,powerup_1,items,529,0.0,1.0,4.065972222222222,8.076363636363638,3.41,40.83,,
2026-08-10,F. 100+,Control,powerup_2,items,529,1.0,2.01875,7.118343195266273,12.74666666666667,6.59,20.79,,
2026-08-10,F. 100+,Control,powerup_3,items,529,1.0,3.9486461251167126,9.942307692307692,16.781818181818185,8.17,18.9,,
2026-08-10,F. 100+,Control,pre_level_booster_1,items,529,2.871649184149184,11.7008547008547,22.167361111111113,61.858333333333356,29.9,12.85,,
2026-08-10,F. 100+,Control,pre_level_booster_2,items,529,2.739230769230769,12.711168831168832,24.761904761904763,59.63125000000003,30.94,15.12,,
2026-08-10,F. 100+,Control,pre_level_booster_3,items,529,1.0,6.308035714285714,11.303508771929824,30.115555555555574,13.7,20.79,,
2026-08-10,F. 100+,Variant,HardCoin,coins,501,64.62809917355372,146.37649204244033,518.2832080200501,1302.9759999999999,706.86,0.2,41.84090909090909,415.7708333333333
2026-08-10,F. 100+,Variant,powerup_1,items,501,0.0,1.0,4.0309917355371905,6.272000000000003,3.21,41.52,,
2026-08-10,F. 100+,Variant,powerup_2,items,501,1.0,2.564583333333333,7.472222222222223,13.0,6.0,20.36,,
2026-08-10,F. 100+,Variant,powerup_3,items,501,1.0,3.4800000000000004,8.245098039215685,13.880000000000006,7.06,20.36,,
2026-08-10,F. 100+,Variant,pre_level_booster_1,items,501,1.7748538011695907,8.083044982698963,13.985930735930735,30.616000000000017,20.28,16.57,,
2026-08-10,F. 100+,Variant,pre_level_booster_2,items,501,1.3468899521531101,9.0013986013986,16.073529411764707,29.7857142857143,20.75,18.16,,
2026-08-10,F. 100+,Variant,pre_level_booster_3,items,501,1.0,6.0,10.883116883116884,26.29111111111114,13.09,19.36,,
