event_date,is_total,segment,ab_group,players_active,player_days,players_assigned,activation_rate,d1_retention,d3_retention,d7_retention,d7_observable_players,sessions_per_active,session_minutes_per_active,levels_attempted_per_active,levels_completed_per_active,level_win_rate,iap_revenue,iap_revenue_per_active,payers,conversion_rate,arppu,hc_purchased_per_active
2026-08-02,False,A. 0,Control,5266,5266,27203,0.1936,0.1381,0.1148,0.1236,18253,,24.1809,13.3399,8.9394,0.6701,479.11,0.091,74,1.4052,6.4745,7.7668
2026-08-02,False,A. 0,Variant,5384,5384,27539,0.1955,0.1313,0.1105,0.1127,18476,,24.0775,13.1694,9.1051,0.6914,433.62,0.0805,73,1.3559,5.94,7.4108
2026-08-02,False,B. 1-9,Control,7596,7596,39581,0.1919,0.2262,0.1767,0.1762,27778,,20.4186,10.9929,5.1207,0.4658,111.64,0.0147,42,0.5529,2.6581,1.3033
2026-08-02,False,B. 1-9,Variant,7387,7387,39581,0.1866,0.2262,0.1736,0.1752,27620,,19.6732,10.189,4.9308,0.4839,155.25,0.021,64,0.8664,2.4258,1.7395
2026-08-02,False,C. 10-19,Control,5534,5534,21411,0.2585,0.4035,0.3105,0.3033,15500,,40.1172,22.7732,13.6162,0.5979,385.25,0.0696,104,1.8793,3.7043,6.0354
2026-08-02,False,C. 10-19,Variant,5541,5541,21239,0.2609,0.4032,0.3138,0.3016,15234,,38.7203,21.3378,12.8473,0.6021,297.84,0.0538,105,1.895,2.8366,4.7825
2026-08-02,False,D. 20-39,Control,4544,4544,15704,0.2894,0.5119,0.3919,0.3519,11109,,61.5541,36.4952,25.7722,0.7062,505.94,0.1113,110,2.4208,4.5995,9.5158
2026-08-02,False,D. 20-39,Variant,4663,4663,16191,0.288,0.5168,0.3901,0.3552,11468,,59.517,34.427,24.2406,0.7041,563.3,0.1208,130,2.7879,4.3331,9.9818
2026-08-02,False,E. 40-99,Control,3033,3033,10000,0.3033,0.7032,0.5503,0.454,6768,,106.9787,67.8513,51.1569,0.754,712.84,0.235,106,3.4949,6.7249,19.667
2026-08-02,False,E. 40-99,Variant,2790,2790,9900,0.2818,0.6946,0.5545,0.4594,6633,,110.7176,70.271,52.0982,0.7414,717.96,0.2573,112,4.0143,6.4104,24.6595
2026-08-02,False,F. 100+,Control,448,448,2021,0.2217,0.8508,0.6749,0.5294,1241,,231.1429,166.3527,123.029,0.7396,116.82,0.2608,26,5.8036,4.4931,29.2411
2026-08-02,False,F. 100+,Variant,442,442,1988,0.2223,0.8714,0.6754,0.5317,1166,,236.6253,167.2172,124.9683,0.7473,164.13,0.3713,24,5.4299,6.8387,40.0452
2026-08-03,False,A. 0,Control,4074,4074,27203,0.1498,0.1381,0.1148,0.1236,18253,,4.6237,1.7931,0.1694,0.0945,4.47,0.0011,2,0.0491,2.235,0.0491
2026-08-03,False,A. 0,Variant,3994,3994,27539,0.145,0.1313,0.1105,0.1127,18476,,4.5344,1.8418,0.0949,0.0515,25.93,0.0065,1,0.025,25.93,1.0015
2026-08-03,False,B. 1-9,Control,7328,7328,39581,0.1851,0.2262,0.1767,0.1762,27778,,22.4102,11.6296,5.3294,0.4583,85.33,0.0116,44,0.6004,1.9393,1.0917
2026-08-03,False,B. 1-9,Variant,7260,7260,39581,0.1834,0.2262,0.1736,0.1752,27620,,22.4947,11.5372,5.4977,0.4765,125.41,0.0173,55,0.7576,2.2802,1.3981
2026-08-03,False,C. 10-19,Control,5776,5776,21411,0.2698,0.4035,0.3105,0.3033,15500,,43.0026,23.4782,14.2116,0.6053,287.81,0.0498,102,1.7659,2.8217,4.1551
2026-08-03,False,C. 10-19,Variant,5893,5893,21239,0.2775,0.4032,0.3138,0.3016,15234,,44.6749,23.9007,14.2366,0.5957,584.38,0.0992,138,2.3418,4.2346,7.5428
2026-08-03,False,D. 20-39,Control,4815,4815,15704,0.3066,0.5119,0.3919,0.3519,11109,,68.9848,39.1844,28.5034,0.7274,907.26,0.1884,139,2.8868,6.5271,13.8318
2026-08-03,False,D. 20-39,Variant,4900,4900,16191,0.3026,0.5168,0.3901,0.3552,11468,,70.5546,39.768,27.9233,0.7022,541.6,0.1105,138,2.8163,3.9246,10.7653
2026-08-03,False,E. 40-99,Control,3169,3169,10000,0.3169,0.7032,0.5503,0.454,6768,,117.8857,73.3626,56.2843,0.7672,782.34,0.2469,119,3.7551,6.5743,20.3376
2026-08-03,False,E. 40-99,Variant,3032,3032,9900,0.3063,0.6946,0.5545,0.4594,6633,,127.6945,77.7833,57.8094,0.7432,551.21,0.1818,111,3.6609,4.9659,16.2269
2026-08-03,False,F. 100+,Control,435,435,2021,0.2152,0.8508,0.6749,0.5294,1241,,236.8912,168.1494,130.2207,0.7744,202.84,0.4663,30,6.8966,6.7613,46.6667
2026-08-03,False,F. 100+,Variant,417,417,1988,0.2098,0.8714,0.6754,0.5317,1166,,239.6946,171.3933,125.0767,0.7298,76.26,0.1829,22,5.2758,3.4664,19.6643
2026-08-04,False,A. 0,Control,4495,4495,27203,0.1652,0.1381,0.1148,0.1236,18253,,14.8132,8.1793,5.4919,0.6714,243.13,0.0541,29,0.6452,8.3838,4.4605
2026-08-04,False,A. 0,Variant,4433,4433,27539,0.161,0.1313,0.1105,0.1127,18476,,18.2167,9.9754,6.7243,0.6741,190.14,0.0429,37,0.8346,5.1389,3.6995
2026-08-04,False,B. 1-9,Control,7437,7437,39581,0.1879,0.2262,0.1767,0.1762,27778,,20.1296,10.5625,5.2517,0.4972,131.51,0.0177,63,0.8471,2.0875,1.506
2026-08-04,False,B. 1-9,Variant,7344,7344,39581,0.1855,0.2262,0.1736,0.1752,27620,,21.351,11.0832,5.1934,0.4686,92.89,0.0126,56,0.7625,1.6587,1.2868
2026-08-04,False,C. 10-19,Control,5808,5808,21411,0.2713,0.4035,0.3105,0.3033,15500,,38.7345,21.3633,13.8199,0.6469,408.15,0.0703,108,1.8595,3.7792,6.0348
2026-08-04,False,C. 10-19,Variant,5839,5839,21239,0.2749,0.4032,0.3138,0.3016,15234,,43.2905,23.4179,13.8781,0.5926,369.89,0.0633,114,1.9524,3.2446,5.5575
2026-08-04,False,D. 20-39,Control,4883,4883,15704,0.3109,0.5119,0.3919,0.3519,11109,,60.8831,36.1163,26.4636,0.7327,552.92,0.1132,111,2.2732,4.9813,9.2566
2026-08-04,False,D. 20-39,Variant,4917,4917,16191,0.3037,0.5168,0.3901,0.3552,11468,,68.2391,38.4863,26.399,0.6859,505.78,0.1029,122,2.4812,4.1457,9.0299
2026-08-04,False,E. 40-99,Control,3031,3031,10000,0.3031,0.7032,0.5503,0.454,6768,,107.7549,67.9957,52.0518,0.7655,680.34,0.2245,107,3.5302,6.3583,20.2013
2026-08-04,False,E. 40-99,Variant,2920,2920,9900,0.2949,0.6946,0.5545,0.4594,6633,,117.3972,72.9945,52.1003,0.7138,510.28,0.1748,107,3.6644,4.769,17.6884
2026-08-04,False,F. 100+,Control,403,403,2021,0.1994,0.8508,0.6749,0.5294,1241,,234.8235,157.0124,125.8834,0.8017,176.97,0.4391,24,5.9553,7.3738,34.6154
2026-08-04,False,F. 100+,Variant,394,394,1988,0.1982,0.8714,0.6754,0.5317,1166,,231.4736,158.6777,120.1244,0.757,169.44,0.4301,26,6.599,6.5169,45.8122
2026-08-05,False,A. 0,Control,4810,4810,27203,0.1768,0.1381,0.1148,0.1236,18253,,21.191,11.9193,8.0075,0.6718,374.82,0.0779,48,0.9979,7.8087,5.6757
2026-08-05,False,A. 0,Variant,4733,4733,27539,0.1719,0.1313,0.1105,0.1127,18476,,23.1742,12.4363,8.6674,0.6969,369.91,0.0782,54,1.1409,6.8502,5.9159
2026-08-05,False,B. 1-9,Control,7431,7431,39581,0.1877,0.2262,0.1767,0.1762,27778,,21.6446,11.3967,5.1397,0.451,103.46,0.0139,54,0.7267,1.9159,1.4466
2026-08-05,False,B. 1-9,Variant,7277,7277,39581,0.1839,0.2262,0.1736,0.1752,27620,,21.2177,11.0176,5.0991,0.4628,146.8,0.0202,57,0.7833,2.5754,1.5563
2026-08-05,False,C. 10-19,Control,5653,5653,21411,0.264,0.4035,0.3105,0.3033,15500,,41.0009,22.9604,13.6876,0.5961,234.91,0.0416,108,1.9105,2.1751,3.7856
2026-08-05,False,C. 10-19,Variant,5753,5753,21239,0.2709,0.4032,0.3138,0.3016,15234,,42.7161,23.1564,13.6937,0.5914,582.93,0.1013,114,1.9816,5.1134,11.9112
2026-08-05,False,D. 20-39,Control,4705,4705,15704,0.2996,0.5119,0.3919,0.3519,11109,,59.5381,35.3896,24.9887,0.7061,542.72,0.1153,112,2.3804,4.8457,9.9469
2026-08-05,False,D. 20-39,Variant,4710,4710,16191,0.2909,0.5168,0.3901,0.3552,11468,,62.389,35.6261,25.1285,0.7053,492.3,0.1045,124,2.6327,3.9702,9.0764
2026-08-05,False,E. 40-99,Control,3010,3010,10000,0.301,0.7032,0.5503,0.454,6768,,112.348,71.4887,52.8422,0.7392,623.64,0.2072,102,3.3887,6.1141,18.0565
2026-08-05,False,E. 40-99,Variant,2903,2903,9900,0.2932,0.6946,0.5545,0.4594,6633,,114.8299,71.144,51.3049,0.7211,396.32,0.1365,96,3.3069,4.1283,13.8994
2026-08-05,False,F. 100+,Control,408,408,2021,0.2019,0.8508,0.6749,0.5294,1241,,244.0851,166.8505,129.5515,0.7765,116.54,0.2856,21,5.1471,5.5495,30.5147
2026-08-05,False,F. 100+,Variant,421,421,1988,0.2118,0.8714,0.6754,0.5317,1166,,232.2339,160.3444,120.6983,0.7527,169.8,0.4033,18,4.2755,9.4333,36.4608
2026-08-06,False,A. 0,Control,5113,5113,27203,0.188,0.1381,0.1148,0.1236,18253,,21.6969,11.9491,8.2083,0.6869,584.05,0.1142,72,1.4082,8.1118,10.2484
2026-08-06,False,A. 0,Variant,5032,5032,27539,0.1827,0.1313,0.1105,0.1127,18476,,24.4452,13.3492,9.0314,0.6766,462.66,0.0919,68,1.3514,6.8038,6.9754
2026-08-06,False,B. 1-9,Control,7361,7361,39581,0.186,0.2262,0.1767,0.1762,27778,,19.1092,10.0556,5.0012,0.4974,125.52,0.0171,53,0.72,2.3683,1.4604
2026-08-06,False,B. 1-9,Variant,7378,7378,39581,0.1864,0.2262,0.1736,0.1752,27620,,20.5711,10.7819,5.0705,0.4703,175.86,0.0238,73,0.9894,2.409,2.1144
2026-08-06,False,C. 10-19,Control,5621,5621,21411,0.2625,0.4035,0.3105,0.3033,15500,,36.6469,20.5782,13.1373,0.6384,303.21,0.0539,103,1.8324,2.9438,4.3284
2026-08-06,False,C. 10-19,Variant,5682,5682,21239,0.2675,0.4032,0.3138,0.3016,15234,,40.7911,22.2043,13.2311,0.5959,367.05,0.0646,115,2.0239,3.1917,6.1774
2026-08-06,False,D. 20-39,Control,4668,4668,15704,0.2972,0.5119,0.3919,0.3519,11109,,57.1873,33.8216,24.4803,0.7238,631.74,0.1353,120,2.5707,5.2645,11.6452
2026-08-06,False,D. 20-39,Variant,4775,4775,16191,0.2949,0.5168,0.3901,0.3552,11468,,62.7572,35.9962,24.8287,0.6898,437.74,0.0917,120,2.5131,3.6478,8.312
2026-08-06,False,E. 40-99,Control,3018,3018,10000,0.3018,0.7032,0.5503,0.454,6768,,109.961,69.4288,52.773,0.7601,758.29,0.2513,107,3.5454,7.0868,20.6428
2026-08-06,False,E. 40-99,Variant,2911,2911,9900,0.294,0.6946,0.5545,0.4594,6633,,111.8612,69.2838,49.7492,0.7181,513.14,0.1763,101,3.4696,5.0806,19.2374
2026-08-06,False,F. 100+,Control,431,431,2021,0.2133,0.8508,0.6749,0.5294,1241,,235.3489,164.1903,127.9768,0.7794,234.1,0.5432,27,6.2645,8.6704,48.8399
2026-08-06,False,F. 100+,Variant,423,423,1988,0.2128,0.8714,0.6754,0.5317,1166,,233.0336,162.8511,121.357,0.7452,134.33,0.3176,25,5.9102,5.3732,30.1418
2026-08-07,False,A. 0,Control,4859,4859,27203,0.1786,0.1381,0.1148,0.1236,18253,,25.253,13.7569,9.7125,0.706,567.22,0.1167,76,1.5641,7.4634,11.6691
2026-08-07,False,A. 0,Variant,5025,5025,27539,0.1825,0.1313,0.1105,0.1127,18476,,26.86,14.673,11.0673,0.7543,299.54,0.0596,55,1.0945,5.4462,5.3433
2026-08-07,False,B. 1-9,Control,7515,7515,39581,0.1899,0.2262,0.1767,0.1762,27778,,21.4562,11.383,5.4101,0.4753,119.74,0.0159,54,0.7186,2.2174,1.5037
2026-08-07,False,B. 1-9,Variant,7399,7399,39581,0.1869,0.2262,0.1736,0.1752,27620,,20.1753,10.2477,5.0616,0.4939,91.33,0.0123,48,0.6487,1.9027,1.1083
2026-08-07,False,C. 10-19,Control,5686,5686,21411,0.2656,0.4035,0.3105,0.3033,15500,,39.3831,22.1038,13.7962,0.6242,354.09,0.0623,129,2.2687,2.7449,4.5375
2026-08-07,False,C. 10-19,Variant,5738,5738,21239,0.2702,0.4032,0.3138,0.3016,15234,,39.5776,21.4498,13.3165,0.6208,292.41,0.051,107,1.8648,2.7328,4.627
2026-08-07,False,D. 20-39,Control,4874,4874,15704,0.3104,0.5119,0.3919,0.3519,11109,,60.4105,35.9518,25.9075,0.7206,406.34,0.0834,103,2.1133,3.945,6.627
2026-08-07,False,D. 20-39,Variant,4827,4827,16191,0.2981,0.5168,0.3901,0.3552,11468,,62.6368,35.8117,25.8473,0.7218,686.16,0.1422,147,3.0454,4.6678,11.7547
2026-08-07,False,E. 40-99,Control,3124,3124,10000,0.3124,0.7032,0.5503,0.454,6768,,114.3133,71.7257,53.9433,0.7521,715.21,0.2289,116,3.7132,6.1656,19.3182
2026-08-07,False,E. 40-99,Variant,2950,2950,9900,0.298,0.6946,0.5545,0.4594,6633,,114.1644,71.0424,53.2658,0.7498,488.97,0.1658,91,3.0847,5.3733,15.4763
2026-08-07,False,F. 100+,Control,432,432,2021,0.2138,0.8508,0.6749,0.5294,1241,,253.3646,170.8218,130.8495,0.766,183.98,0.4259,27,6.25,6.8141,46.0648
2026-08-07,False,F. 100+,Variant,439,439,1988,0.2208,0.8714,0.6754,0.5317,1166,,237.5836,168.1207,128.8884,0.7666,147.49,0.336,28,6.3781,5.2675,38.3941
2026-08-08,False,A. 0,Control,5161,5161,27203,0.1897,0.1381,0.1148,0.1236,18253,,22.7392,12.5274,8.5801,0.6849,462.23,0.0896,65,1.2594,7.1112,6.7719
2026-08-08,False,A. 0,Variant,5140,5140,27539,0.1866,0.1313,0.1105,0.1127,18476,,24.4542,13.444,9.4827,0.7053,311.45,0.0606,58,1.1284,5.3698,4.893
2026-08-08,False,B. 1-9,Control,7572,7572,39581,0.1913,0.2262,0.1767,0.1762,27778,,19.3117,10.3472,5.0906,0.492,118.7,0.0157,52,0.6867,2.2827,1.4395
2026-08-08,False,B. 1-9,Variant,7420,7420,39581,0.1875,0.2262,0.1736,0.1752,27620,,19.3194,10.0438,5.1013,0.5079,179.71,0.0242,54,0.7278,3.328,2.5404
2026-08-08,False,C. 10-19,Control,5815,5815,21411,0.2716,0.4035,0.3105,0.3033,15500,,36.8242,20.8531,13.3226,0.6389,326.13,0.0561,118,2.0292,2.7638,4.8495
2026-08-08,False,C. 10-19,Variant,5766,5766,21239,0.2715,0.4032,0.3138,0.3016,15234,,37.2547,20.7105,12.9043,0.6231,480.15,0.0833,129,2.2373,3.7221,5.7145
2026-08-08,False,D. 20-39,Control,4933,4933,15704,0.3141,0.5119,0.3919,0.3519,11109,,57.1762,34.1018,25.0377,0.7342,531.68,0.1078,90,1.8244,5.9076,8.3823
2026-08-08,False,D. 20-39,Variant,4960,4960,16191,0.3063,0.5168,0.3901,0.3552,11468,,58.8297,34.777,24.8867,0.7156,606.19,0.1222,127,2.5605,4.7731,10.2117
2026-08-08,False,E. 40-99,Control,3274,3274,10000,0.3274,0.7032,0.5503,0.454,6768,,107.6881,68.8302,53.0308,0.7705,612.15,0.187,107,3.2682,5.721,17.3488
2026-08-08,False,E. 40-99,Variant,3161,3161,9900,0.3193,0.6946,0.5545,0.4594,6633,,109.2225,70.3673,52.0038,0.739,592.55,0.1875,105,3.3217,5.6433,16.3081
2026-08-08,False,F. 100+,Control,497,497,2021,0.2459,0.8508,0.6749,0.5294,1241,,222.1229,157.004,124.0342,0.79,185.93,0.3741,30,6.0362,6.1977,44.3662
2026-08-08,False,F. 100+,Variant,494,494,1988,0.2485,0.8714,0.6754,0.5317,1166,,241.3573,175.5709,131.4818,0.7489,172.31,0.3488,34,6.8826,5.0679,36.6397
2026-08-09,False,A. 0,Control,5112,5112,27203,0.1879,0.1381,0.1148,0.1236,18253,,23.9503,13.2602,8.5982,0.6484,618.26,0.1209,93,1.8192,6.648,9.5559
2026-08-09,False,A. 0,Variant,5301,5301,27539,0.1925,0.1313,0.1105,0.1127,18476,,24.9391,13.7929,9.4975,0.6886,365.44,0.0689,67,1.2639,5.4543,6.3856
2026-08-09,False,B. 1-9,Control,7527,7527,39581,0.1902,0.2262,0.1767,0.1762,27778,,21.0427,11.368,5.216,0.4588,190.09,0.0253,63,0.837,3.0173,2.8896
2026-08-09,False,B. 1-9,Variant,7378,7378,39581,0.1864,0.2262,0.1736,0.1752,27620,,20.0472,10.571,5.0445,0.4772,139.76,0.0189,53,0.7184,2.637,1.6332
2026-08-09,False,C. 10-19,Control,5851,5851,21411,0.2733,0.4035,0.3105,0.3033,15500,,39.4234,22.3001,13.551,0.6077,390.07,0.0667,111,1.8971,3.5141,6.1699
2026-08-09,False,C. 10-19,Variant,5866,5866,21239,0.2762,0.4032,0.3138,0.3016,15234,,37.5395,21.0977,13.1016,0.621,290.33,0.0495,96,1.6365,3.0243,3.7589
2026-08-09,False,D. 20-39,Control,4954,4954,15704,0.3155,0.5119,0.3919,0.3519,11109,,61.4228,36.524,25.7249,0.7043,460.41,0.0929,125,2.5232,3.6833,7.7109
2026-08-09,False,D. 20-39,Variant,5111,5111,16191,0.3157,0.5168,0.3901,0.3552,11468,,58.1751,34.8061,24.4598,0.7027,538.03,0.1053,139,2.7196,3.8707,9.3524
2026-08-09,False,E. 40-99,Control,3337,3337,10000,0.3337,0.7032,0.5503,0.454,6768,,110.8475,71.1085,53.2412,0.7487,1037.78,0.311,134,4.0156,7.7446,25.0749
2026-08-09,False,E. 40-99,Variant,3109,3109,9900,0.314,0.6946,0.5545,0.4594,6633,,110.697,70.5944,52.0129,0.7368,477.66,0.1536,103,3.313,4.6375,13.3644
2026-08-09,False,F. 100+,Control,513,513,2021,0.2538,0.8508,0.6749,0.5294,1241,,234.9567,166.0721,125.1793,0.7538,413.0,0.8051,36,7.0175,11.4722,95.5166
2026-08-09,False,F. 100+,Variant,523,523,1988,0.2631,0.8714,0.6754,0.5317,1166,,241.72,172.6635,126.8069,0.7344,151.43,0.2895,34,6.501,4.4538,28.1071
2026-08-10,False,A. 0,Control,4087,4087,27203,0.1502,0.1381,0.1148,0.1236,18253,,4.8499,1.8706,0.1625,0.0869,4.14,0.001,3,0.0734,1.38,0.159
2026-08-10,False,A. 0,Variant,4066,4066,27539,0.1476,0.1313,0.1105,0.1127,18476,,4.6304,1.8746,0.1931,0.103,17.29,0.0043,4,0.0984,4.3225,0.5165
2026-08-10,False,B. 1-9,Control,7404,7404,39581,0.1871,0.2262,0.1767,0.1762,27778,,22.6745,11.9233,5.4296,0.4554,126.41,0.0171,49,0.6618,2.5798,1.4046
2026-08-10,False,B. 1-9,Variant,7304,7304,39581,0.1845,0.2262,0.1736,0.1752,27620,,22.9909,11.9807,5.5949,0.467,121.38,0.0166,50,0.6846,2.4276,1.6498
2026-08-10,False,C. 10-19,Control,6245,6245,21411,0.2917,0.4035,0.3105,0.3033,15500,,42.4613,23.2056,13.8247,0.5957,323.27,0.0518,114,1.8255,2.8357,4.3795
2026-08-10,False,C. 10-19,Variant,6225,6225,21239,0.2931,0.4032,0.3138,0.3016,15234,,44.513,23.9534,14.1105,0.5891,453.82,0.0729,124,1.992,3.6598,6.2329
2026-08-10,False,D. 20-39,Control,5236,5236,15704,0.3334,0.5119,0.3919,0.3519,11109,,64.1069,37.4788,26.5794,0.7092,586.7,0.1121,140,2.6738,4.1907,9.3774
2026-08-10,False,D. 20-39,Variant,5353,5353,16191,0.3306,0.5168,0.3901,0.3552,11468,,67.5084,38.7164,26.8173,0.6927,802.02,0.1498,158,2.9516,5.0761,10.5361
2026-08-10,False,E. 40-99,Control,3434,3434,10000,0.3434,0.7032,0.5503,0.454,6768,,118.2549,73.5207,55.7362,0.7581,1262.89,0.3678,143,4.1642,8.8314,31.9744
2026-08-10,False,E. 40-99,Variant,3390,3390,9900,0.3424,0.6946,0.5545,0.4594,6633,,123.4799,76.556,56.974,0.7442,503.6,0.1486,121,3.5693,4.162,14.4985
2026-08-10,False,F. 100+,Control,529,529,2021,0.2618,0.8508,0.6749,0.5294,1241,,241.9847,169.4045,130.2457,0.7688,339.94,0.6426,37,6.9943,9.1876,72.4008
2026-08-10,False,F. 100+,Variant,501,501,1988,0.252,0.8714,0.6754,0.5317,1166,,242.9519,168.1657,125.7026,0.7475,109.21,0.218,29,5.7884,3.7659,25.4491
,True,A. 0,Control,27015,42977,27203,0.9931,0.1381,0.1148,0.1236,18253,,29.9071,16.2753,10.6988,0.6574,3337.43,0.1235,168,0.6219,19.8657,10.4386
,True,A. 0,Variant,27329,43108,27539,0.9924,0.1313,0.1105,0.1127,18476,,31.9399,17.2742,11.7518,0.6803,2475.98,0.0906,156,0.5708,15.8717,7.7335
,True,B. 1-9,Control,34214,67171,39581,0.8644,0.2262,0.1767,0.1762,27778,,41.0438,21.7374,10.2496,0.4715,1112.4,0.0325,349,1.0201,3.1874,3.0675
,True,B. 1-9,Variant,34548,66147,39581,0.8728,0.2262,0.1736,0.1752,27620,,39.9466,20.7246,9.9102,0.4782,1228.39,0.0356,379,1.097,3.2411,3.1992
,True,C. 10-19,Control,24326,51989,21411,1.1361,0.4035,0.3105,0.3033,15500,,84.9722,47.4192,29.2059,0.6159,3012.89,0.1239,605,2.4871,4.98,10.5085
,True,C. 10-19,Variant,24664,52303,21239,1.1613,0.4032,0.3138,0.3016,15234,,87.0629,47.4605,28.6078,0.6028,3718.8,0.1508,629,2.5503,5.9122,13.2734
,True,D. 20-39,Control,18721,43612,15704,1.1921,0.5119,0.3919,0.3519,11109,,142.7635,84.1772,60.457,0.7182,5125.71,0.2738,619,3.3064,8.2806,22.2825
,True,D. 20-39,Variant,19009,44216,16191,1.174,0.5168,0.3901,0.3552,11468,,147.5692,84.95,59.6214,0.7018,5173.12,0.2721,667,3.5089,7.7558,23.0273
,True,E. 40-99,Control,10200,28430,10000,1.02,0.7032,0.5503,0.454,6768,,311.7992,196.8893,149.1003,0.7573,7185.48,0.7045,566,5.549,12.6952,60.0593
,True,E. 40-99,Variant,10058,27166,9900,1.016,0.6946,0.5545,0.4594,6633,,312.4519,195.2937,143.457,0.7346,4751.69,0.4724,507,5.0408,9.3722,45.1288
,True,F. 100+,Control,1750,4096,2021,0.8659,0.8508,0.6749,0.5294,1241,,554.6554,386.528,298.1703,0.7714,1970.12,1.1258,148,8.4571,13.3116,120.0571
,True,F. 100+,Variant,1740,4054,1988,0.8753,0.8714,0.6754,0.5317,1166,,553.8813,390.4494,291.7822,0.7473,1294.4,0.7439,138,7.931,9.3797,77.273
