segment,ab_group,resource_category,resource,unit,players,gainers,spenders,gain_total,spend_total,gain_per_gainer,spend_per_spender,gain_p50,gain_p75,gain_p90,gain_p99,spend_p50,spend_p75,spend_p90,spend_p99,net_p10,net_p50,net_p90,gain_top1_share,gain_top5_share,gain_top10_share,spend_top1_share,spend_top5_share,spend_top10_share,spend_events_per_spender
A. 0,Control,Avatar,Avatar,items,27015,519,0,647.0,0,1.2466,,0.0,0.0,0.0,1.0,0.0,0.0,0.0,0.0,0.0,0.0,0.0,15.3,19.78,21.33,,,,
A. 0,Control,currency,HardCoin,coins,27015,11716,1989,1850095.0,1253450,157.9118,630,0.01205759689823617,31.793383203801252,113.9801729809919,1212.0175459558789,0.0,0.0,0.0,1260.9999999999957,0.0,0.0,82.52469670598217,2.13,5.08,7.36,3.11,7.38,10.68,6.4545
A. 0,Control,dream_pass_tokens,DreamPassToken,items,27015,2851,0,268670.0,0,94.2371,,0.0,0.0,28.330369982884733,218.16945812807836,0.0,0.0,0.0,0.0,0.0,0.0,28.330369982884733,0.62,2.38,4.23,,,,
A. 0,Control,life,life,items,27015,1002,9403,7574.0,255832,7.5589,27,0.0,0.0,0.0,7.611706175007241,0.0,1.2309250135743715,6.930620507637016,270.26356902356815,-6.567942306982315,0.0,0.0,1.19,5.02,8.99,0.71,2.75,4.69,27.2075
A. 0,Control,life,liferefill,items,27015,411,0,4850.0,0,11.8005,,0.0,0.0,0.0,5.0,0.0,0.0,0.0,0.0,0.0,0.0,0.0,5.98,17.53,26.29,,,,
A. 0,Control,orb,Movie_Magic,items,27015,5,0,6.0,0,1.2,,0.0,0.0,0.0,0.0,0.0,0.0,0.0,0.0,0.0,0.0,0.0,33.33,100.0,100.0,,,,
A. 0,Control,orb,Reds_Greatest_Challenge,items,27015,151,0,151.0,0,1.0,,0.0,0.0,0.0,0.0,0.0,0.0,0.0,0.0,0.0,0.0,0.0,0.66,3.31,6.62,,,,
A. 0,Control,powerup,powerup_1,items,27015,2940,1443,7768.0,5880,2.6422,4,0.0,0.0,0.9222581827063996,6.848274410774367,0.0,0.0,0.0,6.775420875420843,0.0,0.0,0.014142295940637286,0.9,2.83,4.49,1.04,3.62,5.85,4.0748
A. 0,Control,powerup,powerup_2,items,27015,6341,2230,17460.0,11159,2.7535,5,0.0,0.1118875242404655,1.693790356753149,10.814871794871754,0.0,0.0,0.0021684234912544885,11.164276094276076,0.0,0.0,1.0,0.65,2.17,3.29,1.0,2.81,4.51,5.004
A. 0,Control,powerup,powerup_3,items,27015,5070,2334,13263.0,9629,2.616,4,0.0,0.0,1.0,8.737357954545416,0.0,0.0,0.09280124276895432,9.794949494949465,0.0,0.0,1.0,0.58,2.04,3.1,0.87,3.0,4.53,4.1255
A. 0,Control,pre_level_booster,pre_level_booster_1,items,27015,4614,2979,8972.0,8002,1.9445,2,0.0,0.0,1.0,5.165441176470547,0.0,0.0,1.0,6.369292929292907,0.0,0.0,1.0,0.67,2.06,3.07,1.12,3.49,5.52,2.6861
A. 0,Control,pre_level_booster,pre_level_booster_2,items,27015,5375,3033,10375.0,8158,1.9302,2,0.0,0.0,1.0,5.132137345678984,0.0,0.0,1.0,6.135555555555546,0.0,0.0,1.0,0.58,1.8,2.67,1.1,3.62,5.63,2.6897
A. 0,Control,pre_level_booster,pre_level_booster_3,items,27015,3871,2122,8123.0,5965,2.0984,2,0.0,0.0,1.0,5.8293149636432995,0.0,0.0,0.0,5.804713804713776,0.0,0.0,0.7035591803099893,0.76,2.4,3.67,0.91,3.27,5.53,2.811
A. 0,Control,season_pass_multiplier_2x,SeasonPassMultiplier2x,minutes,27015,122,0,8875.0,0,72.7459,,0.0,0.0,0.0,0.0,0.0,0.0,0.0,0.0,0.0,0.0,0.0,4.39,20.96,41.24,,,,
A. 0,Control,season_pass_tokens,SeasonPassToken,items,27015,12,0,540.0,0,45.0,,0.0,0.0,0.0,0.0,0.0,0.0,0.0,0.0,0.0,0.0,0.0,18.52,51.85,88.89,,,,
A. 0,Control,ul_pre_booster,UnlimitedBooster1,minutes,27015,2579,1756,91890.0,32685,35.6301,18,0.0,0.0,3.2884924334080408,75.62692778260691,0.0,0.0,0.0,34.60427609427591,0.0,0.0,0.2421356335724706,1.58,4.14,6.74,3.26,8.34,12.23,18.6133
A. 0,Control,ul_pre_booster,UnlimitedBooster2,minutes,27015,1841,1291,70710.0,28754,38.4085,22,0.0,0.0,0.0,61.69899764150938,0.0,0.0,0.0,31.681616161616045,0.0,0.0,0.0,1.95,4.86,7.96,3.54,9.03,12.93,22.2727
A. 0,Control,ul_pre_booster,UnlimitedBooster3,minutes,27015,982,828,35685.0,19054,36.3391,23,0.0,0.0,0.0,30.526489361702104,0.0,0.0,0.0,19.49111111111101,0.0,0.0,0.0,3.59,9.54,15.44,5.3,13.59,18.54,23.0121
A. 0,Control,unlimited_lives,UnlimitedLives,minutes,27015,10487,2,1234295.0,6,117.6976,3,0.0,34.866711709783544,114.85163411078442,694.2236842105254,0.0,0.0,0.0,0.0,0.0,0.0,114.7437181226896,0.37,1.34,2.07,83.33,100.0,100.0,3.0
A. 0,Variant,Avatar,Avatar,items,27329,573,0,632.0,0,1.103,,0.0,0.0,0.0,1.0,0.0,0.0,0.0,0.0,0.0,0.0,0.0,5.54,8.07,9.65,,,,
A. 0,Variant,currency,HardCoin,coins,27329,12095,1787,2084017.95,1486100,172.3041,831,0.0732378649712726,20.539907649269956,97.87952742525468,1755.2986431334814,0.0,0.0,0.0,1613.9054834054803,0.0,0.0,70.35264915295674,0.87,3.61,5.97,1.33,5.29,8.66,8.4757
A. 0,Variant,dream_pass_tokens,DreamPassToken,items,27329,3112,0,569628.56,0,183.0426,,0.0,0.0,35.794168755258426,578.1915576127802,0.0,0.0,0.0,0.0,0.0,0.0,35.794168755258426,0.33,1.58,2.99,,,,
A. 0,Variant,life,life,items,27329,1041,9716,7995.0,255655,7.6801,26,0.0,0.0,0.0,8.110355807340024,0.0,1.2860580252042657,7.283973642727297,265.1477777777772,-6.95454877684663,0.0,0.0,1.13,5.22,9.24,0.97,3.2,5.47,26.3128
A. 0,Variant,life,liferefill,items,27329,380,0,4575.0,0,12.0395,,0.0,0.0,0.0,5.0,0.0,0.0,0.0,0.0,0.0,0.0,0.0,9.4,22.3,29.29,,,,
A. 0,Variant,orb,Movie_Magic,items,27329,2,0,2.0,0,1.0,,0.0,0.0,0.0,0.0,0.0,0.0,0.0,0.0,0.0,0.0,0.0,50.0,100.0,100.0,,,,
A. 0,Variant,orb,Reds_Greatest_Challenge,items,27329,181,0,181.0,0,1.0,,0.0,0.0,0.0,0.0,0.0,0.0,0.0,0.0,0.0,0.0,0.0,0.55,2.76,5.52,,,,
A. 0,Variant,powerup,powerup_1,items,27329,2984,1452,16284.0,8096,5.4571,5,0.0,0.0,0.9852114389831501,7.060984126984124,0.0,0.0,0.0,6.801924963924948,0.0,0.0,0.01877965342897078,10.14,28.37,39.86,10.5,22.78,26.12,5.5758
A. 0,Variant,powerup,powerup_2,items,27329,6121,2319,26007.0,12443,4.2488,5,0.0,0.06406476375668889,1.4843571041051353,11.918623774509793,0.0,0.0,0.033918054449510605,11.808225108225095,0.0,0.0,1.0,6.76,18.25,25.53,2.72,6.86,8.74,5.3657
A. 0,Variant,powerup,powerup_3,items,27329,4764,2274,21457.0,13577,4.504,5,0.0,0.0,1.0,9.859004524886863,0.0,0.0,0.06520183486238645,10.154158730158722,0.0,0.0,1.0,7.95,21.78,30.59,22.24,27.47,29.24,5.9705
A. 0,Variant,pre_level_booster,pre_level_booster_1,items,27329,5043,3247,12423.0,11782,2.4634,3,0.0,0.0,1.0,9.030407407407404,0.0,0.0,1.0,8.846580086580078,0.0,0.0,1.0,0.27,1.23,2.19,11.81,15.39,17.99,3.6286
A. 0,Variant,pre_level_booster,pre_level_booster_2,items,27329,5622,3166,11907.0,10701,2.1179,3,0.0,0.015261831271358198,1.0,7.0,0.0,0.0,1.0,7.308317460317446,0.0,0.0,1.0,0.27,1.18,2.06,13.27,17.21,19.61,3.38
A. 0,Variant,pre_level_booster,pre_level_booster_3,items,27329,3798,2166,8388.0,7923,2.2085,3,0.0,0.0,1.0,6.033664596273281,0.0,0.0,0.0,6.423936507936487,0.0,0.0,0.4313705302164627,0.38,1.73,3.04,17.82,20.74,22.77,3.6579
A. 0,Variant,pre_level_booster,unknown,items,27329,0,1,0.0,2,,2,0.0,0.0,0.0,0.0,0.0,0.0,0.0,0.0,0.0,0.0,0.0,,,,100.0,100.0,100.0,2.0
A. 0,Variant,season_pass_multiplier_2x,SeasonPassMultiplier2x,minutes,27329,575,0,19130.0,0,33.2696,,0.0,0.0,0.0,20.0,0.0,0.0,0.0,0.0,0.0,0.0,0.0,3.97,14.11,24.05,,,,
A. 0,Variant,season_pass_tokens,SeasonPassToken,items,27329,8,0,440.0,0,55.0,,0.0,0.0,0.0,0.0,0.0,0.0,0.0,0.0,0.0,0.0,0.0,34.09,72.73,100.0,,,,
A. 0,Variant,ul_pre_booster,UnlimitedBooster1,minutes,27329,2575,1809,82885.0,29469,32.1883,16,0.0,0.0,2.477087995309532,64.57409708737855,0.0,0.0,0.0,31.07336507936501,0.0,0.0,0.17592513955864847,0.98,3.67,6.36,1.53,6.02,9.58,16.2902
A. 0,Variant,ul_pre_booster,UnlimitedBooster2,minutes,27329,1914,1384,72835.0,29129,38.0538,21,0.0,0.0,0.0,62.096452412740746,0.0,0.0,0.0,33.65702164502158,0.0,0.0,0.0,1.13,4.3,7.3,1.57,5.87,9.5,21.047
A. 0,Variant,ul_pre_booster,UnlimitedBooster3,minutes,27329,1067,880,38860.0,20471,36.4199,23,0.0,0.0,0.0,37.363793103448124,0.0,0.0,0.0,22.899382395382354,0.0,0.0,0.0,2.06,7.72,13.1,2.3,8.54,13.33,23.2625
A. 0,Variant,unlimited_lives,UnlimitedLives,minutes,27329,10560,3,1293177.0,4,122.4599,1,0.0,27.394271572379836,100.48765294428172,861.6949076305212,0.0,0.0,0.0,0.0,0.0,0.0,100.26632597667941,0.33,1.04,1.76,50.0,100.0,100.0,1.3333
B. 1-9,Control,Avatar,Avatar,items,34214,6899,0,7697.0,0,1.1157,,0.0,0.0011961940167551633,1.0,2.0,0.0,0.0,0.0,0.0,0.0,0.0,1.0,0.12,0.31,0.51,,,,
B. 1-9,Control,currency,HardCoin,coins,34214,23832,12367,3350519.0,2989450,140.5891,241,38.999823586354545,115.71628605867858,286.9694230838045,718.1501459878898,0.0,100.0,300.0,703.1644444444445,-80.45206964614557,0.4831434085883938,96.58159970904074,0.12,0.49,0.79,0.13,0.54,0.93,2.4778
B. 1-9,Control,dream_pass_tokens,DreamPassToken,items,34214,6742,0,367021.33,0,54.4381,,0.0,0.0,40.0,111.98554723155092,0.0,0.0,0.0,0.0,0.0,0.0,40.0,0.17,0.69,1.17,,,,
B. 1-9,Control,life,LifeReward,items,34214,0,1,0.0,14,,14,0.0,0.0,0.0,0.0,0.0,0.0,0.0,0.0,0.0,0.0,0.0,,,,100.0,100.0,100.0,14.0
B. 1-9,Control,life,life,items,34214,1902,27725,12930.0,349405,6.7981,12,0.0,0.0,0.0,10.233953360768194,3.936815373602775,8.952805229236038,23.65696334036503,111.98814358974367,-23.175244237289924,-3.9805568378056453,0.0,1.06,3.97,6.6,0.16,0.6,1.04,12.6025
B. 1-9,Control,life,liferefill,items,34214,1113,0,12040.0,0,10.8176,,0.0,0.0,0.0,10.0,0.0,0.0,0.0,0.0,0.0,0.0,0.0,1.04,4.24,6.89,,,,
B. 1-9,Control,orb,Movie_Magic,items,34214,6,0,6.0,0,1.0,,0.0,0.0,0.0,0.0,0.0,0.0,0.0,0.0,0.0,0.0,0.0,16.67,83.33,100.0,,,,
B. 1-9,Control,orb,Ocean_rescue,items,34214,1,0,1.0,0,1.0,,0.0,0.0,0.0,0.0,0.0,0.0,0.0,0.0,0.0,0.0,0.0,100.0,100.0,100.0,,,,
B. 1-9,Control,orb,Reds_Greatest_Challenge,items,34214,119,0,119.0,0,1.0,,0.0,0.0,0.0,0.0,0.0,0.0,0.0,0.0,0.0,0.0,0.0,0.84,4.2,8.4,,,,
B. 1-9,Control,powerup,powerup_1,items,34214,8090,7185,14130.0,13555,1.7466,1,0.0,0.15975725068610938,1.4750304102028264,4.0,0.0,0.021001242236024814,1.2776757777378238,4.0,-0.1717924248667952,0.0,1.0,0.08,0.35,0.63,0.52,1.48,1.94,1.8866
B. 1-9,Control,powerup,powerup_2,items,34214,12680,9869,33535.0,31202,2.6447,3,0.0,1.02289361439813,3.255916897720272,8.601804878048792,0.0,1.0,3.227341162300514,9.0,-1.0,0.0,1.0,0.12,0.32,0.55,0.28,0.75,1.09,3.1616
B. 1-9,Control,powerup,powerup_3,items,34214,11404,9863,28119.0,26590,2.4657,2,0.0,1.0,3.0,7.1543075615972835,0.0,1.0,3.0,7.942473751600516,-1.0,0.0,1.0,0.08,0.31,0.55,0.18,0.55,0.88,2.6959
B. 1-9,Control,pre_level_booster,pre_level_booster_1,items,34214,16325,13225,38809.0,34133,2.3773,2,0.09589886271643369,1.691186607582471,3.347980724278061,7.840937373737383,0.0,1.0,3.077600236625581,8.679958974358986,-1.0,0.0,2.0,0.06,0.22,0.4,0.13,0.52,0.88,2.5809
B. 1-9,Control,pre_level_booster,pre_level_booster_2,items,34214,18237,11670,48383.0,34688,2.653,2,1.0,2.0,4.0,8.211666025394388,0.0,1.0,3.574294817002101,9.0,-1.0,0.0,2.1927166136724967,0.06,0.18,0.33,0.14,0.53,0.89,2.9724
B. 1-9,Control,pre_level_booster,pre_level_booster_3,items,34214,11929,9340,21009.0,18262,1.7612,1,0.0,1.0,2.0,4.416858071505968,0.0,1.0,2.0,5.0,-1.0,0.0,1.0,0.17,0.43,0.63,0.27,0.62,1.0,1.9552
B. 1-9,Control,pre_level_booster,unknown,items,34214,0,1,0.0,60,,60,0.0,0.0,0.0,0.0,0.0,0.0,0.0,0.0,0.0,0.0,0.0,,,,100.0,100.0,100.0,60.0
B. 1-9,Control,season_pass_multiplier_2x,SeasonPassMultiplier2x,minutes,34214,178,0,3470.0,0,19.4944,,0.0,0.0,0.0,0.0,0.0,0.0,0.0,0.0,0.0,0.0,0.0,10.37,42.8,47.12,,,,
B. 1-9,Control,season_pass_tokens,SeasonPassToken,items,34214,488,0,10239.0,0,20.9816,,0.0,0.0,0.0,10.227311064840631,0.0,0.0,0.0,0.0,0.0,0.0,0.0,1.31,5.92,10.72,,,,
B. 1-9,Control,season_pass_tokens,unknown,items,34214,1,0,12.0,0,12.0,,0.0,0.0,0.0,0.0,0.0,0.0,0.0,0.0,0.0,0.0,0.0,100.0,100.0,100.0,,,,
B. 1-9,Control,ul_pre_booster,UnlimitedBooster1,minutes,34214,7658,7177,158055.0,43518,20.6392,6,0.0,0.04718364876590678,12.745284511428945,70.0,0.0,0.01673316581239291,5.008005357510818,16.781141880341895,0.0,0.0,9.920674126637559,0.25,1.07,1.52,0.21,0.84,1.46,6.0635
B. 1-9,Control,ul_pre_booster,UnlimitedBooster2,minutes,34214,4823,4540,111735.0,28509,23.1671,6,0.0,0.0,11.58856088560887,61.27225950783002,0.0,0.0,2.522060372287862,14.522133333333349,0.0,0.0,7.494038545186878,0.34,1.46,2.08,0.21,0.96,1.75,6.2795
B. 1-9,Control,ul_pre_booster,UnlimitedBooster3,minutes,34214,1052,1003,31035.0,9545,29.501,9,0.0,0.0,0.0,30.0,0.0,0.0,0.0,11.651637606837621,0.0,0.0,0.0,1.22,5.09,6.48,0.46,2.2,3.97,9.5165
B. 1-9,Control,unknown,Booster1,items,34214,0,1,0.0,2,,2,0.0,0.0,0.0,0.0,0.0,0.0,0.0,0.0,0.0,0.0,0.0,,,,100.0,100.0,100.0,2.0
B. 1-9,Control,unknown,Booster2,items,34214,0,1,0.0,2,,2,0.0,0.0,0.0,0.0,0.0,0.0,0.0,0.0,0.0,0.0,0.0,,,,100.0,100.0,100.0,2.0
B. 1-9,Control,unknown,Booster3,items,34214,0,1,0.0,1,,1,0.0,0.0,0.0,0.0,0.0,0.0,0.0,0.0,0.0,0.0,0.0,,,,100.0,100.0,100.0,1.0
B. 1-9,Control,unlimited_lives,UnlimitedLives,minutes,34214,21692,10,3470406.0,76,159.9855,7,29.397442796303764,135.52024954047,305.6581847338513,730.0776232276789,0.0,0.0,0.0,0.0,0.0,29.314490844540174,305.6467530080912,0.05,0.18,0.34,31.58,89.47,100.0,7.6
B. 1-9,Variant,Avatar,Avatar,items,34548,6929,0,7776.0,0,1.1222,,0.0,0.0004157806289993262,1.0,2.0,0.0,0.0,0.0,0.0,0.0,0.0,1.0,0.15,0.41,0.6,,,,
B. 1-9,Variant,currency,HardCoin,coins,34548,24108,11659,2791499.19,2587950,115.7914,221,28.64617542701968,91.20319691717444,234.31708387620313,645.3224225612565,0.0,100.0,221.60171427515854,674.6926495726455,-82.19821282408661,2.7198640152877225,81.58681856103698,0.31,0.74,1.12,0.2,0.82,1.24,2.2589
B. 1-9,Variant,dream_pass_tokens,DreamPassToken,items,34548,9606,0,713881.01,0,74.3162,,0.0,15.988750221350063,79.39386670701248,210.77600732600663,0.0,0.0,0.0,0.0,0.0,0.0,79.39386670701248,0.09,0.42,0.76,,,,
B. 1-9,Variant,life,LifeReward,items,34548,0,3,0.0,14,,4,0.0,0.0,0.0,0.0,0.0,0.0,0.0,0.0,0.0,0.0,0.0,,,,50.0,100.0,100.0,4.6667
B. 1-9,Variant,life,life,items,34548,1511,27584,9281.0,277195,6.1423,10,0.0,0.0,0.0,7.149392156862685,3.255850534052272,8.081876332622603,17.078834852535685,86.25560911680876,-16.763278624898682,-3.046524445387469,0.0,1.09,3.9,6.79,0.28,0.8,1.33,10.0491
B. 1-9,Variant,life,liferefill,items,34548,903,0,8590.0,0,9.5127,,0.0,0.0,0.0,5.576136363636226,0.0,0.0,0.0,0.0,0.0,0.0,0.0,1.16,4.02,6.93,,,,
B. 1-9,Variant,orb,Movie_Magic,items,34548,4,0,4.0,0,1.0,,0.0,0.0,0.0,0.0,0.0,0.0,0.0,0.0,0.0,0.0,0.0,25.0,100.0,100.0,,,,
B. 1-9,Variant,orb,Reds_Greatest_Challenge,items,34548,66,0,66.0,0,1.0,,0.0,0.0,0.0,0.0,0.0,0.0,0.0,0.0,0.0,0.0,0.0,1.52,7.58,15.15,,,,
B. 1-9,Variant,powerup,powerup_1,items,34548,6861,6410,11579.0,11814,1.6877,1,0.0,0.0,1.0159867774861142,4.0,0.0,0.0,1.0,4.0,0.0,0.0,0.35539927883094824,0.1,0.46,0.85,0.52,1.04,1.49,1.8431
B. 1-9,Variant,powerup,powerup_2,items,34548,12741,9790,41543.0,35387,3.2606,3,0.0,1.1518148870750664,4.125896785767258,11.0,0.0,1.0,3.7957450644212054,10.884078624078596,-1.0,0.0,1.641901404776124,0.06,0.24,0.46,0.12,0.46,0.78,3.6146
B. 1-9,Variant,powerup,powerup_3,items,34548,10163,9469,24458.0,24175,2.4066,2,0.0,1.0,2.3392319438230675,7.0,0.0,1.0,2.37097429295928,7.146829629629604,-1.0,0.0,1.0,0.09,0.38,0.67,0.16,0.7,1.13,2.5531
B. 1-9,Variant,pre_level_booster,pre_level_booster_1,items,34548,16857,13436,55801.0,40021,3.3103,2,0.28072645413413166,2.132439557705465,4.976592490403072,11.807416413373812,0.0,1.0,3.8947202603361477,10.760246153846115,-1.0,0.0,2.3656875005148743,0.06,0.2,0.37,0.16,0.47,0.79,2.9786
B. 1-9,Variant,pre_level_booster,pre_level_booster_2,items,34548,17692,11374,50104.0,34273,2.832,3,0.6880064040831322,2.0,4.038278626502563,9.593352713178243,0.0,1.0136956775157118,3.5158045316905095,9.0,-1.0,0.0,2.0,0.08,0.25,0.41,0.14,0.56,0.95,3.0133
B. 1-9,Variant,pre_level_booster,pre_level_booster_3,items,34548,11605,9059,20145.0,17421,1.7359,1,0.0,1.0,2.0,4.11607954545454,0.0,0.8732546892932078,1.990215349670205,5.0,-1.0,0.0,1.0,0.17,0.5,0.75,0.14,0.55,0.9,1.9231
B. 1-9,Variant,season_pass_multiplier_2x,SeasonPassMultiplier2x,minutes,34548,4892,0,60285.0,0,12.3232,,0.0,0.0,10.0,20.0,0.0,0.0,0.0,0.0,0.0,0.0,10.0,0.63,3.14,4.14,,,,
B. 1-9,Variant,season_pass_tokens,SeasonPassToken,items,34548,463,0,9292.0,0,20.0691,,0.0,0.0,0.0,10.072207792207783,0.0,0.0,0.0,0.0,0.0,0.0,0.0,1.44,6.51,11.17,,,,
B. 1-9,Variant,season_pass_tokens,unknown,items,34548,4,0,198.0,0,49.5,,0.0,0.0,0.0,0.0,0.0,0.0,0.0,0.0,0.0,0.0,0.0,60.61,100.0,100.0,,,,
B. 1-9,Variant,ul_pre_booster,UnlimitedBooster1,minutes,34548,7368,6924,150800.0,41595,20.4669,6,0.0,0.5214206769945486,10.485088810560514,70.0,0.0,0.0038150024326722223,4.848323929638235,15.293659259259208,0.0,0.0,9.28562572280618,0.35,1.61,2.45,0.56,2.04,2.87,6.0074
B. 1-9,Variant,ul_pre_booster,UnlimitedBooster2,minutes,34548,4281,4051,101215.0,26282,23.6428,6,0.0,0.0,10.0,60.0,0.0,0.0,1.6337995890627486,13.507172649572569,0.0,0.0,6.189039104842791,0.48,2.23,3.42,0.89,3.15,4.43,6.4878
B. 1-9,Variant,ul_pre_booster,UnlimitedBooster3,minutes,34548,965,941,30620.0,9902,31.7306,10,0.0,0.0,0.0,30.0,0.0,0.0,0.0,10.600410256410191,0.0,0.0,0.0,1.57,6.83,10.29,2.46,8.08,11.17,10.5228
B. 1-9,Variant,unlimited_lives,UnlimitedLives,minutes,34548,22652,18,4377974.0,53,193.271,2,38.20741776297888,161.77192837371575,382.39915760486355,927.6703416149053,0.0,0.0,0.0,0.0,0.0,38.19594773829539,382.4627599933404,0.04,0.17,0.33,13.21,60.38,84.91,2.9444
C. 10-19,Control,Avatar,Avatar,items,24326,9930,0,14594.0,0,1.4697,,0.0,1.0,2.0,3.0,0.0,0.0,0.0,0.0,0.0,0.0,2.0,0.43,0.62,0.79,,,,
C. 10-19,Control,currency,HardCoin,coins,24326,23658,14394,5244443.0,4860650,221.6774,337,116.35630355559245,276.54412797870634,550.6891323987116,1161.6157094561984,100.0,299.583792513117,571.5746679866264,1212.3694581280802,-140.06329122966636,33.206628772118144,160.30479892479894,0.16,0.66,0.97,0.53,1.19,1.75,3.4232
C. 10-19,Control,dream_pass_tokens,DreamPassToken,items,24326,8884,0,635120.33,0,71.4904,,0.0,40.27660013409667,89.5615268592644,200.71349925037526,0.0,0.0,0.0,0.0,0.0,0.0,89.5615268592644,0.14,0.58,1.02,,,,
C. 10-19,Control,life,life,items,24326,1962,20446,13231.0,464675,6.7436,22,0.0,0.0,0.0,14.011530296329125,11.223373583438118,20.108034689644256,44.48402061115818,153.8444466338263,-43.14543777012626,-11.172110732944878,0.0,0.8,3.33,5.63,0.12,0.49,0.89,22.7269
C. 10-19,Control,life,liferefill,items,24326,1227,0,15260.0,0,12.4368,,0.0,0.0,0.0,16.215745079662653,0.0,0.0,0.0,0.0,0.0,0.0,0.0,1.34,4.62,7.73,,,,
C. 10-19,Control,orb,Movie_Magic,items,24326,4,0,4.0,0,1.0,,0.0,0.0,0.0,0.0,0.0,0.0,0.0,0.0,0.0,0.0,0.0,25.0,100.0,100.0,,,,
C. 10-19,Control,orb,Ocean_rescue,items,24326,1,0,1.0,0,1.0,,0.0,0.0,0.0,0.0,0.0,0.0,0.0,0.0,0.0,0.0,0.0,100.0,100.0,100.0,,,,
C. 10-19,Control,orb,Reds_Greatest_Challenge,items,24326,961,0,969.0,0,1.0083,,0.0,0.0,0.0,1.0,0.0,0.0,0.0,0.0,0.0,0.0,0.0,0.21,1.03,1.86,,,,
C. 10-19,Control,powerup,powerup_1,items,24326,10004,9351,20972.0,21683,2.0964,2,0.0,1.033506291478809,3.0,6.0,0.0,1.0410970911593838,3.0,6.391699507389199,-1.0,0.0,1.0,0.24,0.58,0.84,0.58,1.35,1.81,2.3188
C. 10-19,Control,powerup,powerup_2,items,24326,14870,11718,51683.0,47060,3.4757,4,1.0,3.0,6.0,12.753509286412537,0.1772762389491979,3.0,6.061827198557323,13.042716627634665,-1.7761952931023506,0.0,2.0,0.06,0.26,0.47,0.07,0.31,0.56,4.016
C. 10-19,Control,powerup,powerup_3,items,24326,13866,12134,46793.0,44493,3.3747,3,1.0,3.0,5.741416566626652,11.950687500000015,0.517016440403537,2.729308165150865,5.734270414993311,12.0,-1.8251532107647206,0.0,2.0,0.1,0.35,0.56,0.48,1.5,2.14,3.6668
C. 10-19,Control,pre_level_booster,pre_level_booster_1,items,24326,20834,15050,64441.0,50208,3.0931,3,1.8423664547786331,3.886397548350737,6.433376448156288,11.57481481481486,1.0,2.9959124700886486,5.9058440409189075,13.164926108374399,-2.0,0.0468725485505223,3.224028152740283,0.21,0.45,0.7,0.19,0.75,1.2,3.3361
C. 10-19,Control,pre_level_booster,pre_level_booster_2,items,24326,21037,12367,78799.0,53302,3.7457,4,2.706529445397367,4.215480626013783,7.235294868196086,13.170085348506413,0.554543464285304,3.0227806202472767,6.799313742143709,14.802712643678186,-1.7834652398941362,1.0,4.0,0.24,0.51,0.69,0.19,0.65,1.07,4.31
C. 10-19,Control,pre_level_booster,pre_level_booster_3,items,24326,14222,10403,34433.0,28174,2.4211,2,1.0,2.0,3.5940728476821215,7.713846153846187,0.0,1.7741386217948718,3.858613670452114,8.0618472906404,-1.0,0.0,2.0,0.55,1.3,1.77,0.36,0.91,1.33,2.7083
C. 10-19,Control,season_pass_multiplier_2x,SeasonPassMultiplier2x,minutes,24326,452,0,13290.0,0,29.4027,,0.0,0.0,0.0,10.227751196172278,0.0,0.0,0.0,0.0,0.0,0.0,0.0,2.78,13.69,27.24,,,,
C. 10-19,Control,season_pass_tokens,SeasonPassToken,items,24326,152,0,7437.0,0,48.9276,,0.0,0.0,0.0,0.0,0.0,0.0,0.0,0.0,0.0,0.0,0.0,3.5,15.81,29.16,,,,
C. 10-19,Control,ul_pre_booster,UnlimitedBooster1,minutes,24326,9714,9358,223705.0,86916,23.0291,9,0.0,10.0,25.0,83.0112721417071,0.0,5.564236318320638,10.838292165350994,31.788878489326855,0.0,0.0,15.791053665910807,0.2,0.95,1.84,0.4,1.09,1.58,9.2879
C. 10-19,Control,ul_pre_booster,UnlimitedBooster2,minutes,24326,7700,7425,173835.0,67913,22.576,9,0.0,10.0,20.0,74.19185520362012,0.0,3.5814295476472267,8.989744782567113,30.124996715927814,0.0,0.0,12.47938133747828,0.26,1.24,2.37,0.51,1.4,2.08,9.1465
C. 10-19,Control,ul_pre_booster,UnlimitedBooster3,minutes,24326,2245,2188,61565.0,26839,27.4232,12,0.0,0.0,1.8500547862600565,40.0,0.0,0.0,0.18852971267058707,22.26382758620696,0.0,0.0,0.037313069908814944,0.74,3.33,6.42,1.23,3.17,4.58,12.2665
C. 10-19,Control,unlimited_lives,UnlimitedLives,minutes,24326,19702,3,4652573.0,16,236.1472,5,121.53845347892603,268.226268415542,496.56695849992326,984.1515643222971,0.0,0.0,0.0,0.0,0.0,121.53845347892603,496.56695849992326,0.04,0.18,0.34,62.5,100.0,100.0,5.3333
C. 10-19,Variant,Avatar,Avatar,items,24664,9842,0,14346.0,0,1.4576,,0.0,1.0,2.0,3.0,0.0,0.0,0.0,0.0,0.0,0.0,2.0,0.2,0.34,0.52,,,,
C. 10-19,Variant,currency,HardCoin,coins,24664,23933,13757,4630447.68,4284000,193.4754,311,93.42573132036254,226.7520402251234,484.9839348384518,1125.2757669441148,100.0,230.80488206554554,492.5066587117259,1167.6413793103459,-135.63243410347292,21.397323915955052,140.6205175549347,0.88,1.63,2.15,0.28,0.95,1.48,3.1518
C. 10-19,Variant,dream_pass_tokens,DreamPassToken,items,24664,12352,0,1534960.59,0,124.2682,,10.142365731410644,91.12139999348409,193.9108469201802,423.470390842053,0.0,0.0,0.0,0.0,0.0,10.142365731410644,193.9108469201802,0.07,0.32,0.58,,,,
C. 10-19,Variant,life,LifeReward,items,24664,0,2,0.0,36,,18,0.0,0.0,0.0,0.0,0.0,0.0,0.0,0.0,0.0,0.0,0.0,,,,55.56,100.0,100.0,18.0
C. 10-19,Variant,life,life,items,24664,1746,20518,11203.0,363437,6.4164,17,0.0,0.0,0.0,11.873472214251574,9.599100298062234,15.051846567425809,34.11421098517875,126.78821018062412,-33.1329391854488,-9.598895276696954,0.0,0.93,3.78,6.44,0.13,0.53,1.0,17.7131
C. 10-19,Variant,life,liferefill,items,24664,993,0,10645.0,0,10.72,,0.0,0.0,0.0,11.940000000000055,0.0,0.0,0.0,0.0,0.0,0.0,0.0,0.94,4.04,7.09,,,,
C. 10-19,Variant,orb,Movie_Magic,items,24664,8,0,8.0,0,1.0,,0.0,0.0,0.0,0.0,0.0,0.0,0.0,0.0,0.0,0.0,0.0,12.5,62.5,100.0,,,,
C. 10-19,Variant,orb,Ocean_rescue,items,24664,2,0,2.0,0,1.0,,0.0,0.0,0.0,0.0,0.0,0.0,0.0,0.0,0.0,0.0,0.0,50.0,100.0,100.0,,,,
C. 10-19,Variant,orb,Reds_Greatest_Challenge,items,24664,736,0,737.0,0,1.0014,,0.0,0.0,0.0,1.0,0.0,0.0,0.0,0.0,0.0,0.0,0.0,0.27,0.81,1.49,,,,
C. 10-19,Variant,powerup,powerup_1,items,24664,9044,8900,20497.0,21763,2.2664,2,0.0,1.0,2.935988912411643,6.62055137844613,0.0,1.0,3.0,6.789333333333343,-1.0,0.0,1.0,0.62,1.1,1.47,2.02,3.78,4.58,2.4453
C. 10-19,Variant,powerup,powerup_2,items,24664,15808,11957,68416.0,56380,4.3279,4,1.1971686593278408,4.0,7.79913178585092,15.562671232876719,0.22615295038191002,3.147428126937246,7.245801009014977,15.658436781609211,-1.5583801968624598,0.0,3.0,0.19,0.37,0.56,0.18,0.47,0.73,4.7152
C. 10-19,Variant,powerup,powerup_3,items,24664,12979,11947,41534.0,40029,3.2001,3,0.8912341448323458,2.36918166193132,5.0,10.94161885245902,0.24347438330100446,2.098791246810535,5.0,11.312610837438438,-1.6685393934833317,0.0,2.0,0.31,0.57,0.82,0.26,0.84,1.19,3.3505
C. 10-19,Variant,pre_level_booster,pre_level_booster_1,items,24664,17948,15234,70472.0,54290,3.9265,3,2.0,4.112926428277846,7.289958548175115,14.0,1.0,3.0,6.592414057998853,14.730344827586217,-1.7964416280770166,0.157130403685304,3.6993630573248444,0.19,0.41,0.58,0.17,0.52,0.85,3.5637
C. 10-19,Variant,pre_level_booster,pre_level_booster_2,items,24664,19049,12171,74424.0,51990,3.907,4,2.0,4.091921613553931,7.317572257506967,14.0,0.4180777143971526,3.0500066853857466,6.795844240837703,14.658436781609211,-1.685083102767451,0.8212340522240683,3.9686641771697087,0.18,0.46,0.64,0.2,0.61,0.98,4.2716
C. 10-19,Variant,pre_level_booster,pre_level_booster_3,items,24664,14259,10455,35340.0,29010,2.4784,2,1.0,2.0,3.7322035433293737,8.061852813852816,0.0,2.0,3.8097971291742363,9.0,-1.0,0.0,2.0,0.36,1.01,1.4,0.16,0.59,0.97,2.7747
C. 10-19,Variant,season_pass_multiplier_2x,SeasonPassMultiplier2x,minutes,24664,7720,0,100980.0,0,13.0803,,0.0,10.0,10.0,22.004748858447527,0.0,0.0,0.0,0.0,0.0,0.0,10.0,0.39,1.91,3.76,,,,
C. 10-19,Variant,season_pass_tokens,SeasonPassToken,items,24664,167,0,7927.0,0,47.4671,,0.0,0.0,0.0,0.0,0.0,0.0,0.0,0.0,0.0,0.0,0.0,7.88,21.71,34.91,,,,
C. 10-19,Variant,ul_pre_booster,UnlimitedBooster1,minutes,24664,10217,9847,250295.0,95357,24.4979,9,0.0,10.228382848329884,30.0,93.72599364069956,0.0,5.861558477255028,11.780267022696934,33.28365845648609,0.0,0.0,17.976193813551287,0.21,0.96,1.78,0.18,0.72,1.22,9.6839
C. 10-19,Variant,ul_pre_booster,UnlimitedBooster2,minutes,24664,7419,7104,165200.0,62452,22.2672,8,0.0,10.0,17.367312722151446,71.04351407000692,0.0,2.7493276556996435,8.41227336999215,28.430522167487716,0.0,0.0,10.91666670219464,0.29,1.37,2.58,0.29,1.02,1.68,8.7911
C. 10-19,Variant,ul_pre_booster,UnlimitedBooster3,minutes,24664,1708,1667,46825.0,19714,27.4151,11,0.0,0.0,0.0,30.239410526315794,0.0,0.0,0.0,19.602981937602642,0.0,0.0,0.0,1.03,4.75,8.89,0.88,3.22,5.32,11.826
C. 10-19,Variant,unknown,Booster1,items,24664,0,1,0.0,1,,1,0.0,0.0,0.0,0.0,0.0,0.0,0.0,0.0,0.0,0.0,0.0,,,,100.0,100.0,100.0,1.0
C. 10-19,Variant,unlimited_lives,UnlimitedLives,minutes,24664,23567,3,6144798.0,39,260.7374,13,148.11041777157968,334.87667175273225,664.9531682702909,1290.7544781783683,0.0,0.0,0.0,0.0,15.0,148.21352321478284,665.0151583859226,0.13,0.28,0.44,51.28,100.0,100.0,13.0
D. 20-39,Control,Avatar,Avatar,items,18721,10316,0,20154.0,0,1.9537,,1.0,2.0,2.5662978192313286,5.0,0.0,0.0,0.0,0.0,0.0,1.0,2.5662978192313286,0.23,0.71,0.91,,,,
D. 20-39,Control,currency,HardCoin,coins,18721,18458,13832,7524612.0,7118450,407.6613,514,232.07817340968626,531.7625135361126,986.5119913056984,1902.7608672525457,200.0,516.8912670432542,982.2357609129095,2110.1106769825947,-181.12442907614826,30.493449318944176,236.35283496143418,0.22,0.71,1.13,0.5,1.35,1.88,5.1977
D. 20-39,Control,dream_pass_tokens,DreamPassToken,items,18721,9662,0,859083.33,0,88.9136,,19.17243993063504,60.18539594914718,131.31536899316734,320.7949294532634,0.0,0.0,0.0,0.0,0.0,19.17243993063504,131.31536899316734,0.32,0.79,1.27,,,,
D. 20-39,Control,life,LifeReward,items,18721,0,1,0.0,10,,10,0.0,0.0,0.0,0.0,0.0,0.0,0.0,0.0,0.0,0.0,0.0,,,,100.0,100.0,100.0,10.0
D. 20-39,Control,life,life,items,18721,1900,16193,11911.0,545763,6.2689,33,0.0,0.0,0.5178186783598765,15.182465608465646,19.918197984588026,32.45373135250459,71.19318137710194,200.0020533849133,-69.39716251279488,-20.0,0.0,0.72,2.96,5.11,0.11,0.5,0.91,33.7036
D. 20-39,Control,life,liferefill,items,18721,1271,0,16870.0,0,13.273,,0.0,0.0,0.0,20.71924715909099,0.0,0.0,0.0,0.0,0.0,0.0,0.0,1.33,4.92,8.36,,,,
D. 20-39,Control,orb,Movie_Magic,items,18721,4,0,4.0,0,1.0,,0.0,0.0,0.0,0.0,0.0,0.0,0.0,0.0,0.0,0.0,0.0,25.0,100.0,100.0,,,,
D. 20-39,Control,orb,Ocean_rescue,items,18721,1,0,1.0,0,1.0,,0.0,0.0,0.0,0.0,0.0,0.0,0.0,0.0,0.0,0.0,0.0,100.0,100.0,100.0,,,,
D. 20-39,Control,orb,Reds_Greatest_Challenge,items,18721,1527,0,1530.0,0,1.002,,0.0,0.0,0.0006019236735960735,1.0,0.0,0.0,0.0,0.0,0.0,0.0,0.0006019236735960735,0.13,0.52,0.85,,,,
D. 20-39,Control,powerup,powerup_1,items,18721,10449,10149,29590.0,32959,2.8318,3,1.0,2.222483513371365,4.477679836625825,9.647973760932969,1.0,2.7641269200362375,5.0,10.30747272727274,-2.0,0.0,1.1053194615881983,0.13,0.53,0.89,2.12,4.13,4.87,3.2475
D. 20-39,Control,powerup,powerup_2,items,18721,14399,11567,68032.0,62796,4.7248,5,2.085177786907567,5.131722107742125,9.530866063365105,18.0,1.4138033615945258,4.90396347779882,9.773946272556547,19.852017021276616,-2.3035185185185183,0.0,3.0,0.09,0.32,0.55,0.18,0.58,0.95,5.4289
D. 20-39,Control,powerup,powerup_3,items,18721,13829,12201,68212.0,64288,4.9325,5,2.059205988443751,5.2556818181818175,9.634153430914568,18.219846153846166,1.6325244922386526,4.87241813627843,9.627789473684215,19.809736170212794,-2.2162385964912277,0.0,3.0,0.09,0.29,0.51,0.44,1.66,2.19,5.2691
D. 20-39,Control,pre_level_booster,pre_level_booster_1,items,18721,17074,12818,88287.0,64081,5.1708,4,3.3104041656239005,6.593842857773917,10.97663316582915,19.08538699690403,1.0070700885152815,4.4963890935888,10.195573173786826,22.19528433268862,-2.066157907763386,1.0,5.768719174251283,0.23,0.64,0.86,0.28,0.79,1.29,4.9993
D. 20-39,Control,pre_level_booster,pre_level_booster_2,items,18721,17355,10829,103336.0,68203,5.9542,6,4.112915736745523,7.199331967929945,12.02241068724195,20.760565149136596,1.0374920422300216,5.212918516265379,11.173088298490866,23.830876595744705,-2.2443250327653987,1.82115736687097,6.19969859017988,0.22,0.58,0.75,0.26,0.79,1.25,6.2982
D. 20-39,Control,pre_level_booster,pre_level_booster_3,items,18721,14512,9553,46929.0,35961,3.2338,3,2.0,3.1706365092073647,5.750866187050364,11.0,0.7411191386443906,3.0,5.830370357098065,12.894297872340442,-2.0,0.16159754069529747,3.0,0.56,1.55,1.95,0.52,1.45,2.0,3.7644
D. 20-39,Control,season_pass_multiplier_2x,SeasonPassMultiplier2x,minutes,18721,630,0,21110.0,0,33.5079,,0.0,0.0,0.0,15.0,0.0,0.0,0.0,0.0,0.0,0.0,0.0,5.12,13.83,22.41,,,,
D. 20-39,Control,season_pass_tokens,SeasonPassToken,items,18721,119,0,7871.0,0,66.1429,,0.0,0.0,0.0,0.0,0.0,0.0,0.0,0.0,0.0,0.0,0.0,7.24,24.36,39.93,,,,
D. 20-39,Control,season_pass_tokens,unknown,items,18721,1,0,40.0,0,40.0,,0.0,0.0,0.0,0.0,0.0,0.0,0.0,0.0,0.0,0.0,0.0,100.0,100.0,100.0,,,,
D. 20-39,Control,ul_pre_booster,UnlimitedBooster1,minutes,18721,10441,10144,308830.0,137952,29.5786,13,10.0,20.0,43.544259044652904,113.363076923077,2.5840899323957367,10.484871376336788,20.251965341609186,50.60179651837531,0.0,2.100394338772797,24.250498967780015,0.36,1.13,1.85,0.31,0.94,1.47,13.5994
D. 20-39,Control,ul_pre_booster,UnlimitedBooster2,minutes,18721,8646,8393,218440.0,101671,25.2649,12,0.5299285742681836,15.0,28.348814465230014,89.40214703968775,0.0009991392031480566,8.020528120218287,15.668027509288581,44.81302437137339,0.0,0.0,15.793767482996497,0.5,1.56,2.56,0.42,1.2,1.92,12.1138
D. 20-39,Control,ul_pre_booster,UnlimitedBooster3,minutes,18721,4112,4000,93030.0,46513,22.624,11,0.0,0.34934017532312456,14.621938457316812,50.5651286601598,0.0,0.0038374012761590304,8.339967919498717,31.431117214700244,0.0,0.0,7.150600228054536,1.21,3.5,5.82,0.92,2.54,4.12,11.6283
D. 20-39,Control,unknown,Booster1,items,18721,0,1,0.0,1,,1,0.0,0.0,0.0,0.0,0.0,0.0,0.0,0.0,0.0,0.0,0.0,,,,100.0,100.0,100.0,1.0
D. 20-39,Control,unknown,Booster2,items,18721,0,1,0.0,1,,1,0.0,0.0,0.0,0.0,0.0,0.0,0.0,0.0,0.0,0.0,0.0,,,,100.0,100.0,100.0,1.0
D. 20-39,Control,unknown,Booster3,items,18721,0,1,0.0,1,,1,0.0,0.0,0.0,0.0,0.0,0.0,0.0,0.0,0.0,0.0,0.0,,,,100.0,100.0,100.0,1.0
D. 20-39,Control,unlimited_lives,UnlimitedLives,minutes,18721,18204,5,5804668.0,33,318.8677,6,208.4685523593448,419.04868218619407,772.6161006432145,1377.5268526193643,0.0,0.0,0.0,0.0,15.269789983844907,208.46946491484806,772.6265826163126,0.06,0.21,0.38,36.36,100.0,100.0,6.6
D. 20-39,Variant,Avatar,Avatar,items,19009,10143,0,19659.0,0,1.9382,,0.9168881800460748,2.0,2.107078431372555,5.0,0.0,0.0,0.0,0.0,0.0,0.9168881800460748,2.107078431372555,0.2,0.4,0.62,,,,
D. 20-39,Variant,currency,HardCoin,coins,19009,18681,13720,6635494.17,6444800,355.2002,469,186.57258763210385,444.5429114625843,877.5247235557989,1857.8125381925342,200.0,450.3814922684718,856.2981722087654,2027.5651063829782,-168.57971040836975,21.39435030904941,195.96105263601768,0.21,0.7,1.15,0.64,1.69,2.35,4.7207
D. 20-39,Variant,dream_pass_tokens,DreamPassToken,items,19009,12531,0,2269559.69,0,181.1156,,52.52947651991,169.68027079807626,342.6550952213894,696.4452941640827,0.0,0.0,0.0,0.0,0.0,52.52947651991,342.6550952213894,0.06,0.28,0.54,,,,
D. 20-39,Variant,life,life,items,19009,1687,16398,10754.0,400638,6.3746,24,0.0,0.0,0.10639871915199292,14.33666232073011,10.488401911644713,23.405356424212435,51.06216777113846,157.56184680851058,-49.71486709990717,-10.586343283582089,0.0,0.91,3.17,5.71,0.15,0.62,1.08,24.4321
D. 20-39,Variant,life,liferefill,items,19009,995,0,10965.0,0,11.0201,,0.0,0.0,0.0,15.288677248677237,0.0,0.0,0.0,0.0,0.0,0.0,0.0,1.5,5.56,9.3,,,,
D. 20-39,Variant,orb,Movie_Magic,items,19009,6,0,6.0,0,1.0,,0.0,0.0,0.0,0.0,0.0,0.0,0.0,0.0,0.0,0.0,0.0,16.67,83.33,100.0,,,,
D. 20-39,Variant,orb,Ocean_rescue,items,19009,1,0,1.0,0,1.0,,0.0,0.0,0.0,0.0,0.0,0.0,0.0,0.0,0.0,0.0,0.0,100.0,100.0,100.0,,,,
D. 20-39,Variant,orb,Reds_Greatest_Challenge,items,19009,1764,0,1769.0,0,1.0028,,0.0,0.0,0.0872663097125491,1.0,0.0,0.0,0.0,0.0,0.0,0.0,0.0872663097125491,0.11,0.57,0.85,,,,
D. 20-39,Variant,powerup,powerup_1,items,19009,9857,9859,27809.0,31648,2.8212,3,0.9621513515838369,2.0,4.1176489296636065,9.0,0.7755305330432636,2.3577285953619604,4.551545815295822,9.532132867132862,-1.995183589997831,0.0,1.0134670021917387,0.18,0.46,0.79,4.95,7.04,7.53,3.2101
D. 20-39,Variant,powerup,powerup_2,items,19009,14760,11672,83378.0,70701,5.6489,6,3.0,6.172054675634629,11.344237516869102,21.106169772256727,1.5037974627405153,5.5677978910086985,11.055697888415345,21.585319148936165,-2.0,0.12831714806400887,4.0,0.06,0.23,0.42,0.11,0.45,0.76,6.0573
D. 20-39,Variant,powerup,powerup_3,items,19009,13507,12062,61019.0,57797,4.5176,4,2.0,4.686620289397663,8.711501656238502,16.459771428571422,1.4102055419843555,4.331672609800607,8.579199916549321,17.19510638297872,-2.0,0.0,3.0,0.2,0.43,0.66,0.52,1.8,2.37,4.7917
D. 20-39,Variant,pre_level_booster,pre_level_booster_1,items,19009,17434,12848,80802.0,59742,4.6347,4,3.015462959493937,5.872563986533862,9.802404505659961,17.52257294429708,1.0,4.12926530016067,9.126874953452004,20.278723404255317,-2.0,1.0,5.0,0.28,0.62,0.79,0.24,0.92,1.52,4.6499
D. 20-39,Variant,pre_level_booster,pre_level_booster_2,items,19009,17287,10601,85904.0,59178,4.9693,5,3.1165059157110826,6.286677525032854,10.0,17.0,1.0,4.546895609378091,9.073903434206063,20.47382978723404,-2.0,1.4230907477094845,5.494533361047605,0.33,0.69,0.87,0.26,0.96,1.57,5.5823
D. 20-39,Variant,pre_level_booster,pre_level_booster_3,items,19009,14855,9649,51120.0,38423,3.4413,3,2.0,3.4461506961506947,6.234768862275459,12.0,0.5718419371479135,2.919894590947223,6.0539016961613195,13.76988444444444,-1.881261439344022,0.481865588401252,3.0,0.6,1.2,1.46,0.37,1.38,2.04,3.9821
D. 20-39,Variant,season_pass_multiplier_2x,SeasonPassMultiplier2x,minutes,19009,7887,0,125765.0,0,15.9459,,0.0,10.0,16.96966486902933,41.05994535519124,0.0,0.0,0.0,0.0,0.0,0.0,16.96966486902933,0.6,2.21,3.77,,,,
D. 20-39,Variant,season_pass_tokens,SeasonPassToken,items,19009,115,0,9098.0,0,79.113,,0.0,0.0,0.0,0.0,0.0,0.0,0.0,0.0,0.0,0.0,0.0,20.09,36.85,53.21,,,,
D. 20-39,Variant,ul_pre_booster,UnlimitedBooster1,minutes,19009,10875,10636,334480.0,141604,30.7568,13,10.0,21.863974668509897,46.27621487684329,116.46422413793105,3.3889406602797836,10.769744922275285,20.244976978832895,50.18611063829786,0.0,2.898503049996105,27.011087629658075,0.28,1.0,1.7,0.28,0.94,1.53,13.3137
D. 20-39,Variant,ul_pre_booster,UnlimitedBooster2,minutes,19009,8184,7954,198860.0,89416,24.2986,11,0.0,13.074362458193972,25.0,86.20631587615283,0.0,7.033027087646653,13.369488670464506,41.6939574468085,0.0,0.0,14.441024056672122,0.42,1.48,2.6,0.44,1.42,2.36,11.2416
D. 20-39,Variant,ul_pre_booster,UnlimitedBooster3,minutes,19009,3725,3635,83605.0,39077,22.4443,10,0.0,0.0,10.0,46.26684444444441,0.0,0.0,7.120028510335002,27.916714893617012,0.0,0.0,5.481118703321162,3.44,6.38,8.97,0.95,3.15,5.27,10.7502
D. 20-39,Variant,unlimited_lives,UnlimitedLives,minutes,19009,18684,5,7735048.0,78,413.9931,15,259.63040745581173,551.8844988503955,1036.5793580670434,1845.8277365950082,0.0,0.0,0.0,0.0,30.0,259.7396219978263,1036.5790365575024,0.04,0.18,0.34,35.9,100.0,100.0,15.6
E. 40-99,Control,Avatar,Avatar,items,10200,7149,0,23211.0,0,3.2467,,2.0,3.3367821272212193,5.0410065237651445,8.736263736263737,0.0,0.0,0.0,0.0,0.0,2.0,5.0410065237651445,0.09,0.28,0.51,,,,
E. 40-99,Control,currency,HardCoin,coins,10200,10163,9127,9321651.0,9018800,917.2145,988,547.8673708063826,1198.4352114825735,2213.8307999999997,4088.009259259259,541.5812556735418,1170.0288398320095,2185.848560021565,4329.578754578755,-219.63009755944537,12.738537100191833,365.14236080033197,0.38,1.15,1.76,0.56,1.72,2.48,9.968
E. 40-99,Control,dream_pass_tokens,DreamPassToken,items,10200,7550,0,852620.0,0,112.9298,,44.02965010594052,100.95136341909975,210.20675168792198,545.8856177606176,0.0,0.0,0.0,0.0,0.0,44.02965010594052,210.20675168792198,0.28,1.06,1.71,,,,
E. 40-99,Control,life,life,items,10200,1520,9454,11342.0,540036,7.4618,57,0.0,0.0,2.0959893475867393,23.285714285714285,26.867574468085106,63.37936792807354,137.69762700789877,331.03663003662996,-134.95120946305155,-26.705720408445245,-2.2369446343130557,1.01,3.76,6.34,0.12,0.56,1.02,57.1225
E. 40-99,Control,life,liferefill,items,10200,1118,0,18210.0,0,16.288,,0.0,0.0,4.886005862555639,39.48717948717949,0.0,0.0,0.0,0.0,0.0,0.0,4.886005862555639,1.35,5.79,10.32,,,,
E. 40-99,Control,orb,Movie_Magic,items,10200,5,0,5.0,0,1.0,,0.0,0.0,0.0,0.0,0.0,0.0,0.0,0.0,0.0,0.0,0.0,20.0,100.0,100.0,,,,
E. 40-99,Control,orb,Reds_Greatest_Challenge,items,10200,1246,0,1249.0,0,1.0024,,0.0,0.0,1.0,1.0,0.0,0.0,0.0,0.0,0.0,0.0,1.0,0.16,0.64,1.04,,,,
E. 40-99,Control,powerup,powerup_1,items,10200,7752,7683,39761.0,44987,5.1291,5,2.016436749147314,5.301649811600221,10.686223107237533,20.862637362637365,2.5187461849750195,5.853453576552572,10.92347860613876,22.056776556776555,-3.0,0.0,2.0,0.35,0.86,1.32,4.07,6.15,7.02,5.8554
E. 40-99,Control,powerup,powerup_2,items,10200,9702,7993,76682.0,72265,7.9037,9,4.912843406593407,10.27847152847153,18.687850727090055,33.28021978021978,4.0561421149656445,10.325236641221375,19.258498565850918,34.57142857142857,-3.0,0.15260700389105064,4.129613975767823,0.18,0.56,0.93,0.29,0.98,1.47,9.041
E. 40-99,Control,powerup,powerup_3,items,10200,9581,8347,80066.0,74675,8.3567,8,5.2026181102362195,10.92675185539155,19.22344491230361,33.0,4.121052962378975,10.181209847314461,19.23843987553665,35.358974358974365,-3.0,0.14129874994147676,5.0,0.16,0.5,0.83,0.45,1.71,2.49,8.9463
E. 40-99,Control,pre_level_booster,pre_level_booster_1,items,10200,9891,8240,105457.0,75453,10.6619,9,7.312570145903479,13.736158532202417,22.941590610879484,38.59444444444445,3.0248651400677793,10.212313144659838,21.251133827350476,43.637362637362635,-3.043555893803237,2.7657559816731707,9.962209910590527,0.28,0.8,1.05,0.36,1.2,1.86,9.1569
E. 40-99,Control,pre_level_booster,pre_level_booster_2,items,10200,9932,7115,114123.0,79773,11.4904,11,8.21774711870728,14.914775462040481,24.65217599234816,39.84090909090909,3.2427756534821035,11.273509369284922,22.991164971150926,44.083333333333336,-3.0826160623517453,3.117096774193549,11.280556316799123,0.29,0.81,1.05,0.31,1.12,1.71,11.2119
E. 40-99,Control,pre_level_booster,pre_level_booster_3,items,10200,9480,6618,51573.0,39823,5.4402,6,3.283038946572782,6.552463559150201,11.08012012012012,19.205128205128204,1.8288508557457215,5.751950780312124,10.985713041872247,22.53846153846154,-3.0,1.0,5.025846153846154,0.75,1.97,2.44,0.5,1.48,2.25,6.0174
E. 40-99,Control,season_pass_multiplier_2x,SeasonPassMultiplier2x,minutes,10200,568,0,24610.0,0,43.3275,,0.0,0.0,0.0,32.21153846153847,0.0,0.0,0.0,0.0,0.0,0.0,0.0,2.99,13.29,20.74,,,,
E. 40-99,Control,season_pass_tokens,SeasonPassToken,items,10200,43,0,3048.0,0,70.8837,,0.0,0.0,0.0,0.0,0.0,0.0,0.0,0.0,0.0,0.0,0.0,30.18,78.25,84.12,,,,
E. 40-99,Control,ul_pre_booster,UnlimitedBooster1,minutes,10200,7898,7787,332975.0,176295,42.1594,22,20.0,43.49063505999415,82.46904080781249,168.02486559139786,10.95067312090607,24.064067751118838,41.91710579978719,95.19322344322345,0.0,6.685587289686736,43.251695113397226,0.26,1.15,1.94,0.23,0.98,1.66,22.6397
E. 40-99,Control,ul_pre_booster,UnlimitedBooster2,minutes,10200,7353,7230,244420.0,138260,33.2409,19,15.0,26.319129207821014,53.58902237477753,140.82417582417582,9.007067484320237,18.42320089144792,31.323375424230875,84.98626373626372,0.0,4.321786720240199,24.970269322824752,0.35,1.63,2.78,0.29,1.22,2.1,19.1231
E. 40-99,Control,ul_pre_booster,UnlimitedBooster3,minutes,10200,3897,3802,99770.0,58411,25.6017,15,0.0,10.0,25.783179723502307,69.10714285714286,0.0,7.767547436409677,18.029063543880962,49.612637362637365,0.0,0.0,11.123207960282263,0.83,3.87,6.31,0.7,2.92,4.74,15.3632
E. 40-99,Control,unlimited_lives,UnlimitedLives,minutes,10200,10143,7,6223324.0,133,613.5585,19,414.4357079121377,819.427663208502,1453.153801843319,2386.7053872053875,0.0,0.0,0.0,0.0,119.78351755043992,414.40886419915387,1453.1860993124922,0.11,0.41,0.66,47.37,96.24,100.0,19.0
E. 40-99,Variant,Avatar,Avatar,items,10058,7029,0,22375.0,0,3.1832,,2.0,3.0929604577172958,5.0,8.15136,0.0,0.0,0.0,0.0,0.0,2.0,5.0,0.06,0.27,0.51,,,,
E. 40-99,Variant,currency,HardCoin,coins,10058,9997,8836,7639156.65,7417850,764.1449,839,437.05277629099436,951.9607232283114,1788.5324099374097,4028.8031581242417,436.49371175924546,942.0955990797003,1740.4474855291323,3967.832417582418,-195.6881873761601,8.133989088576831,324.8714328073622,0.21,0.91,1.52,1.09,2.1,2.97,8.4125
E. 40-99,Variant,dream_pass_tokens,DreamPassToken,items,10058,8710,0,2588469.06,0,297.1836,,140.372989132094,338.4123908427705,668.9977895288109,1516.899393554929,0.0,0.0,0.0,0.0,0.0,140.372989132094,668.9977895288109,0.09,0.43,0.83,,,,
E. 40-99,Variant,life,LifeReward,items,10058,0,2,0.0,27,,13,0.0,0.0,0.0,0.0,0.0,0.0,0.0,0.0,0.0,0.0,0.0,,,,92.59,100.0,100.0,13.5
E. 40-99,Variant,life,life,items,10058,1305,9260,9166.0,352257,7.0238,38,0.0,0.0,1.3690573128719103,19.769450549450557,17.145252934855336,41.535027843529775,91.46364155972634,228.710695970696,-88.44773089749165,-16.976616301931017,-1.2790242652084738,1.04,4.31,7.19,0.16,0.7,1.27,38.0407
E. 40-99,Variant,life,liferefill,items,10058,852,0,11090.0,0,13.0164,,0.0,0.0,0.0,24.988333333333344,0.0,0.0,0.0,0.0,0.0,0.0,0.0,1.35,5.68,10.19,,,,
E. 40-99,Variant,orb,Movie_Magic,items,10058,3,0,4.0,0,1.3333,,0.0,0.0,0.0,0.0,0.0,0.0,0.0,0.0,0.0,0.0,0.0,50.0,100.0,100.0,,,,
E. 40-99,Variant,orb,Ocean_rescue,items,10058,2,0,2.0,0,1.0,,0.0,0.0,0.0,0.0,0.0,0.0,0.0,0.0,0.0,0.0,0.0,50.0,100.0,100.0,,,,
E. 40-99,Variant,orb,Reds_Greatest_Challenge,items,10058,1158,0,1161.0,0,1.0026,,0.0,0.0,1.0,1.0,0.0,0.0,0.0,0.0,0.0,0.0,1.0,0.17,0.69,1.12,,,,
E. 40-99,Variant,powerup,powerup_1,items,10058,7466,7390,31680.0,37046,4.2432,5,2.0,4.186872586872587,7.990750830564788,17.0,2.2752204946353882,4.971339005821765,7.998605947955391,17.431794871794878,-3.0,0.0,2.0,0.5,0.98,1.46,3.57,7.72,9.42,5.013
E. 40-99,Variant,powerup,powerup_2,items,10058,9756,7908,81107.0,70615,8.3136,8,5.645831456625527,11.267244370286091,18.325921572817613,31.21589743589744,4.36203753131031,10.712428367573445,18.152824012814264,32.43179487179488,-3.0,1.0,5.0,0.22,0.49,0.76,0.21,0.76,1.18,8.9296
E. 40-99,Variant,powerup,powerup_3,items,10058,9211,8118,66964.0,63936,7.27,7,4.466848116127654,9.453373455213008,16.26127119814668,28.420000000000005,3.7805866322432586,8.68592144020386,15.841845511252789,30.093717948717956,-3.0,0.0,4.361461988304098,0.25,0.55,0.86,1.51,3.4,4.34,7.8758
E. 40-99,Variant,pre_level_booster,pre_level_booster_1,items,10058,9779,8018,74755.0,55935,7.6444,6,5.5230375426621166,10.01829895884322,15.820434782608698,26.316286472148544,2.605017117958294,8.070973100411416,15.033200676744015,30.255641025641033,-3.0,1.8290005696090246,7.308569500674767,0.65,1.09,1.37,0.72,1.66,2.35,6.9762
E. 40-99,Variant,pre_level_booster,pre_level_booster_2,items,10058,9737,6787,80411.0,57157,8.2583,8,6.405196116940691,10.797041379406132,16.28807710843374,24.905103448275867,2.683983960372686,8.557991006319883,15.678370238797228,30.039743589743598,-3.0,2.1704506173242115,8.526700220195039,0.69,1.19,1.43,0.71,1.64,2.33,8.4215
E. 40-99,Variant,pre_level_booster,pre_level_booster_3,items,10058,9497,6519,54101.0,40503,5.6966,6,3.7586852813635936,7.025165146272413,11.677922077922085,20.736290322580643,2.0,6.177706802938358,11.1678040131776,21.723186813186818,-2.848486997635934,1.187273459524769,5.0,1.05,1.97,2.31,1.05,2.1,2.85,6.2131
E. 40-99,Variant,season_pass_multiplier_2x,SeasonPassMultiplier2x,minutes,10058,5923,0,131805.0,0,22.2531,,10.0,11.379495264441111,33.77296841089945,80.0,0.0,0.0,0.0,0.0,0.0,10.0,33.77296841089945,0.33,1.59,3.1,,,,
E. 40-99,Variant,season_pass_tokens,SeasonPassToken,items,10058,33,0,2755.0,0,83.4848,,0.0,0.0,0.0,0.0,0.0,0.0,0.0,0.0,0.0,0.0,0.0,18.95,68.93,85.92,,,,
E. 40-99,Variant,ul_pre_booster,UnlimitedBooster1,minutes,10058,7877,7797,331020.0,166832,42.0236,21,20.151957919345413,44.39342465753424,79.38939229189323,159.66215384615387,11.279083485581118,23.28640479936301,39.095763307249975,87.82818681318682,0.0,8.38917474370906,42.98563139739938,0.16,0.76,1.46,0.22,0.86,1.47,21.3969
E. 40-99,Variant,ul_pre_booster,UnlimitedBooster2,minutes,10058,6688,6582,205630.0,111918,30.7461,17,14.160669754185962,25.0,45.1776065907024,123.70740740740743,7.565951823004949,15.75694893341952,26.455786861747132,69.34571428571431,0.0,3.460928794419041,21.90585507246378,0.27,1.25,2.35,0.35,1.3,2.15,17.0036
E. 40-99,Variant,ul_pre_booster,UnlimitedBooster3,minutes,10058,3683,3597,82135.0,46352,22.3011,12,0.0,10.0,21.299853372434026,65.52619047619048,0.0,6.791686348606518,12.651125928358859,43.137106227106244,0.0,0.0,9.297288437679105,0.59,2.86,5.52,0.74,3.0,4.99,12.8863
E. 40-99,Variant,unlimited_lives,UnlimitedLives,minutes,10058,9999,4,8023946.0,102,802.4748,25,531.0707208391756,1066.3516608565424,1905.4196508182144,3386.685207100592,0.0,0.0,0.0,0.0,139.99533217081859,531.0691044634916,1905.4196508182144,0.06,0.27,0.52,50.0,100.0,100.0,25.5
F. 100+,Control,Avatar,Avatar,items,1750,1459,0,7839.0,0,5.3729,,5.0,6.548017807928768,8.0,12.0,0.0,0.0,0.0,0.0,0.0,5.0,8.0,0.31,1.16,2.03,,,,
F. 100+,Control,currency,HardCoin,coins,1750,1749,1670,2844798.0,2694050,1626.5283,1613,1056.211702931001,1806.4826141600338,3635.626794742164,8025.375,975.2664890073285,1803.6363636363635,3473.571428571429,8300.0,-236.2310559006211,-33.686441552411296,633.0584139264989,1.65,3.41,5.2,1.75,3.61,5.51,16.2287
F. 100+,Control,dream_pass_tokens,DreamPassToken,items,1750,1414,0,164020.0,0,115.9972,,49.88134592680047,97.30392156862746,204.747219413549,661.875,0.0,0.0,0.0,0.0,0.0,49.88134592680047,204.747219413549,1.48,5.11,7.52,,,,
F. 100+,Control,life,life,items,1750,335,1672,2335.0,114864,6.9701,68,0.0,0.0,3.6054600606673404,22.875,32.94972457386132,71.45454545454544,158.77792207792209,477.125,-155.69285714285712,-32.507575046904314,-10.101016995426933,3.38,12.72,21.03,0.64,2.86,5.22,68.6986
F. 100+,Control,life,liferefill,items,1750,242,0,3870.0,0,15.9917,,0.0,0.0,5.0,57.5,0.0,0.0,0.0,0.0,0.0,0.0,5.0,4.13,15.5,26.23,,,,
F. 100+,Control,orb,Movie_Magic,items,1750,1,0,1.0,0,1.0,,0.0,0.0,0.0,0.0,0.0,0.0,0.0,0.0,0.0,0.0,0.0,100.0,100.0,100.0,,,,
F. 100+,Control,orb,Reds_Greatest_Challenge,items,1750,328,0,328.0,0,1.0,,0.0,0.0,1.0,1.0,0.0,0.0,0.0,0.0,0.0,0.0,1.0,0.3,1.52,3.05,,,,
F. 100+,Control,powerup,powerup_1,items,1750,1732,1551,12736.0,19374,7.3533,12,4.0,8.462833099579242,18.01168831168831,38.375,5.0,9.454545454545455,18.32857142857143,42.25,-3.0,-0.7462360369111218,3.0,0.59,2.17,3.95,20.6,31.38,32.88,12.4913
F. 100+,Control,powerup,powerup_2,items,1750,1741,1575,22952.0,21872,13.1832,13,8.973381494859684,15.026241987179487,28.482810920121334,64.5,8.721185876082613,16.26829268292683,28.322077922077924,68.25,-3.0,0.0,6.113245702730031,0.51,2.04,3.64,0.58,2.56,4.52,13.887
F. 100+,Control,powerup,powerup_3,items,1750,1738,1600,23521.0,24475,13.5334,15,9.543316624895573,15.738335527278046,29.454847478103297,60.125,8.594010497066996,15.930820399113081,28.462337662337664,67.375,-3.0,0.13525795241913927,7.567879325643301,0.47,1.82,3.28,7.1,13.27,15.1,15.2969
F. 100+,Control,powerup,unknown,items,1750,0,1,0.0,138000,,138000,0.0,0.0,0.0,0.0,0.0,0.0,0.0,0.0,0.0,0.0,0.0,,,,100.0,100.0,100.0,138.0
F. 100+,Control,pre_level_booster,pre_level_booster_1,items,1750,1735,1559,32151.0,23796,18.5308,15,13.276923076923076,21.42649059623849,37.828047921071175,76.0,8.130953348174389,18.790243902439027,32.78181818181818,82.875,-3.0785714285714287,4.144605864944848,15.339960058097313,0.33,1.57,2.99,2.25,4.39,6.53,15.2636
F. 100+,Control,pre_level_booster,pre_level_booster_2,items,1750,1735,1443,35500.0,25767,20.4611,17,15.031159420289853,24.190623662052236,39.98376623376623,81.5,9.137339334752443,20.933924611973392,34.25714285714286,86.125,-3.1357142857142857,4.435132330046705,17.538329238329236,0.3,1.45,2.79,2.2,4.15,6.19,17.8565
F. 100+,Control,pre_level_booster,pre_level_booster_3,items,1750,1730,1373,15469.0,12649,8.9416,9,6.373589052042753,10.720588235294116,17.37841253791709,34.125,4.5940104970669955,10.180487804878048,15.966233766233767,37.625,-3.0,1.5353497164461247,7.0789779326364695,0.98,2.39,3.67,4.75,7.03,8.97,9.2127
F. 100+,Control,season_pass_multiplier_2x,SeasonPassMultiplier2x,minutes,1750,97,0,6495.0,0,66.9588,,0.0,0.0,0.0,86.25,0.0,0.0,0.0,0.0,0.0,0.0,0.0,5.54,27.71,53.58,,,,
F. 100+,Control,season_pass_tokens,SeasonPassToken,items,1750,5,0,99.0,0,19.8,,0.0,0.0,0.0,0.0,0.0,0.0,0.0,0.0,0.0,0.0,0.0,50.51,100.0,100.0,,,,
F. 100+,Control,ul_pre_booster,UnlimitedBooster1,minutes,1750,1513,1502,82330.0,52918,54.4151,35,30.482456140350877,57.52114164904862,97.07142857142857,304.375,21.95619993175282,39.868736141906865,61.88051948051949,174.125,0.0,8.032716497339138,39.817555555555565,0.78,3.41,6.08,0.61,2.71,5.1,35.2317
F. 100+,Control,ul_pre_booster,UnlimitedBooster2,minutes,1750,1448,1437,57205.0,38701,39.5062,26,25.0,36.220946915351504,65.55844155844156,226.25,15.051940982434473,26.84878048780488,46.935064935064936,144.375,-0.039867109634551506,4.019043176972281,23.990683229813666,0.86,4.22,7.83,0.84,3.55,5.93,26.9318
F. 100+,Control,ul_pre_booster,UnlimitedBooster3,minutes,1750,962,951,24660.0,17154,25.6341,18,10.0,20.953730451847246,32.07792207792208,94.375,4.717229164296973,11.965853658536584,25.51818181818182,74.5,0.0,0.0,11.308666666666667,1.82,8.72,15.59,1.41,5.94,9.83,18.0379
F. 100+,Control,unlimited_lives,UnlimitedLives,minutes,1750,1743,1,1755279.0,138,1007.0448,138,708.9622129942778,1176.5234375,2143.1663442940044,4180.0,0.0,0.0,0.0,0.0,345.1197916666667,708.9622129942778,2143.1663442940044,0.32,1.52,2.87,100.0,100.0,100.0,138.0
F. 100+,Variant,Avatar,Avatar,items,1740,1434,0,7547.0,0,5.2629,,4.982758620689655,6.411428571428572,8.0,11.0,0.0,0.0,0.0,0.0,0.0,4.982758620689655,8.0,0.2,0.94,1.78,,,,
F. 100+,Variant,currency,HardCoin,coins,1740,1740,1648,2259050.36,2136350,1298.3048,1296,872.1535309973045,1417.784008727312,2823.2616992590374,6944.69999999999,821.0558814448902,1426.5152602060778,2747.9545454545455,6534.999999999985,-202.69943453675515,-28.82987233223001,542.0095200821379,0.57,2.22,4.02,0.61,2.33,4.32,13.0485
F. 100+,Variant,dream_pass_tokens,DreamPassToken,items,1740,1647,0,738186.09,0,448.2004,,235.66489289667126,478.983855842391,1041.860142656885,2503.4999999999995,0.0,0.0,0.0,0.0,46.74376746185257,235.66489289667126,1041.860142656885,0.41,1.97,3.82,,,,
F. 100+,Variant,life,life,items,1740,255,1645,1636.0,60222,6.4157,36,0.0,0.0,1.7083568605307735,16.799999999999955,17.796135909393737,38.923692448154426,83.96969696969697,241.29999999999973,-82.04588744588744,-17.67980769230769,-5.1170227288239705,3.73,14.85,23.96,0.84,3.53,5.74,36.6091
F. 100+,Variant,life,liferefill,items,1740,129,0,2070.0,0,16.0465,,0.0,0.0,0.0,21.999999999999886,0.0,0.0,0.0,0.0,0.0,0.0,0.0,17.39,32.37,44.2,,,,
F. 100+,Variant,orb,Movie_Magic,items,1740,1,0,1.0,0,1.0,,0.0,0.0,0.0,0.0,0.0,0.0,0.0,0.0,0.0,0.0,0.0,100.0,100.0,100.0,,,,
F. 100+,Variant,orb,Reds_Greatest_Challenge,items,1740,272,0,273.0,0,1.0037,,0.0,0.0,1.0,1.0,0.0,0.0,0.0,0.0,0.0,0.0,1.0,0.73,2.2,4.03,,,,
F. 100+,Variant,powerup,powerup_1,items,1740,1699,1512,12374.0,17640,7.2831,11,3.354566744730679,6.609080188679245,12.325883418906676,72.79999999999984,4.866666666666666,7.595721925133688,13.316666666666666,29.399999999999977,-3.0,-0.49975316768142175,3.0,4.47,11.9,17.07,32.51,41.3,43.19,11.6667
F. 100+,Variant,powerup,powerup_2,items,1740,1732,1567,25100.0,20879,14.4919,13,10.242406516430002,15.609136047666336,24.233116883116885,92.89999999999986,8.801798800799467,15.844111125603234,25.509090909090908,51.89999999999998,-3.0,1.0,8.036072623029144,2.26,6.33,9.38,4.32,6.18,7.66,13.3242
F. 100+,Variant,powerup,powerup_3,items,1740,1730,1565,22846.0,23139,13.2058,14,8.613432835820895,13.750481324605314,23.141961577350862,90.79999999999984,7.421117628897807,13.804108517021,23.566666666666666,49.19999999999993,-3.0,0.6467120181405895,8.102564102564102,2.5,6.91,10.16,14.37,24.28,25.75,14.7853
F. 100+,Variant,pre_level_booster,pre_level_booster_1,items,1740,1726,1515,19879.0,15173,11.5174,10,9.670731707317074,15.048663101604278,20.893617021276594,37.0,5.954696868754164,12.917770966479718,19.612121212121213,42.19999999999993,-3.0,2.447987528344671,10.131528046421664,0.26,1.18,2.25,1.13,3.74,5.52,10.0152
F. 100+,Variant,pre_level_booster,pre_level_booster_2,items,1740,1721,1383,22173.0,16478,12.8838,11,10.64814814814815,17.01024096385542,22.47142857142857,36.0,6.892405063291139,14.856704056345379,22.083333333333336,40.69999999999993,-3.0,2.8752830188679246,12.012531328320803,0.23,1.03,1.94,1.03,3.47,4.93,11.9147
F. 100+,Variant,pre_level_booster,pre_level_booster_3,items,1740,1717,1361,16628.0,12745,9.6843,9,7.2022172949002226,10.984069264069264,18.544137022397894,37.89999999999998,5.038283420808892,10.797828355288901,16.540909090909093,38.39999999999998,-3.0,1.8907235621521337,7.974097331240189,0.31,1.43,2.73,0.82,2.67,4.39,9.3644
F. 100+,Variant,season_pass_multiplier_2x,SeasonPassMultiplier2x,minutes,1740,1133,0,29500.0,0,26.0371,,10.0,30.0,40.0,93.99999999999977,0.0,0.0,0.0,0.0,0.0,10.0,40.0,1.39,6.71,9.69,,,,
F. 100+,Variant,season_pass_tokens,SeasonPassToken,items,1740,10,0,140.0,0,14.0,,0.0,0.0,0.0,0.0,0.0,0.0,0.0,0.0,0.0,0.0,0.0,21.43,64.29,100.0,,,,
F. 100+,Variant,ul_pre_booster,UnlimitedBooster1,minutes,1740,1583,1571,76945.0,48638,48.6071,30,40.0,60.218671152228765,83.25757575757575,157.99999999999955,23.940096846005098,38.81447763140734,55.062121212121205,107.59999999999968,0.0,11.368415132318987,37.81130980820422,0.7,2.94,4.55,0.92,2.78,4.27,30.9599
F. 100+,Variant,ul_pre_booster,UnlimitedBooster2,minutes,1740,1430,1418,49685.0,33898,34.7448,23,25.0,37.932785299806575,55.083333333333336,141.9999999999999,15.194366357387759,26.19769140472153,40.122727272727275,91.29999999999995,-0.09523809523809523,4.023391812865498,22.835881509794557,1.2,4.74,6.94,1.31,4.0,5.72,23.9055
F. 100+,Variant,ul_pre_booster,UnlimitedBooster3,minutes,1740,937,924,21500.0,15652,22.9456,16,10.0,16.561461794019934,25.0,71.99999999999989,3.961627207877674,11.755601930350855,23.990909090909092,59.69999999999982,0.0,0.0,9.566666666666666,2.14,9.74,13.65,2.51,7.72,10.49,16.9394
F. 100+,Variant,unlimited_lives,UnlimitedLives,minutes,1740,1735,1,2457740.0,2,1416.5648,2,1013.557142857143,1620.4989365473236,2853.2608695652175,6284.999999999998,0.0,0.0,0.0,0.0,513.2870370370371,1013.557142857143,2853.2608695652175,0.38,1.7,3.14,100.0,100.0,100.0,2.0
