event_date,segment,ab_group,players,avg_hc_gain_total,avg_hc_gain_free,avg_hc_gain_paid,avg_hc_spent,avg_hc_net,total_hc_gain,avg_hc_excess_removed,avg_hc_gain_total_uncorrected
2026-07-25,A. 0,Control,3516,84.75,68.66,16.08,65.1,19.64,297970.0,0.0,84.75
2026-07-25,A. 0,Variant,3543,94.01,83.67,10.34,70.07,23.95,333094.0,0.0,94.01
2026-07-25,B. 1-9,Control,5414,54.61,52.94,1.67,51.45,3.16,295651.0,0.0,54.61
2026-07-25,B. 1-9,Variant,5277,48.19,46.52,1.67,47.96,0.22,254277.0,0.0,48.19
2026-07-25,C. 10-19,Control,4641,100.28,95.21,5.07,98.97,1.31,465400.0,0.0,100.28
2026-07-25,C. 10-19,Variant,4609,90.31,85.35,4.96,89.75,0.56,416249.0,0.0,90.31
2026-07-25,D. 20-39,Control,3662,178.45,166.58,11.88,167.41,11.05,653498.0,0.0,178.45
2026-07-25,D. 20-39,Variant,3723,147.65,140.46,7.19,152.73,-5.08,549697.0,0.0,147.65
2026-07-25,E. 40-99,Control,2485,344.9,320.49,24.41,331.25,13.65,857065.0,0.0,344.9
2026-07-25,E. 40-99,Variant,2297,294.25,271.85,22.4,295.82,-1.57,675895.0,0.0,294.25
2026-07-25,F. 100+,Control,388,702.56,662.74,39.82,696.65,5.91,272593.0,0.0,702.56
2026-07-25,F. 100+,Variant,328,595.92,511.31,84.6,620.88,-24.97,195461.0,0.0,595.92
2026-07-26,A. 0,Control,3763,55.65,37.7,17.95,50.48,5.17,209404.0,0.0,55.65
2026-07-26,A. 0,Variant,3659,64.67,54.07,10.6,61.36,3.31,236627.0,0.0,64.67
2026-07-26,B. 1-9,Control,5612,48.08,46.16,1.92,46.51,1.58,269843.0,0.0,48.08
2026-07-26,B. 1-9,Variant,5609,40.09,38.31,1.77,43.9,-3.82,224841.0,0.0,40.09
2026-07-26,C. 10-19,Control,4973,86.24,81.28,4.97,87.6,-1.36,428884.0,0.0,86.24
2026-07-26,C. 10-19,Variant,4901,73.63,69.11,4.52,80.68,-7.05,360839.0,0.0,73.63
2026-07-26,D. 20-39,Control,3937,152.1,140.71,11.39,156.46,-4.36,598818.0,0.0,152.1
2026-07-26,D. 20-39,Variant,4058,128.21,117.0,11.21,145.11,-16.9,520286.0,0.0,128.21
2026-07-26,E. 40-99,Control,2767,276.77,254.0,22.77,297.4,-20.63,765811.0,0.0,276.77
2026-07-26,E. 40-99,Variant,2655,231.29,207.69,23.6,248.95,-17.65,614078.0,0.0,231.29
2026-07-26,F. 100+,Control,432,613.03,554.58,58.45,759.14,-146.12,264828.0,0.0,613.03
2026-07-26,F. 100+,Variant,380,487.32,417.98,69.34,684.34,-197.02,185183.0,0.0,487.32
2026-07-27,A. 0,Control,4432,23.77,23.77,0.0,2.79,20.98,105335.0,0.0,23.77
2026-07-27,A. 0,Variant,4578,21.54,18.68,2.86,2.53,19.01,98605.73015873015,0.02,21.55
2026-07-27,B. 1-9,Control,8636,51.94,50.76,1.18,40.74,11.2,448533.0,0.0,51.94
2026-07-27,B. 1-9,Variant,8526,48.08,46.97,1.11,40.57,7.51,409896.2435881114,0.61,48.69
2026-07-27,C. 10-19,Control,6552,110.72,106.44,4.28,97.76,12.96,725407.0,0.0,110.72
2026-07-27,C. 10-19,Variant,6444,111.71,106.67,5.04,98.33,13.38,719864.961859783,1.95,113.66
2026-07-27,D. 20-39,Control,4866,196.1,181.1,15.0,178.02,18.08,954220.0,0.0,196.1
2026-07-27,D. 20-39,Variant,5217,197.11,186.73,10.39,174.19,22.92,1028347.0799689672,3.32,200.44
2026-07-27,E. 40-99,Control,3113,371.51,348.18,23.32,351.4,20.11,1156499.0,0.0,371.51
2026-07-27,E. 40-99,Variant,3070,356.15,335.29,20.86,332.1,24.05,1093382.8186529526,5.29,361.44
2026-07-27,F. 100+,Control,447,751.94,720.06,31.88,735.57,16.37,336119.0,0.0,751.94
2026-07-27,F. 100+,Variant,391,619.62,587.91,31.71,593.22,26.4,242272.90004214205,10.38,630.01
2026-07-28,A. 0,Control,4791,32.21,27.4,4.81,20.03,12.18,154314.0,0.0,32.21
2026-07-28,A. 0,Variant,4796,31.72,28.23,3.48,24.29,7.43,152111.31768833182,5.31,37.02
2026-07-28,B. 1-9,Control,8266,41.06,39.9,1.17,40.85,0.22,339443.0,0.0,41.06
2026-07-28,B. 1-9,Variant,8086,34.37,33.06,1.31,36.65,-2.28,277926.99408924405,0.65,35.02
2026-07-28,C. 10-19,Control,6351,94.31,89.13,5.19,90.44,3.87,598988.0,0.0,94.31
2026-07-28,C. 10-19,Variant,6300,77.08,72.06,5.02,85.83,-8.75,485632.5807327242,1.82,78.9
2026-07-28,D. 20-39,Control,4936,172.06,161.37,10.69,165.96,6.1,849290.0,0.0,172.06
2026-07-28,D. 20-39,Variant,5062,130.02,120.79,9.23,140.2,-10.18,658154.9598337397,2.38,132.4
2026-07-28,E. 40-99,Control,3112,347.83,327.51,20.32,322.73,25.1,1082457.2857142857,0.0,347.84
2026-07-28,E. 40-99,Variant,2933,233.68,213.12,20.56,257.6,-23.92,685393.3241257435,3.07,236.75
2026-07-28,F. 100+,Control,476,711.97,672.27,39.71,676.37,35.61,338899.0,0.0,711.97
2026-07-28,F. 100+,Variant,416,493.05,460.96,32.09,533.89,-40.84,205109.6197512109,13.43,506.48
2026-07-29,A. 0,Control,5103,26.64,19.9,6.74,25.53,1.1,135935.0,0.0,26.64
2026-07-29,A. 0,Variant,5000,48.93,44.21,4.72,42.14,6.79,244634.3906761098,40.81,89.74
2026-07-29,B. 1-9,Control,8116,37.89,36.08,1.81,37.97,-0.08,307546.0,0.0,37.89
2026-07-29,B. 1-9,Variant,7878,32.22,31.07,1.16,32.66,-0.44,253832.44230769228,0.76,32.98
2026-07-29,C. 10-19,Control,6108,79.49,74.55,4.94,82.78,-3.3,485499.0,0.0,79.49
2026-07-29,C. 10-19,Variant,6103,73.47,66.25,7.23,77.92,-4.45,448417.68516777334,1.35,74.82
2026-07-29,D. 20-39,Control,4708,142.3,130.62,11.68,153.47,-11.17,669947.0,0.0,142.3
2026-07-29,D. 20-39,Variant,4917,132.49,125.17,7.32,140.3,-7.81,651456.5760782629,1.72,134.21
2026-07-29,E. 40-99,Control,3077,267.02,245.4,21.63,311.8,-44.77,821632.0,0.0,267.02
2026-07-29,E. 40-99,Variant,3033,300.02,268.73,31.29,281.09,18.93,909970.7976578944,6.68,306.71
2026-07-29,F. 100+,Control,460,551.25,517.99,33.26,616.41,-65.16,253577.0,0.0,551.25
2026-07-29,F. 100+,Variant,438,575.51,554.5,21.0,541.67,33.84,252071.47536138035,310.77,886.28
2026-07-30,A. 0,Control,5321,62.97,56.02,6.95,38.8,24.18,335089.0,0.0,62.97
2026-07-30,A. 0,Variant,5121,56.58,51.27,5.31,42.68,13.9,289739.0633280743,132.85,189.42
2026-07-30,B. 1-9,Control,7790,37.39,36.34,1.05,37.81,-0.42,291265.0,0.0,37.39
2026-07-30,B. 1-9,Variant,7415,31.16,30.01,1.15,33.28,-2.12,231063.1666666667,0.66,31.83
2026-07-30,C. 10-19,Control,5750,92.33,87.5,4.83,85.63,6.7,530922.0,0.0,92.33
2026-07-30,C. 10-19,Variant,5733,69.95,64.08,5.87,73.05,-3.1,401031.10498273646,1.01,70.96
2026-07-30,D. 20-39,Control,4564,176.44,164.22,12.22,164.38,12.05,805261.0,0.0,176.44
2026-07-30,D. 20-39,Variant,4703,128.5,119.02,9.48,131.05,-2.56,604327.7303578774,1.54,130.04
2026-07-30,E. 40-99,Control,3059,369.29,349.69,19.6,338.56,30.73,1129666.7142857143,0.0,369.29
2026-07-30,E. 40-99,Variant,2956,252.09,237.76,14.33,244.2,7.89,745177.0929979425,4.77,256.86
2026-07-30,F. 100+,Control,429,774.41,732.1,42.31,668.41,105.99,332220.0,0.0,774.41
2026-07-30,F. 100+,Variant,409,588.98,557.69,31.3,546.82,42.16,240893.64835595834,1176.45,1765.43
2026-07-31,A. 0,Control,5125,64.06,54.81,9.25,41.64,22.42,328320.0,0.0,64.06
2026-07-31,A. 0,Variant,5127,82.62,75.22,7.4,52.17,30.46,423614.46459161857,12.6,95.23
2026-07-31,B. 1-9,Control,7662,60.32,58.42,1.9,46.06,14.25,462156.0,0.0,60.32
2026-07-31,B. 1-9,Variant,7427,51.01,49.5,1.51,40.68,10.33,378873.37728937727,0.09,51.1
2026-07-31,C. 10-19,Control,5613,119.31,113.53,5.78,99.15,20.16,669683.0,0.0,119.31
2026-07-31,C. 10-19,Variant,5650,103.98,99.6,4.38,87.84,16.14,587478.3267259058,0.07,104.05
2026-07-31,D. 20-39,Control,4544,189.68,180.12,9.56,166.91,22.77,861903.0,0.0,189.68
2026-07-31,D. 20-39,Variant,4645,179.77,170.23,9.54,151.97,27.8,835036.6501668267,0.13,179.91
2026-07-31,E. 40-99,Control,3036,332.28,312.77,19.52,318.74,13.54,1008813.0,0.0,332.28
2026-07-31,E. 40-99,Variant,2886,353.51,334.01,19.51,317.07,36.45,1020240.7693202188,2.35,355.87
2026-07-31,F. 100+,Control,422,687.95,663.9,24.05,633.41,54.54,290315.0,0.0,687.95
2026-07-31,F. 100+,Variant,428,689.36,635.04,54.32,606.43,82.94,295046.91931808245,80.16,769.52
2026-08-01,A. 0,Control,5311,63.76,53.27,10.49,44.34,19.41,338613.0,0.0,63.76
2026-08-01,A. 0,Variant,5384,54.74,47.97,6.77,47.45,7.29,294718.0,0.0,54.74
2026-08-01,B. 1-9,Control,7518,49.2,47.62,1.58,43.43,5.77,369903.0,0.0,49.2
2026-08-01,B. 1-9,Variant,7366,36.71,35.65,1.06,37.81,-1.1,270373.0714285714,0.01,36.72
2026-08-01,C. 10-19,Control,5512,100.49,95.77,4.73,94.88,5.61,553919.0,0.0,100.49
2026-08-01,C. 10-19,Variant,5387,78.53,72.39,6.14,81.67,-3.14,423048.23809523805,0.02,78.55
2026-08-01,D. 20-39,Control,4529,175.13,164.09,11.04,162.85,12.28,793149.0,0.0,175.13
2026-08-01,D. 20-39,Variant,4650,136.13,125.87,10.26,141.27,-5.14,633008.2857142857,0.01,136.14
2026-08-01,E. 40-99,Control,2964,328.79,311.5,17.29,301.37,27.43,974541.0,0.0,328.79
2026-08-01,E. 40-99,Variant,2785,265.56,242.79,22.76,270.63,-5.07,739576.0,0.02,265.58
2026-08-01,F. 100+,Control,441,688.44,652.05,36.39,676.64,11.8,303604.0,0.0,688.44
2026-08-01,F. 100+,Variant,407,494.36,465.49,28.87,505.41,-11.05,201203.0,0.0,494.36
2026-08-02,A. 0,Control,5266,40.78,33.02,7.77,35.38,5.41,214769.0,0.0,40.78
2026-08-02,A. 0,Variant,5384,52.13,44.72,7.41,43.85,8.28,280655.0,0.0,52.13
2026-08-02,B. 1-9,Control,7596,42.99,41.69,1.3,42.64,0.35,326570.0,0.0,42.99
2026-08-02,B. 1-9,Variant,7387,33.6,31.86,1.74,36.63,-3.02,248231.66666666666,0.01,33.61
2026-08-02,C. 10-19,Control,5534,89.63,83.6,6.04,87.94,1.69,496030.0,0.0,89.63
2026-08-02,C. 10-19,Variant,5541,72.85,68.07,4.78,75.92,-3.07,403649.5,0.01,72.86
2026-08-02,D. 20-39,Control,4544,151.7,142.19,9.52,156.08,-4.38,689336.0,0.0,151.7
2026-08-02,D. 20-39,Variant,4663,131.48,121.5,9.98,134.63,-3.16,613080.0,0.01,131.48
2026-08-02,E. 40-99,Control,3033,275.56,255.89,19.67,282.34,-6.79,835770.0,0.0,275.56
2026-08-02,E. 40-99,Variant,2790,260.35,235.69,24.66,262.37,-2.02,726372.7142857143,0.04,260.39
2026-08-02,F. 100+,Control,448,581.41,552.17,29.24,553.35,28.06,260470.0,0.0,581.41
2026-08-02,F. 100+,Variant,442,514.5,474.45,40.05,505.77,8.73,227409.0,0.0,514.5
2026-08-03,A. 0,Control,4074,25.98,25.93,0.05,3.01,22.97,105836.0,0.0,25.98
2026-08-03,A. 0,Variant,3994,21.34,20.34,1.0,2.33,19.01,85230.23809523809,0.01,21.35
2026-08-03,B. 1-9,Control,7328,62.77,61.68,1.09,49.89,12.88,459976.0,0.0,62.77
2026-08-03,B. 1-9,Variant,7260,56.59,55.19,1.4,45.87,10.72,410844.1999867384,0.95,57.54
2026-08-03,C. 10-19,Control,5776,119.97,115.81,4.16,103.12,16.85,692926.0,0.0,119.97
2026-08-03,C. 10-19,Variant,5893,117.17,109.62,7.54,95.77,21.4,690453.8358530874,2.22,119.39
2026-08-03,D. 20-39,Control,4815,211.2,197.37,13.83,187.95,23.25,1016950.0,0.0,211.2
2026-08-03,D. 20-39,Variant,4900,192.62,181.85,10.77,174.16,18.45,943815.5653013472,3.59,196.21
2026-08-03,E. 40-99,Control,3169,379.5,359.16,20.34,338.1,41.4,1202635.0,0.0,379.5
2026-08-03,E. 40-99,Variant,3032,346.32,330.09,16.23,308.81,37.52,1050046.391112064,5.54,351.86
2026-08-03,F. 100+,Control,435,797.29,750.63,46.67,729.66,67.64,346823.0,0.0,797.29
2026-08-03,F. 100+,Variant,417,621.22,601.56,19.66,551.2,70.02,259048.77469177352,11.68,632.9
2026-08-04,A. 0,Control,4495,44.06,39.6,4.46,26.01,18.05,198057.0,0.0,44.06
2026-08-04,A. 0,Variant,4433,34.57,30.87,3.7,26.61,7.96,153248.1923036686,2.29,36.86
2026-08-04,B. 1-9,Control,7437,47.58,46.08,1.51,43.2,4.39,353884.0,0.0,47.58
2026-08-04,B. 1-9,Variant,7344,39.71,38.42,1.29,39.69,0.02,291631.9274891773,0.82,40.53
2026-08-04,C. 10-19,Control,5808,101.85,95.81,6.03,94.86,6.99,591524.0,0.0,101.85
2026-08-04,C. 10-19,Variant,5839,81.5,75.95,5.56,81.25,0.26,475895.15696068614,2.01,83.51
2026-08-04,D. 20-39,Control,4883,178.73,169.47,9.26,161.38,17.35,872724.0,0.0,178.73
2026-08-04,D. 20-39,Variant,4917,129.03,120.0,9.03,142.93,-13.91,634418.6313570857,2.36,131.39
2026-08-04,E. 40-99,Control,3031,355.05,334.85,20.2,325.31,29.74,1076153.0,0.0,355.05
2026-08-04,E. 40-99,Variant,2920,231.63,213.94,17.69,245.05,-13.43,676346.0899256518,2.97,234.6
2026-08-04,F. 100+,Control,403,755.78,721.17,34.62,665.38,90.4,304581.0,0.0,755.78
2026-08-04,F. 100+,Variant,394,461.21,415.4,45.81,465.23,-4.02,181717.64506252852,12.5,473.72
2026-08-05,A. 0,Control,4810,34.87,29.2,5.68,28.75,6.12,167738.0,0.0,34.87
2026-08-05,A. 0,Variant,4733,52.02,46.11,5.92,40.85,11.17,246219.7394146801,44.61,96.63
2026-08-05,B. 1-9,Control,7431,40.99,39.55,1.45,40.12,0.87,304616.0,0.0,40.99
2026-08-05,B. 1-9,Variant,7277,34.55,33.0,1.56,35.5,-0.94,251445.60497835497,0.9,35.45
2026-08-05,C. 10-19,Control,5653,83.64,79.85,3.79,86.02,-2.38,472815.0,0.0,83.64
2026-08-05,C. 10-19,Variant,5753,82.21,70.3,11.91,76.26,5.94,472945.9218036865,1.43,83.64
2026-08-05,D. 20-39,Control,4705,145.83,135.89,9.95,153.13,-7.3,686153.0,0.01,145.85
2026-08-05,D. 20-39,Variant,4710,135.86,126.79,9.08,137.86,-1.99,639912.679855439,1.8,137.66
2026-08-05,E. 40-99,Control,3010,275.41,257.36,18.06,288.94,-13.52,828990.0,0.0,275.41
2026-08-05,E. 40-99,Variant,2903,280.67,266.77,13.9,283.16,-2.48,814789.1192148322,2.7,283.37
2026-08-05,F. 100+,Control,408,618.92,588.41,30.51,599.63,19.29,252521.0,0.0,618.92
2026-08-05,F. 100+,Variant,421,576.32,539.85,36.46,542.87,33.44,242628.62316437243,242.47,818.79
2026-08-06,A. 0,Control,5113,54.16,43.91,10.25,37.68,16.48,276901.0,0.0,54.16
2026-08-06,A. 0,Variant,5032,45.44,38.47,6.98,38.05,7.39,228660.7132237626,204.22,249.67
2026-08-06,B. 1-9,Control,7361,40.56,39.1,1.46,40.58,-0.02,298587.0,0.0,40.56
2026-08-06,B. 1-9,Variant,7378,34.4,32.28,2.11,35.79,-1.39,253795.446969697,0.72,35.12
2026-08-06,C. 10-19,Control,5621,90.98,86.65,4.33,88.57,2.41,511395.0,0.0,90.98
2026-08-06,C. 10-19,Variant,5682,71.01,64.84,6.18,74.86,-3.84,403503.6878660554,1.09,72.11
2026-08-06,D. 20-39,Control,4668,170.01,158.36,11.65,158.71,11.3,793593.0,0.0,170.01
2026-08-06,D. 20-39,Variant,4775,120.94,112.63,8.31,127.97,-7.03,577495.6609375278,1.3,122.24
2026-08-06,E. 40-99,Control,3018,343.58,322.94,20.64,330.19,13.4,1036928.0,0.0,343.58
2026-08-06,E. 40-99,Variant,2911,221.05,201.81,19.24,248.32,-27.27,643467.5418425855,12.63,233.68
2026-08-06,F. 100+,Control,431,724.27,675.43,48.84,691.53,32.74,312159.0,0.0,724.27
2026-08-06,F. 100+,Variant,423,482.25,452.11,30.14,463.83,18.42,203992.33404486123,851.35,1333.6
2026-08-07,A. 0,Control,4859,61.95,50.28,11.67,42.28,19.66,300997.0,0.0,61.95
2026-08-07,A. 0,Variant,5025,84.86,79.52,5.34,52.41,32.45,426424.06712566526,19.48,104.34
2026-08-07,B. 1-9,Control,7515,59.25,57.75,1.5,45.6,13.65,445267.0,0.0,59.25
2026-08-07,B. 1-9,Variant,7399,49.66,48.56,1.11,40.15,9.51,367459.9761904762,0.1,49.76
2026-08-07,C. 10-19,Control,5686,117.6,113.06,4.54,97.56,20.04,668648.0,0.0,117.6
2026-08-07,C. 10-19,Variant,5738,102.84,98.22,4.63,84.89,17.95,590123.0595238095,0.12,102.96
2026-08-07,D. 20-39,Control,4874,183.6,176.97,6.63,163.06,20.54,894853.0,0.0,183.6
2026-08-07,D. 20-39,Variant,4827,183.65,171.9,11.75,153.12,30.54,886498.7640692642,0.12,183.77
2026-08-07,E. 40-99,Control,3124,324.91,305.59,19.32,313.62,11.29,1015010.0,0.0,324.91
2026-08-07,E. 40-99,Variant,2950,337.45,321.97,15.48,294.15,43.29,995469.0084691998,0.21,337.66
2026-08-07,F. 100+,Control,432,673.39,627.32,46.06,650.93,22.46,290904.0,0.0,673.39
2026-08-07,F. 100+,Variant,439,664.17,625.77,38.39,595.79,68.38,291568.97936989175,83.09,747.26
2026-08-08,A. 0,Control,5161,53.97,47.2,6.77,39.36,14.61,278537.0,0.0,53.97
2026-08-08,A. 0,Variant,5140,56.43,51.54,4.89,43.75,12.69,290061.0,0.0,56.44
2026-08-08,B. 1-9,Control,7572,47.18,45.74,1.44,44.18,3.0,357250.0,0.0,47.18
2026-08-08,B. 1-9,Variant,7420,38.72,36.18,2.54,36.79,1.94,287308.3333333333,0.03,38.75
2026-08-08,C. 10-19,Control,5815,97.69,92.84,4.85,92.09,5.6,568044.0,0.0,97.69
2026-08-08,C. 10-19,Variant,5766,76.63,70.92,5.71,76.29,0.34,441847.5,0.01,76.64
2026-08-08,D. 20-39,Control,4933,166.63,158.24,8.38,154.76,11.86,821963.0,0.0,166.63
2026-08-08,D. 20-39,Variant,4960,135.04,124.83,10.21,134.87,0.18,669823.0714285714,0.01,135.06
2026-08-08,E. 40-99,Control,3274,331.79,314.44,17.35,311.59,20.2,1086287.0,0.0,331.79
2026-08-08,E. 40-99,Variant,3161,253.01,236.71,16.31,257.8,-4.78,799779.5714285714,0.01,253.02
2026-08-08,F. 100+,Control,497,698.33,653.97,44.37,667.91,30.42,347071.0,0.0,698.33
2026-08-08,F. 100+,Variant,494,544.04,507.4,36.64,545.55,-1.5,268757.0,0.0,544.04
2026-08-09,A. 0,Control,5112,37.78,28.22,9.56,35.94,1.83,193108.0,0.0,37.78
2026-08-09,A. 0,Variant,5301,53.46,47.07,6.39,44.03,9.43,283377.0,0.0,53.46
2026-08-09,B. 1-9,Control,7527,44.5,41.61,2.89,43.42,1.07,334938.0,0.0,44.5
2026-08-09,B. 1-9,Variant,7378,32.96,31.33,1.63,35.69,-2.73,243173.2380952381,0.02,32.98
2026-08-09,C. 10-19,Control,5851,88.79,82.62,6.17,87.98,0.81,519492.0,0.0,88.79
2026-08-09,C. 10-19,Variant,5866,73.01,69.25,3.76,75.78,-2.76,428288.21428571426,0.02,73.03
2026-08-09,D. 20-39,Control,4954,146.41,138.7,7.71,155.31,-8.9,725296.0,0.0,146.41
2026-08-09,D. 20-39,Variant,5111,127.46,118.11,9.35,133.55,-6.08,651466.8461538461,0.01,127.48
2026-08-09,E. 40-99,Control,3337,280.9,255.82,25.07,295.73,-14.83,937353.0,0.0,280.9
2026-08-09,E. 40-99,Variant,3109,248.27,234.9,13.36,247.6,0.66,771865.0,0.0,248.27
2026-08-09,F. 100+,Control,513,629.2,533.68,95.52,630.6,-1.41,322778.0,0.0,629.2
2026-08-09,F. 100+,Variant,523,514.68,486.57,28.11,497.8,16.88,269176.0,0.01,514.69
2026-08-10,A. 0,Control,4087,27.93,27.77,0.16,3.6,24.33,114152.0,0.0,27.93
2026-08-10,A. 0,Variant,4066,22.16,21.64,0.52,4.02,18.14,90101.0,0.04,22.2
2026-08-10,B. 1-9,Control,7404,63.4,62.0,1.4,51.03,12.38,469431.0,0.0,63.4
2026-08-10,B. 1-9,Variant,7304,59.84,58.19,1.65,46.17,13.67,437081.8181818182,0.84,60.69
2026-08-10,C. 10-19,Control,6245,115.86,111.48,4.38,102.23,13.64,723569.0,0.0,115.86
2026-08-10,C. 10-19,Variant,6225,114.6,108.36,6.23,94.62,19.98,713363.1428571428,2.12,116.71
2026-08-10,D. 20-39,Control,5236,193.61,184.23,9.38,177.09,16.52,1013744.0,0.0,193.61
2026-08-10,D. 20-39,Variant,5353,188.47,177.93,10.54,169.97,18.5,1008861.0,3.87,192.34
2026-08-10,E. 40-99,Control,3434,379.3,347.33,31.97,364.6,14.7,1302525.0,0.0,379.3
2026-08-10,E. 40-99,Variant,3390,342.46,327.97,14.5,305.81,36.65,1160954.0,5.73,348.19
2026-08-10,F. 100+,Control,529,770.3,697.9,72.4,720.7,49.6,407491.0,0.0,770.3
2026-08-10,F. 100+,Variant,501,628.24,602.79,25.45,565.87,62.37,314747.0,10.8,639.04
