ab_group,resource_category,resource,unit,source_detail,action,source_main,player_days,gainer_days,amount_gained,amount_gained_free,amount_gained_paid,amount_per_active_player_day,pct_of_resource_gained
Control,Avatar,Avatar,items,saga_progression,chapter_complete,core,4096.0,2444.0,7837.0,,,1.913,99.97
Control,Avatar,Avatar,items,single_collection,reward_event,meta,4096.0,1.0,1.0,,,0.0,0.01
Control,Avatar,Avatar,items,dream_pass_event,reward_event,meta,4096.0,1.0,1.0,,,0.0,0.01
Control,currency,HardCoin,coins,saga_progression,chapter_complete,core,4096.0,4056.0,1092390.0,1092390.0,0.0,266.697,38.4
Control,currency,HardCoin,coins,player_level_up,reward_chest,core,4096.0,3867.0,707605.0,707605.0,0.0,172.755,24.87
Control,currency,HardCoin,coins,single_collection,reward_event,meta,4096.0,609.0,104050.0,104050.0,0.0,25.403,3.66
Control,currency,HardCoin,coins,dream_pass_event,reward_event,meta,4096.0,1371.0,80950.0,80950.0,0.0,19.763,2.85
Control,currency,HardCoin,coins,daily_reward,daily_reward,core,4096.0,2212.0,75730.0,75730.0,0.0,18.489,2.66
Control,currency,HardCoin,coins,river_rush,reward_event,meta,4096.0,400.0,74040.0,74040.0,0.0,18.076,2.6
Control,currency,HardCoin,coins,race_event,reward_event,meta,4096.0,984.0,70425.0,70425.0,0.0,17.194,2.48
Control,currency,HardCoin,coins,ArcheryArena,reward_event,meta,4096.0,287.0,47550.0,47550.0,0.0,11.609,1.67
Control,currency,HardCoin,coins,Jigsaw,reward_event,meta,4096.0,943.0,47475.0,47475.0,0.0,11.591,1.67
Control,currency,HardCoin,coins,red_event,reward_event,meta,4096.0,284.0,46950.0,46950.0,0.0,11.462,1.65
Control,currency,HardCoin,coins,Hatchling Hideaway,event_reward,meta,4096.0,1007.0,46205.0,46205.0,0.0,11.281,1.62
Control,currency,HardCoin,coins,bomb_event,reward_event,meta,4096.0,277.0,43150.0,43150.0,0.0,10.535,1.52
Control,currency,HardCoin,coins,team_versus,reward_event,meta,4096.0,340.0,34100.0,34100.0,0.0,8.325,1.2
Control,currency,HardCoin,coins,team_collection,reward_event,meta,4096.0,245.0,33540.0,33540.0,0.0,8.188,1.18
Control,currency,HardCoin,coins,reward_chest,reward_chest,other,4096.0,277.0,32920.0,32920.0,0.0,8.037,1.16
Control,currency,HardCoin,coins,bundle_3_with_prelevel_boosters_tier3,purchase,purchase,4096.0,12.0,32000.0,0.0,32000.0,7.813,1.12
Control,currency,HardCoin,coins,team_versus_contribution,reward_event,meta,4096.0,419.0,25230.0,25230.0,0.0,6.16,0.89
Control,currency,HardCoin,coins,xs_coins2,purchase,purchase,4096.0,54.0,23200.0,0.0,23200.0,5.664,0.82
Control,currency,HardCoin,coins,ad_chest,ad_chest,ads,4096.0,928.0,22615.0,22615.0,0.0,5.521,0.79
Control,currency,HardCoin,coins,bundle_1_with_prelevel_boosters_tier3,purchase,purchase,4096.0,38.0,19200.0,0.0,19200.0,4.688,0.67
Control,currency,HardCoin,coins,facebook_like,facebook_like,other,4096.0,160.0,19000.0,19000.0,0.0,4.639,0.67
Control,currency,HardCoin,coins,xs_coins_tier3,purchase,purchase,4096.0,47.0,15600.0,0.0,15600.0,3.809,0.55
Control,currency,HardCoin,coins,m_coins_tier3,purchase,purchase,4096.0,8.0,15000.0,0.0,15000.0,3.662,0.53
Control,currency,HardCoin,coins,bomb_ballet_event,reward_event,meta,4096.0,383.0,13750.0,13750.0,0.0,3.357,0.48
Control,currency,HardCoin,coins,s_coins_tier3,purchase,purchase,4096.0,11.0,12000.0,0.0,12000.0,2.93,0.42
Control,currency,HardCoin,coins,special_offer1_tier3,purchase,purchase,4096.0,37.0,11100.0,0.0,11100.0,2.71,0.39
Control,currency,HardCoin,coins,kite_festival_event,reward_event,meta,4096.0,40.0,10100.0,10100.0,0.0,2.466,0.36
Control,currency,HardCoin,coins,bundle_2_with_prelevel_boosters2,purchase,purchase,4096.0,7.0,7500.0,0.0,7500.0,1.831,0.26
Control,currency,HardCoin,coins,bundle_2_with_prelevel_boosters_tier3,purchase,purchase,4096.0,12.0,7000.0,0.0,7000.0,1.709,0.25
Control,currency,HardCoin,coins,special_offer1,purchase,purchase,4096.0,23.0,6900.0,0.0,6900.0,1.685,0.24
Control,currency,HardCoin,coins,rolling_offer_p349_tier3,purchase,purchase,4096.0,8.0,4400.0,0.0,4400.0,1.074,0.15
Control,currency,HardCoin,coins,bundle_4_with_prelevel_boosters_tier3,purchase,purchase,4096.0,2.0,4000.0,0.0,4000.0,0.977,0.14
Control,currency,HardCoin,coins,offer_free_items,rolling_offer,meta,4096.0,28.0,3750.0,3750.0,0.0,0.916,0.13
Control,currency,HardCoin,coins,rolling_offer_tier1_p799_tier3,purchase,purchase,4096.0,3.0,3300.0,0.0,3300.0,0.806,0.12
Control,currency,HardCoin,coins,rolling_offer_tier1_p299_tier3,purchase,purchase,4096.0,8.0,3200.0,0.0,3200.0,0.781,0.11
Control,currency,HardCoin,coins,Hard_Level_Offer1,purchase,purchase,4096.0,29.0,3000.0,0.0,3000.0,0.732,0.11
Control,currency,HardCoin,coins,s_coins2,purchase,purchase,4096.0,5.0,3000.0,0.0,3000.0,0.732,0.11
Control,currency,HardCoin,coins,rolling_offer_p999_tier3,purchase,purchase,4096.0,2.0,2800.0,0.0,2800.0,0.684,0.1
Control,currency,HardCoin,coins,Hard_level_offer1_tier3,purchase,purchase,4096.0,28.0,2800.0,0.0,2800.0,0.684,0.1
Control,currency,HardCoin,coins,heart_gift,heart_gift,other,4096.0,838.0,2578.0,2578.0,0.0,0.629,0.09
Control,currency,HardCoin,coins,rolling_offer_p049_tier3,purchase,purchase,4096.0,17.0,2550.0,0.0,2550.0,0.623,0.09
Control,currency,HardCoin,coins,bundle_2_with_prelevel_boosters,purchase,purchase,4096.0,4.0,2500.0,0.0,2500.0,0.61,0.09
Control,currency,HardCoin,coins,special_offer12,purchase,purchase,4096.0,1.0,2400.0,0.0,2400.0,0.586,0.08
Control,currency,HardCoin,coins,rolling_offer_tier1_p199_tier3,purchase,purchase,4096.0,12.0,2400.0,0.0,2400.0,0.586,0.08
Control,currency,HardCoin,coins,rolling_offer_tier1_p499_VarA,purchase,purchase,4096.0,8.0,2400.0,0.0,2400.0,0.586,0.08
Control,currency,HardCoin,coins,bundle_7_with_prelevel_boosters2,purchase,purchase,4096.0,6.0,2100.0,0.0,2100.0,0.513,0.07
Control,currency,HardCoin,coins,rolling_offer_p799_VarA,purchase,purchase,4096.0,4.0,2000.0,0.0,2000.0,0.488,0.07
Control,currency,HardCoin,coins,bundle_1_with_prelevel_boosters,purchase,purchase,4096.0,9.0,1800.0,0.0,1800.0,0.439,0.06
Control,currency,HardCoin,coins,rolling_offer_tier1_p299,purchase,purchase,4096.0,9.0,1800.0,0.0,1800.0,0.439,0.06
Control,currency,HardCoin,coins,special_offer10_tier3,purchase,purchase,4096.0,3.0,1500.0,0.0,1500.0,0.366,0.05
Control,currency,HardCoin,coins,bundle_7_with_prelevel_boosters,purchase,purchase,4096.0,10.0,1500.0,0.0,1500.0,0.366,0.05
Control,currency,HardCoin,coins,rolling_offer_p099_VarA,purchase,purchase,4096.0,7.0,1400.0,0.0,1400.0,0.342,0.05
Control,currency,HardCoin,coins,bundle_7_with_prelevel_boosters_tier3,purchase,purchase,4096.0,9.0,1350.0,0.0,1350.0,0.33,0.05
Control,currency,HardCoin,coins,special_offer8,purchase,purchase,4096.0,5.0,1250.0,0.0,1250.0,0.305,0.04
Control,currency,HardCoin,coins,m_coins2,purchase,purchase,4096.0,1.0,1000.0,0.0,1000.0,0.244,0.04
Control,currency,HardCoin,coins,bundle_3_with_prelevel_boosters2,purchase,purchase,4096.0,1.0,1000.0,0.0,1000.0,0.244,0.04
Control,currency,HardCoin,coins,special_offer11_tier3,purchase,purchase,4096.0,1.0,1000.0,0.0,1000.0,0.244,0.04
Control,currency,HardCoin,coins,rolling_offer_tier1_p1499_VarA,purchase,purchase,4096.0,1.0,1000.0,0.0,1000.0,0.244,0.04
Control,currency,HardCoin,coins,special_offer10,purchase,purchase,4096.0,3.0,900.0,0.0,900.0,0.22,0.03
Control,currency,HardCoin,coins,special_offer8_tier3,purchase,purchase,4096.0,2.0,800.0,0.0,800.0,0.195,0.03
Control,currency,HardCoin,coins,great_offer1_199_tier3,purchase,purchase,4096.0,6.0,600.0,0.0,600.0,0.146,0.02
Control,currency,HardCoin,coins,great_offer1_299,purchase,purchase,4096.0,3.0,300.0,0.0,300.0,0.073,0.01
Control,currency,HardCoin,coins,special_offer9_tier3,purchase,purchase,4096.0,1.0,300.0,0.0,300.0,0.073,0.01
Control,currency,HardCoin,coins,season_pass_event,reward_event,meta,4096.0,12.0,260.0,260.0,0.0,0.063,0.01
Control,currency,HardCoin,coins,special_offer9,purchase,purchase,4096.0,1.0,250.0,0.0,250.0,0.061,0.01
Control,currency,HardCoin,coins,chuck_event,reward_event,meta,4096.0,1.0,200.0,200.0,0.0,0.049,0.01
Control,currency,HardCoin,coins,league_rank_up,league_reward,meta,4096.0,1.0,80.0,80.0,0.0,0.02,0.0
Control,currency,HardCoin,coins,event_progress,reward_event,meta,4096.0,1.0,50.0,50.0,0.0,0.012,0.0
Control,currency,HardCoin,coins,dreamheist_event,reward_event,meta,4096.0,1.0,5.0,5.0,0.0,0.001,0.0
Control,dream_pass_tokens,DreamPassToken,items,offer_free_items,rolling_offer,meta,4096.0,1175.0,60320.0,,,14.727,36.78
Control,dream_pass_tokens,DreamPassToken,items,race_event,reward_event,meta,4096.0,1140.0,57510.0,,,14.041,35.06
Control,dream_pass_tokens,DreamPassToken,items,FlockRush,event_reward,meta,4096.0,920.0,18740.0,,,4.575,11.43
Control,dream_pass_tokens,DreamPassToken,items,kite_festival_event,reward_event,meta,4096.0,52.0,15880.0,,,3.877,9.68
Control,dream_pass_tokens,DreamPassToken,items,river_rush,reward_event,meta,4096.0,211.0,11570.0,,,2.825,7.05
Control,life,life,items,ask_for_lives,ask_for_lives,other,4096.0,411.0,1830.0,,,0.447,78.37
Control,life,life,items,ad_life,ad_life,ads,4096.0,318.0,505.0,,,0.123,21.63
Control,life,liferefill,items,coin_purchase,coin_purchase,other,4096.0,370.0,3870.0,,,0.945,100.0
Control,orb,Movie_Magic,items,dream_pass_event,reward_event,meta,4096.0,1.0,1.0,,,0.0,100.0
Control,orb,Reds_Greatest_Challenge,items,dream_pass_event,reward_event,meta,4096.0,328.0,328.0,,,0.08,100.0
Control,powerup,powerup_1,items,saga_progression,chapter_complete,core,4096.0,3614.0,5071.0,,,1.238,39.82
Control,powerup,powerup_1,items,player_level_up,reward_chest,core,4096.0,2273.0,2457.0,,,0.6,19.29
Control,powerup,powerup_1,items,Hatchling Hideaway,event_reward,meta,4096.0,630.0,658.0,,,0.161,5.17
Control,powerup,powerup_1,items,river_rush,reward_event,meta,4096.0,346.0,612.0,,,0.149,4.81
Control,powerup,powerup_1,items,race_event,reward_event,meta,4096.0,500.0,508.0,,,0.124,3.99
Control,powerup,powerup_1,items,team_versus,reward_event,meta,4096.0,437.0,439.0,,,0.107,3.45
Control,powerup,powerup_1,items,single_collection,reward_event,meta,4096.0,422.0,437.0,,,0.107,3.43
Control,powerup,powerup_1,items,Jigsaw,reward_event,meta,4096.0,369.0,371.0,,,0.091,2.91
Control,powerup,powerup_1,items,team_versus_contribution,reward_event,meta,4096.0,330.0,331.0,,,0.081,2.6
Control,powerup,powerup_1,items,reward_chest,reward_chest,other,4096.0,277.0,303.0,,,0.074,2.38
Control,powerup,powerup_1,items,ad_chest,ad_chest,ads,4096.0,202.0,236.0,,,0.058,1.85
Control,powerup,powerup_1,items,ArcheryArena,reward_event,meta,4096.0,195.0,197.0,,,0.048,1.55
Control,powerup,powerup_1,items,red_event,reward_event,meta,4096.0,177.0,189.0,,,0.046,1.48
Control,powerup,powerup_1,items,bomb_event,reward_event,meta,4096.0,169.0,172.0,,,0.042,1.35
Control,powerup,powerup_1,items,team_collection,reward_event,meta,4096.0,116.0,123.0,,,0.03,0.97
Control,powerup,powerup_1,items,dream_pass_event,reward_event,meta,4096.0,45.0,113.0,,,0.028,0.89
Control,powerup,powerup_1,items,bundle_1_with_prelevel_boosters_tier3,purchase,purchase,4096.0,38.0,96.0,,,0.023,0.75
Control,powerup,powerup_1,items,bundle_3_with_prelevel_boosters_tier3,purchase,purchase,4096.0,12.0,64.0,,,0.016,0.5
Control,powerup,powerup_1,items,daily_reward,daily_reward,core,4096.0,49.0,50.0,,,0.012,0.39
Control,powerup,powerup_1,items,ingame,purchase,purchase,4096.0,15.0,45.0,,,0.011,0.35
Control,powerup,powerup_1,items,bundle_2_with_prelevel_boosters2,purchase,purchase,4096.0,7.0,30.0,,,0.007,0.24
Control,powerup,powerup_1,items,kite_festival_event,reward_event,meta,4096.0,26.0,26.0,,,0.006,0.2
Control,powerup,powerup_1,items,offer_free_items,rolling_offer,meta,4096.0,21.0,24.0,,,0.006,0.19
Control,powerup,powerup_1,items,rolling_offer_p049_tier3,purchase,purchase,4096.0,17.0,17.0,,,0.004,0.13
Control,powerup,powerup_1,items,bundle_2_with_prelevel_boosters_tier3,purchase,purchase,4096.0,12.0,14.0,,,0.003,0.11
Control,powerup,powerup_1,items,rolling_offer_tier1_p199_tier3,purchase,purchase,4096.0,12.0,12.0,,,0.003,0.09
Control,powerup,powerup_1,items,bundle_4_with_prelevel_boosters_tier3,purchase,purchase,4096.0,2.0,10.0,,,0.002,0.08
Control,powerup,powerup_1,items,bundle_7_with_prelevel_boosters,purchase,purchase,4096.0,10.0,10.0,,,0.002,0.08
Control,powerup,powerup_1,items,bomb_ballet_event,reward_event,meta,4096.0,10.0,10.0,,,0.002,0.08
Control,powerup,powerup_1,items,bundle_1_with_prelevel_boosters,purchase,purchase,4096.0,9.0,9.0,,,0.002,0.07
Control,powerup,powerup_1,items,rolling_offer_tier1_p299,purchase,purchase,4096.0,9.0,9.0,,,0.002,0.07
Control,powerup,powerup_1,items,bundle_7_with_prelevel_boosters_tier3,purchase,purchase,4096.0,9.0,9.0,,,0.002,0.07
Control,powerup,powerup_1,items,rolling_offer_p349_tier3,purchase,purchase,4096.0,8.0,8.0,,,0.002,0.06
Control,powerup,powerup_1,items,rolling_offer_tier1_p499_VarA,purchase,purchase,4096.0,8.0,8.0,,,0.002,0.06
Control,powerup,powerup_1,items,rolling_offer_tier1_p299_tier3,purchase,purchase,4096.0,8.0,8.0,,,0.002,0.06
Control,powerup,powerup_1,items,rolling_offer_p099_VarA,purchase,purchase,4096.0,7.0,7.0,,,0.002,0.05
Control,powerup,powerup_1,items,bundle_7_with_prelevel_boosters2,purchase,purchase,4096.0,6.0,7.0,,,0.002,0.05
Control,powerup,powerup_1,items,special_offer12,purchase,purchase,4096.0,1.0,6.0,,,0.001,0.05
Control,powerup,powerup_1,items,special_offer8,purchase,purchase,4096.0,5.0,5.0,,,0.001,0.04
Control,powerup,powerup_1,items,bundle_2_with_prelevel_boosters,purchase,purchase,4096.0,4.0,5.0,,,0.001,0.04
Control,powerup,powerup_1,items,rolling_offer_p799_VarA,purchase,purchase,4096.0,4.0,4.0,,,0.001,0.03
Control,powerup,powerup_1,items,bundle_3_with_prelevel_boosters2,purchase,purchase,4096.0,1.0,4.0,,,0.001,0.03
Control,powerup,powerup_1,items,rolling_offer_p999_tier3,purchase,purchase,4096.0,2.0,4.0,,,0.001,0.03
Control,powerup,powerup_1,items,special_offer10,purchase,purchase,4096.0,3.0,3.0,,,0.001,0.02
Control,powerup,powerup_1,items,rolling_offer_tier1_p799_tier3,purchase,purchase,4096.0,3.0,3.0,,,0.001,0.02
Control,powerup,powerup_1,items,special_offer10_tier3,purchase,purchase,4096.0,3.0,3.0,,,0.001,0.02
Control,powerup,powerup_1,items,special_offer11_tier3,purchase,purchase,4096.0,1.0,3.0,,,0.001,0.02
Control,powerup,powerup_1,items,special_offer8_tier3,purchase,purchase,4096.0,2.0,2.0,,,0.0,0.02
Control,powerup,powerup_1,items,special_offer9,purchase,purchase,4096.0,1.0,1.0,,,0.0,0.01
Control,powerup,powerup_1,items,chuck_event,reward_event,meta,4096.0,1.0,1.0,,,0.0,0.01
Control,powerup,powerup_1,items,special_offer9_tier3,purchase,purchase,4096.0,1.0,1.0,,,0.0,0.01
Control,powerup,powerup_1,items,rolling_offer_tier1_p1499_VarA,purchase,purchase,4096.0,1.0,1.0,,,0.0,0.01
Control,powerup,powerup_2,items,saga_progression,chapter_complete,core,4096.0,3722.0,10124.0,,,2.472,44.11
Control,powerup,powerup_2,items,player_level_up,reward_chest,core,4096.0,2902.0,6293.0,,,1.536,27.42
Control,powerup,powerup_2,items,FlockRush,event_reward,meta,4096.0,950.0,972.0,,,0.237,4.23
Control,powerup,powerup_2,items,Hatchling Hideaway,event_reward,meta,4096.0,770.0,779.0,,,0.19,3.39
Control,powerup,powerup_2,items,river_rush,reward_event,meta,4096.0,373.0,757.0,,,0.185,3.3
Control,powerup,powerup_2,items,daily_reward,daily_reward,core,4096.0,736.0,740.0,,,0.181,3.22
Control,powerup,powerup_2,items,dream_pass_event,reward_event,meta,4096.0,386.0,519.0,,,0.127,2.26
Control,powerup,powerup_2,items,ad_chest,ad_chest,ads,4096.0,386.0,472.0,,,0.115,2.06
Control,powerup,powerup_2,items,Jigsaw,reward_event,meta,4096.0,388.0,393.0,,,0.096,1.71
Control,powerup,powerup_2,items,reward_chest,reward_chest,other,4096.0,277.0,342.0,,,0.083,1.49
Control,powerup,powerup_2,items,team_collection,reward_event,meta,4096.0,147.0,280.0,,,0.068,1.22
Control,powerup,powerup_2,items,ingame,purchase,purchase,4096.0,47.0,255.0,,,0.062,1.11
Control,powerup,powerup_2,items,race_event,reward_event,meta,4096.0,200.0,203.0,,,0.05,0.88
Control,powerup,powerup_2,items,team_versus,reward_event,meta,4096.0,134.0,135.0,,,0.033,0.59
Control,powerup,powerup_2,items,offer_free_items,rolling_offer,meta,4096.0,63.0,102.0,,,0.025,0.44
Control,powerup,powerup_2,items,bundle_1_with_prelevel_boosters_tier3,purchase,purchase,4096.0,38.0,96.0,,,0.023,0.42
Control,powerup,powerup_2,items,bundle_3_with_prelevel_boosters_tier3,purchase,purchase,4096.0,12.0,64.0,,,0.016,0.28
Control,powerup,powerup_2,items,single_collection,reward_event,meta,4096.0,46.0,49.0,,,0.012,0.21
Control,powerup,powerup_2,items,bomb_ballet_event,reward_event,meta,4096.0,49.0,49.0,,,0.012,0.21
Control,powerup,powerup_2,items,bomb_event,reward_event,meta,4096.0,41.0,43.0,,,0.01,0.19
Control,powerup,powerup_2,items,team_versus_contribution,reward_event,meta,4096.0,32.0,32.0,,,0.008,0.14
Control,powerup,powerup_2,items,bundle_2_with_prelevel_boosters2,purchase,purchase,4096.0,7.0,30.0,,,0.007,0.13
Control,powerup,powerup_2,items,red_event,reward_event,meta,4096.0,20.0,21.0,,,0.005,0.09
Control,powerup,powerup_2,items,bundle_2_with_prelevel_boosters_tier3,purchase,purchase,4096.0,12.0,14.0,,,0.003,0.06
Control,powerup,powerup_2,items,rolling_offer_tier1_p199_tier3,purchase,purchase,4096.0,12.0,12.0,,,0.003,0.05
Control,powerup,powerup_2,items,special_offer12,purchase,purchase,4096.0,1.0,12.0,,,0.003,0.05
Control,powerup,powerup_2,items,ArcheryArena,reward_event,meta,4096.0,11.0,11.0,,,0.003,0.05
Control,powerup,powerup_2,items,bundle_7_with_prelevel_boosters,purchase,purchase,4096.0,10.0,10.0,,,0.002,0.04
Control,powerup,powerup_2,items,bundle_4_with_prelevel_boosters_tier3,purchase,purchase,4096.0,2.0,10.0,,,0.002,0.04
Control,powerup,powerup_2,items,special_offer8,purchase,purchase,4096.0,5.0,10.0,,,0.002,0.04
Control,powerup,powerup_2,items,special_offer10_tier3,purchase,purchase,4096.0,3.0,9.0,,,0.002,0.04
Control,powerup,powerup_2,items,bundle_7_with_prelevel_boosters_tier3,purchase,purchase,4096.0,9.0,9.0,,,0.002,0.04
Control,powerup,powerup_2,items,bundle_1_with_prelevel_boosters,purchase,purchase,4096.0,9.0,9.0,,,0.002,0.04
Control,powerup,powerup_2,items,rolling_offer_tier1_p299,purchase,purchase,4096.0,9.0,9.0,,,0.002,0.04
Control,powerup,powerup_2,items,special_offer10,purchase,purchase,4096.0,3.0,9.0,,,0.002,0.04
Control,powerup,powerup_2,items,rolling_offer_tier1_p499_VarA,purchase,purchase,4096.0,8.0,8.0,,,0.002,0.03
Control,powerup,powerup_2,items,rolling_offer_tier1_p299_tier3,purchase,purchase,4096.0,8.0,8.0,,,0.002,0.03
Control,powerup,powerup_2,items,rolling_offer_p349_tier3,purchase,purchase,4096.0,8.0,8.0,,,0.002,0.03
Control,powerup,powerup_2,items,bundle_7_with_prelevel_boosters2,purchase,purchase,4096.0,6.0,7.0,,,0.002,0.03
Control,powerup,powerup_2,items,rolling_offer_p999_tier3,purchase,purchase,4096.0,2.0,6.0,,,0.001,0.03
Control,powerup,powerup_2,items,kite_festival_event,reward_event,meta,4096.0,6.0,6.0,,,0.001,0.03
Control,powerup,powerup_2,items,rolling_offer_tier1_p799_tier3,purchase,purchase,4096.0,3.0,6.0,,,0.001,0.03
Control,powerup,powerup_2,items,bundle_2_with_prelevel_boosters,purchase,purchase,4096.0,4.0,5.0,,,0.001,0.02
Control,powerup,powerup_2,items,rolling_offer_p799_VarA,purchase,purchase,4096.0,4.0,4.0,,,0.001,0.02
Control,powerup,powerup_2,items,special_offer8_tier3,purchase,purchase,4096.0,2.0,4.0,,,0.001,0.02
Control,powerup,powerup_2,items,bundle_3_with_prelevel_boosters2,purchase,purchase,4096.0,1.0,4.0,,,0.001,0.02
Control,powerup,powerup_2,items,special_offer11_tier3,purchase,purchase,4096.0,1.0,3.0,,,0.001,0.01
Control,powerup,powerup_2,items,special_offer9,purchase,purchase,4096.0,1.0,2.0,,,0.0,0.01
Control,powerup,powerup_2,items,special_offer9_tier3,purchase,purchase,4096.0,1.0,2.0,,,0.0,0.01
Control,powerup,powerup_2,items,rolling_offer_tier1_p1499_VarA,purchase,purchase,4096.0,1.0,2.0,,,0.0,0.01
Control,powerup,powerup_2,items,chuck_event,reward_event,meta,4096.0,1.0,1.0,,,0.0,0.0
Control,powerup,powerup_2,items,league_rank_up,league_reward,meta,4096.0,1.0,1.0,,,0.0,0.0
Control,powerup,powerup_2,items,season_pass_event,reward_event,meta,4096.0,1.0,1.0,,,0.0,0.0
Control,powerup,powerup_3,items,saga_progression,chapter_complete,core,4096.0,3711.0,10163.0,,,2.481,43.21
Control,powerup,powerup_3,items,player_level_up,reward_chest,core,4096.0,3350.0,7053.0,,,1.722,29.99
Control,powerup,powerup_3,items,dream_pass_event,reward_event,meta,4096.0,986.0,1247.0,,,0.304,5.3
Control,powerup,powerup_3,items,Hatchling Hideaway,event_reward,meta,4096.0,803.0,817.0,,,0.199,3.47
Control,powerup,powerup_3,items,river_rush,reward_event,meta,4096.0,297.0,477.0,,,0.116,2.03
Control,powerup,powerup_3,items,ad_chest,ad_chest,ads,4096.0,378.0,453.0,,,0.111,1.93
Control,powerup,powerup_3,items,facebook_like,facebook_like,other,4096.0,160.0,380.0,,,0.093,1.62
Control,powerup,powerup_3,items,team_versus,reward_event,meta,4096.0,376.0,378.0,,,0.092,1.61
Control,powerup,powerup_3,items,daily_reward,daily_reward,core,4096.0,365.0,369.0,,,0.09,1.57
Control,powerup,powerup_3,items,reward_chest,reward_chest,other,4096.0,277.0,360.0,,,0.088,1.53
Control,powerup,powerup_3,items,race_event,reward_event,meta,4096.0,286.0,291.0,,,0.071,1.24
Control,powerup,powerup_3,items,single_collection,reward_event,meta,4096.0,232.0,236.0,,,0.058,1.0
Control,powerup,powerup_3,items,team_collection,reward_event,meta,4096.0,98.0,198.0,,,0.048,0.84
Control,powerup,powerup_3,items,bomb_event,reward_event,meta,4096.0,153.0,157.0,,,0.038,0.67
Control,powerup,powerup_3,items,ingame,purchase,purchase,4096.0,32.0,144.0,,,0.035,0.61
Control,powerup,powerup_3,items,red_event,reward_event,meta,4096.0,131.0,134.0,,,0.033,0.57
Control,powerup,powerup_3,items,ArcheryArena,reward_event,meta,4096.0,117.0,122.0,,,0.03,0.52
Control,powerup,powerup_3,items,bundle_1_with_prelevel_boosters_tier3,purchase,purchase,4096.0,38.0,96.0,,,0.023,0.41
Control,powerup,powerup_3,items,offer_free_items,rolling_offer,meta,4096.0,51.0,77.0,,,0.019,0.33
Control,powerup,powerup_3,items,bundle_3_with_prelevel_boosters_tier3,purchase,purchase,4096.0,12.0,64.0,,,0.016,0.27
Control,powerup,powerup_3,items,team_versus_contribution,reward_event,meta,4096.0,58.0,58.0,,,0.014,0.25
Control,powerup,powerup_3,items,bundle_2_with_prelevel_boosters2,purchase,purchase,4096.0,7.0,30.0,,,0.007,0.13
Control,powerup,powerup_3,items,kite_festival_event,reward_event,meta,4096.0,18.0,19.0,,,0.005,0.08
Control,powerup,powerup_3,items,bundle_2_with_prelevel_boosters_tier3,purchase,purchase,4096.0,12.0,14.0,,,0.003,0.06
Control,powerup,powerup_3,items,special_offer12,purchase,purchase,4096.0,1.0,12.0,,,0.003,0.05
Control,powerup,powerup_3,items,rolling_offer_tier1_p199_tier3,purchase,purchase,4096.0,12.0,12.0,,,0.003,0.05
Control,powerup,powerup_3,items,bomb_ballet_event,reward_event,meta,4096.0,10.0,10.0,,,0.002,0.04
Control,powerup,powerup_3,items,special_offer8,purchase,purchase,4096.0,5.0,10.0,,,0.002,0.04
Control,powerup,powerup_3,items,bundle_7_with_prelevel_boosters,purchase,purchase,4096.0,10.0,10.0,,,0.002,0.04
Control,powerup,powerup_3,items,bundle_4_with_prelevel_boosters_tier3,purchase,purchase,4096.0,2.0,10.0,,,0.002,0.04
Control,powerup,powerup_3,items,rolling_offer_tier1_p299,purchase,purchase,4096.0,9.0,9.0,,,0.002,0.04
Control,powerup,powerup_3,items,bundle_1_with_prelevel_boosters,purchase,purchase,4096.0,9.0,9.0,,,0.002,0.04
Control,powerup,powerup_3,items,bundle_7_with_prelevel_boosters_tier3,purchase,purchase,4096.0,9.0,9.0,,,0.002,0.04
Control,powerup,powerup_3,items,special_offer10_tier3,purchase,purchase,4096.0,3.0,9.0,,,0.002,0.04
Control,powerup,powerup_3,items,special_offer10,purchase,purchase,4096.0,3.0,9.0,,,0.002,0.04
Control,powerup,powerup_3,items,rolling_offer_tier1_p299_tier3,purchase,purchase,4096.0,8.0,8.0,,,0.002,0.03
Control,powerup,powerup_3,items,rolling_offer_tier1_p499_VarA,purchase,purchase,4096.0,8.0,8.0,,,0.002,0.03
Control,powerup,powerup_3,items,rolling_offer_p349_tier3,purchase,purchase,4096.0,8.0,8.0,,,0.002,0.03
Control,powerup,powerup_3,items,bundle_7_with_prelevel_boosters2,purchase,purchase,4096.0,6.0,7.0,,,0.002,0.03
Control,powerup,powerup_3,items,rolling_offer_tier1_p799_tier3,purchase,purchase,4096.0,3.0,6.0,,,0.001,0.03
Control,powerup,powerup_3,items,rolling_offer_p999_tier3,purchase,purchase,4096.0,2.0,6.0,,,0.001,0.03
Control,powerup,powerup_3,items,bundle_2_with_prelevel_boosters,purchase,purchase,4096.0,4.0,5.0,,,0.001,0.02
Control,powerup,powerup_3,items,special_offer8_tier3,purchase,purchase,4096.0,2.0,4.0,,,0.001,0.02
Control,powerup,powerup_3,items,bundle_3_with_prelevel_boosters2,purchase,purchase,4096.0,1.0,4.0,,,0.001,0.02
Control,powerup,powerup_3,items,rolling_offer_p799_VarA,purchase,purchase,4096.0,4.0,4.0,,,0.001,0.02
Control,powerup,powerup_3,items,league_rank_up,league_reward,meta,4096.0,2.0,3.0,,,0.001,0.01
Control,powerup,powerup_3,items,season_pass_event,reward_event,meta,4096.0,3.0,3.0,,,0.001,0.01
Control,powerup,powerup_3,items,special_offer11_tier3,purchase,purchase,4096.0,1.0,3.0,,,0.001,0.01
Control,powerup,powerup_3,items,rolling_offer_tier1_p1499_VarA,purchase,purchase,4096.0,1.0,2.0,,,0.0,0.01
Control,powerup,powerup_3,items,special_offer9,purchase,purchase,4096.0,1.0,2.0,,,0.0,0.01
Control,powerup,powerup_3,items,special_offer9_tier3,purchase,purchase,4096.0,1.0,2.0,,,0.0,0.01
Control,pre_level_booster,pre_level_booster_1,items,saga_progression,chapter_complete,core,4096.0,3918.0,21480.0,,,5.244,66.81
Control,pre_level_booster,pre_level_booster_1,items,dream_pass_event,reward_event,meta,4096.0,1079.0,3320.0,,,0.811,10.33
Control,pre_level_booster,pre_level_booster_1,items,player_level_up,reward_chest,core,4096.0,2138.0,2335.0,,,0.57,7.26
Control,pre_level_booster,pre_level_booster_1,items,offer_free_items,rolling_offer,meta,4096.0,1247.0,1291.0,,,0.315,4.02
Control,pre_level_booster,pre_level_booster_1,items,FlockRush,event_reward,meta,4096.0,950.0,972.0,,,0.237,3.02
Control,pre_level_booster,pre_level_booster_1,items,Hatchling Hideaway,event_reward,meta,4096.0,820.0,842.0,,,0.206,2.62
Control,pre_level_booster,pre_level_booster_1,items,Jigsaw,reward_event,meta,4096.0,645.0,677.0,,,0.165,2.11
Control,pre_level_booster,pre_level_booster_1,items,bomb_ballet_event,reward_event,meta,4096.0,316.0,320.0,,,0.078,1.0
Control,pre_level_booster,pre_level_booster_1,items,reward_chest,reward_chest,other,4096.0,271.0,274.0,,,0.067,0.85
Control,pre_level_booster,pre_level_booster_1,items,river_rush,reward_event,meta,4096.0,157.0,197.0,,,0.048,0.61
Control,pre_level_booster,pre_level_booster_1,items,bundle_1_with_prelevel_boosters_tier3,purchase,purchase,4096.0,38.0,96.0,,,0.023,0.3
Control,pre_level_booster,pre_level_booster_1,items,bundle_3_with_prelevel_boosters_tier3,purchase,purchase,4096.0,12.0,64.0,,,0.016,0.2
Control,pre_level_booster,pre_level_booster_1,items,ingame,purchase,purchase,4096.0,11.0,45.0,,,0.011,0.14
Control,pre_level_booster,pre_level_booster_1,items,team_versus_contribution,reward_event,meta,4096.0,32.0,32.0,,,0.008,0.1
Control,pre_level_booster,pre_level_booster_1,items,bundle_2_with_prelevel_boosters2,purchase,purchase,4096.0,7.0,30.0,,,0.007,0.09
Control,pre_level_booster,pre_level_booster_1,items,race_event,reward_event,meta,4096.0,27.0,27.0,,,0.007,0.08
Control,pre_level_booster,pre_level_booster_1,items,ad_chest,ad_chest,ads,4096.0,18.0,18.0,,,0.004,0.06
Control,pre_level_booster,pre_level_booster_1,items,season_pass_event,reward_event,meta,4096.0,9.0,15.0,,,0.004,0.05
Control,pre_level_booster,pre_level_booster_1,items,bundle_2_with_prelevel_boosters_tier3,purchase,purchase,4096.0,12.0,14.0,,,0.003,0.04
Control,pre_level_booster,pre_level_booster_1,items,rolling_offer_tier1_p199_tier3,purchase,purchase,4096.0,12.0,12.0,,,0.003,0.04
Control,pre_level_booster,pre_level_booster_1,items,bundle_4_with_prelevel_boosters_tier3,purchase,purchase,4096.0,2.0,10.0,,,0.002,0.03
Control,pre_level_booster,pre_level_booster_1,items,bundle_7_with_prelevel_boosters,purchase,purchase,4096.0,10.0,10.0,,,0.002,0.03
Control,pre_level_booster,pre_level_booster_1,items,bundle_7_with_prelevel_boosters_tier3,purchase,purchase,4096.0,9.0,9.0,,,0.002,0.03
Control,pre_level_booster,pre_level_booster_1,items,bundle_1_with_prelevel_boosters,purchase,purchase,4096.0,9.0,9.0,,,0.002,0.03
Control,pre_level_booster,pre_level_booster_1,items,rolling_offer_tier1_p299,purchase,purchase,4096.0,9.0,9.0,,,0.002,0.03
Control,pre_level_booster,pre_level_booster_1,items,rolling_offer_p349_tier3,purchase,purchase,4096.0,8.0,8.0,,,0.002,0.02
Control,pre_level_booster,pre_level_booster_1,items,rolling_offer_tier1_p299_tier3,purchase,purchase,4096.0,8.0,8.0,,,0.002,0.02
Control,pre_level_booster,pre_level_booster_1,items,bundle_7_with_prelevel_boosters2,purchase,purchase,4096.0,6.0,7.0,,,0.002,0.02
Control,pre_level_booster,pre_level_booster_1,items,bundle_2_with_prelevel_boosters,purchase,purchase,4096.0,4.0,5.0,,,0.001,0.02
Control,pre_level_booster,pre_level_booster_1,items,rolling_offer_p799_VarA,purchase,purchase,4096.0,4.0,4.0,,,0.001,0.01
Control,pre_level_booster,pre_level_booster_1,items,bundle_3_with_prelevel_boosters2,purchase,purchase,4096.0,1.0,4.0,,,0.001,0.01
Control,pre_level_booster,pre_level_booster_1,items,rolling_offer_tier1_p799_tier3,purchase,purchase,4096.0,3.0,3.0,,,0.001,0.01
Control,pre_level_booster,pre_level_booster_1,items,rolling_offer_p999_tier3,purchase,purchase,4096.0,2.0,2.0,,,0.0,0.01
Control,pre_level_booster,pre_level_booster_1,items,event_progress,reward_event,meta,4096.0,1.0,1.0,,,0.0,0.0
Control,pre_level_booster,pre_level_booster_1,items,rolling_offer_tier1_p1499_VarA,purchase,purchase,4096.0,1.0,1.0,,,0.0,0.0
Control,pre_level_booster,pre_level_booster_2,items,saga_progression,chapter_complete,core,4096.0,3921.0,21406.0,,,5.226,60.3
Control,pre_level_booster,pre_level_booster_2,items,player_level_up,reward_chest,core,4096.0,2157.0,5430.0,,,1.326,15.3
Control,pre_level_booster,pre_level_booster_2,items,dream_pass_event,reward_event,meta,4096.0,1242.0,3501.0,,,0.855,9.86
Control,pre_level_booster,pre_level_booster_2,items,offer_free_items,rolling_offer,meta,4096.0,1207.0,1253.0,,,0.306,3.53
Control,pre_level_booster,pre_level_booster_2,items,FlockRush,event_reward,meta,4096.0,950.0,972.0,,,0.237,2.74
Control,pre_level_booster,pre_level_booster_2,items,Hatchling Hideaway,event_reward,meta,4096.0,810.0,820.0,,,0.2,2.31
Control,pre_level_booster,pre_level_booster_2,items,Jigsaw,reward_event,meta,4096.0,698.0,713.0,,,0.174,2.01
Control,pre_level_booster,pre_level_booster_2,items,bomb_ballet_event,reward_event,meta,4096.0,447.0,451.0,,,0.11,1.27
Control,pre_level_booster,pre_level_booster_2,items,reward_chest,reward_chest,other,4096.0,271.0,274.0,,,0.067,0.77
Control,pre_level_booster,pre_level_booster_2,items,river_rush,reward_event,meta,4096.0,136.0,149.0,,,0.036,0.42
Control,pre_level_booster,pre_level_booster_2,items,bundle_1_with_prelevel_boosters_tier3,purchase,purchase,4096.0,38.0,96.0,,,0.023,0.27
Control,pre_level_booster,pre_level_booster_2,items,ingame,purchase,purchase,4096.0,14.0,81.0,,,0.02,0.23
Control,pre_level_booster,pre_level_booster_2,items,bundle_3_with_prelevel_boosters_tier3,purchase,purchase,4096.0,12.0,64.0,,,0.016,0.18
Control,pre_level_booster,pre_level_booster_2,items,team_versus_contribution,reward_event,meta,4096.0,58.0,58.0,,,0.014,0.16
Control,pre_level_booster,pre_level_booster_2,items,race_event,reward_event,meta,4096.0,48.0,49.0,,,0.012,0.14
Control,pre_level_booster,pre_level_booster_2,items,bundle_2_with_prelevel_boosters2,purchase,purchase,4096.0,7.0,30.0,,,0.007,0.08
Control,pre_level_booster,pre_level_booster_2,items,season_pass_event,reward_event,meta,4096.0,13.0,23.0,,,0.006,0.06
Control,pre_level_booster,pre_level_booster_2,items,bundle_2_with_prelevel_boosters_tier3,purchase,purchase,4096.0,12.0,14.0,,,0.003,0.04
Control,pre_level_booster,pre_level_booster_2,items,rolling_offer_tier1_p199_tier3,purchase,purchase,4096.0,12.0,12.0,,,0.003,0.03
Control,pre_level_booster,pre_level_booster_2,items,ad_chest,ad_chest,ads,4096.0,11.0,11.0,,,0.003,0.03
Control,pre_level_booster,pre_level_booster_2,items,bundle_4_with_prelevel_boosters_tier3,purchase,purchase,4096.0,2.0,10.0,,,0.002,0.03
Control,pre_level_booster,pre_level_booster_2,items,bundle_7_with_prelevel_boosters,purchase,purchase,4096.0,10.0,10.0,,,0.002,0.03
Control,pre_level_booster,pre_level_booster_2,items,bundle_7_with_prelevel_boosters_tier3,purchase,purchase,4096.0,9.0,9.0,,,0.002,0.03
Control,pre_level_booster,pre_level_booster_2,items,rolling_offer_tier1_p299,purchase,purchase,4096.0,9.0,9.0,,,0.002,0.03
Control,pre_level_booster,pre_level_booster_2,items,bundle_1_with_prelevel_boosters,purchase,purchase,4096.0,9.0,9.0,,,0.002,0.03
Control,pre_level_booster,pre_level_booster_2,items,rolling_offer_p349_tier3,purchase,purchase,4096.0,8.0,8.0,,,0.002,0.02
Control,pre_level_booster,pre_level_booster_2,items,rolling_offer_tier1_p299_tier3,purchase,purchase,4096.0,8.0,8.0,,,0.002,0.02
Control,pre_level_booster,pre_level_booster_2,items,bundle_7_with_prelevel_boosters2,purchase,purchase,4096.0,6.0,7.0,,,0.002,0.02
Control,pre_level_booster,pre_level_booster_2,items,bundle_2_with_prelevel_boosters,purchase,purchase,4096.0,4.0,5.0,,,0.001,0.01
Control,pre_level_booster,pre_level_booster_2,items,rolling_offer_p799_VarA,purchase,purchase,4096.0,4.0,4.0,,,0.001,0.01
Control,pre_level_booster,pre_level_booster_2,items,bundle_3_with_prelevel_boosters2,purchase,purchase,4096.0,1.0,4.0,,,0.001,0.01
Control,pre_level_booster,pre_level_booster_2,items,kite_festival_event,reward_event,meta,4096.0,3.0,3.0,,,0.001,0.01
Control,pre_level_booster,pre_level_booster_2,items,rolling_offer_tier1_p799_tier3,purchase,purchase,4096.0,3.0,3.0,,,0.001,0.01
Control,pre_level_booster,pre_level_booster_2,items,rolling_offer_p999_tier3,purchase,purchase,4096.0,2.0,2.0,,,0.0,0.01
Control,pre_level_booster,pre_level_booster_2,items,rolling_offer_tier1_p1499_VarA,purchase,purchase,4096.0,1.0,1.0,,,0.0,0.0
Control,pre_level_booster,pre_level_booster_2,items,event_progress,reward_event,meta,4096.0,1.0,1.0,,,0.0,0.0
Control,pre_level_booster,pre_level_booster_3,items,saga_progression,chapter_complete,core,4096.0,3614.0,5072.0,,,1.238,32.79
Control,pre_level_booster,pre_level_booster_3,items,player_level_up,reward_chest,core,4096.0,2136.0,4270.0,,,1.042,27.6
Control,pre_level_booster,pre_level_booster_3,items,offer_free_items,rolling_offer,meta,4096.0,1200.0,1242.0,,,0.303,8.03
Control,pre_level_booster,pre_level_booster_3,items,dream_pass_event,reward_event,meta,4096.0,762.0,1131.0,,,0.276,7.31
Control,pre_level_booster,pre_level_booster_3,items,FlockRush,event_reward,meta,4096.0,950.0,972.0,,,0.237,6.28
Control,pre_level_booster,pre_level_booster_3,items,Hatchling Hideaway,event_reward,meta,4096.0,803.0,817.0,,,0.199,5.28
Control,pre_level_booster,pre_level_booster_3,items,Jigsaw,reward_event,meta,4096.0,369.0,371.0,,,0.091,2.4
Control,pre_level_booster,pre_level_booster_3,items,team_versus_contribution,reward_event,meta,4096.0,330.0,331.0,,,0.081,2.14
Control,pre_level_booster,pre_level_booster_3,items,river_rush,reward_event,meta,4096.0,239.0,315.0,,,0.077,2.04
Control,pre_level_booster,pre_level_booster_3,items,reward_chest,reward_chest,other,4096.0,271.0,274.0,,,0.067,1.77
Control,pre_level_booster,pre_level_booster_3,items,ingame,purchase,purchase,4096.0,14.0,213.0,,,0.052,1.38
Control,pre_level_booster,pre_level_booster_3,items,race_event,reward_event,meta,4096.0,136.0,138.0,,,0.034,0.89
Control,pre_level_booster,pre_level_booster_3,items,bundle_1_with_prelevel_boosters_tier3,purchase,purchase,4096.0,38.0,96.0,,,0.023,0.62
Control,pre_level_booster,pre_level_booster_3,items,bundle_3_with_prelevel_boosters_tier3,purchase,purchase,4096.0,12.0,64.0,,,0.016,0.41
Control,pre_level_booster,pre_level_booster_3,items,bundle_2_with_prelevel_boosters2,purchase,purchase,4096.0,7.0,30.0,,,0.007,0.19
Control,pre_level_booster,pre_level_booster_3,items,bundle_2_with_prelevel_boosters_tier3,purchase,purchase,4096.0,12.0,14.0,,,0.003,0.09
Control,pre_level_booster,pre_level_booster_3,items,rolling_offer_tier1_p199_tier3,purchase,purchase,4096.0,12.0,12.0,,,0.003,0.08
Control,pre_level_booster,pre_level_booster_3,items,bomb_ballet_event,reward_event,meta,4096.0,10.0,10.0,,,0.002,0.06
Control,pre_level_booster,pre_level_booster_3,items,bundle_7_with_prelevel_boosters,purchase,purchase,4096.0,10.0,10.0,,,0.002,0.06
Control,pre_level_booster,pre_level_booster_3,items,bundle_4_with_prelevel_boosters_tier3,purchase,purchase,4096.0,2.0,10.0,,,0.002,0.06
Control,pre_level_booster,pre_level_booster_3,items,rolling_offer_tier1_p299,purchase,purchase,4096.0,9.0,9.0,,,0.002,0.06
Control,pre_level_booster,pre_level_booster_3,items,bundle_1_with_prelevel_boosters,purchase,purchase,4096.0,9.0,9.0,,,0.002,0.06
Control,pre_level_booster,pre_level_booster_3,items,bundle_7_with_prelevel_boosters_tier3,purchase,purchase,4096.0,9.0,9.0,,,0.002,0.06
Control,pre_level_booster,pre_level_booster_3,items,rolling_offer_tier1_p299_tier3,purchase,purchase,4096.0,8.0,8.0,,,0.002,0.05
Control,pre_level_booster,pre_level_booster_3,items,rolling_offer_p349_tier3,purchase,purchase,4096.0,8.0,8.0,,,0.002,0.05
Control,pre_level_booster,pre_level_booster_3,items,bundle_7_with_prelevel_boosters2,purchase,purchase,4096.0,6.0,7.0,,,0.002,0.05
Control,pre_level_booster,pre_level_booster_3,items,ad_chest,ad_chest,ads,4096.0,5.0,5.0,,,0.001,0.03
Control,pre_level_booster,pre_level_booster_3,items,bundle_2_with_prelevel_boosters,purchase,purchase,4096.0,4.0,5.0,,,0.001,0.03
Control,pre_level_booster,pre_level_booster_3,items,rolling_offer_p799_VarA,purchase,purchase,4096.0,4.0,4.0,,,0.001,0.03
Control,pre_level_booster,pre_level_booster_3,items,bundle_3_with_prelevel_boosters2,purchase,purchase,4096.0,1.0,4.0,,,0.001,0.03
Control,pre_level_booster,pre_level_booster_3,items,rolling_offer_tier1_p799_tier3,purchase,purchase,4096.0,3.0,3.0,,,0.001,0.02
Control,pre_level_booster,pre_level_booster_3,items,kite_festival_event,reward_event,meta,4096.0,3.0,3.0,,,0.001,0.02
Control,pre_level_booster,pre_level_booster_3,items,rolling_offer_p999_tier3,purchase,purchase,4096.0,2.0,2.0,,,0.0,0.01
Control,pre_level_booster,pre_level_booster_3,items,rolling_offer_tier1_p1499_VarA,purchase,purchase,4096.0,1.0,1.0,,,0.0,0.01
Control,season_pass_multiplier_2x,SeasonPassMultiplier2x,minutes,river_rush,reward_event,meta,4096.0,122.0,3255.0,,,0.795,50.12
Control,season_pass_multiplier_2x,SeasonPassMultiplier2x,minutes,great_offer1_199_tier3,purchase,purchase,4096.0,6.0,2160.0,,,0.527,33.26
Control,season_pass_multiplier_2x,SeasonPassMultiplier2x,minutes,great_offer1_299,purchase,purchase,4096.0,3.0,1080.0,,,0.264,16.63
Control,season_pass_tokens,SeasonPassToken,items,season_pass_event,event_reward,meta,4096.0,5.0,99.0,,,0.024,100.0
Control,ul_pre_booster,UnlimitedBooster1,minutes,dream_pass_event,reward_event,meta,4096.0,1172.0,25855.0,,,6.312,31.4
Control,ul_pre_booster,UnlimitedBooster1,minutes,river_rush,reward_event,meta,4096.0,361.0,15955.0,,,3.895,19.38
Control,ul_pre_booster,UnlimitedBooster1,minutes,Jigsaw,reward_event,meta,4096.0,822.0,15305.0,,,3.737,18.59
Control,ul_pre_booster,UnlimitedBooster1,minutes,Hatchling Hideaway,event_reward,meta,4096.0,770.0,7790.0,,,1.902,9.46
Control,ul_pre_booster,UnlimitedBooster1,minutes,bomb_ballet_event,reward_event,meta,4096.0,432.0,7300.0,,,1.782,8.87
Control,ul_pre_booster,UnlimitedBooster1,minutes,daily_reward,daily_reward,core,4096.0,90.0,5520.0,,,1.348,6.7
Control,ul_pre_booster,UnlimitedBooster1,minutes,great_offer1_199_tier3,purchase,purchase,4096.0,6.0,2160.0,,,0.527,2.62
Control,ul_pre_booster,UnlimitedBooster1,minutes,great_offer1_299,purchase,purchase,4096.0,3.0,1080.0,,,0.264,1.31
Control,ul_pre_booster,UnlimitedBooster1,minutes,Hard_Level_Offer1,purchase,purchase,4096.0,29.0,600.0,,,0.146,0.73
Control,ul_pre_booster,UnlimitedBooster1,minutes,Hard_level_offer1_tier3,purchase,purchase,4096.0,28.0,560.0,,,0.137,0.68
Control,ul_pre_booster,UnlimitedBooster1,minutes,season_pass_event,reward_event,meta,4096.0,10.0,190.0,,,0.046,0.23
Control,ul_pre_booster,UnlimitedBooster1,minutes,event_progress,reward_event,meta,4096.0,1.0,15.0,,,0.004,0.02
Control,ul_pre_booster,UnlimitedBooster2,minutes,dream_pass_event,reward_event,meta,4096.0,824.0,14295.0,,,3.49,24.99
Control,ul_pre_booster,UnlimitedBooster2,minutes,Jigsaw,reward_event,meta,4096.0,886.0,13465.0,,,3.287,23.54
Control,ul_pre_booster,UnlimitedBooster2,minutes,river_rush,reward_event,meta,4096.0,305.0,8665.0,,,2.115,15.15
Control,ul_pre_booster,UnlimitedBooster2,minutes,Hatchling Hideaway,event_reward,meta,4096.0,630.0,6580.0,,,1.606,11.5
Control,ul_pre_booster,UnlimitedBooster2,minutes,bomb_ballet_event,reward_event,meta,4096.0,419.0,5690.0,,,1.389,9.95
Control,ul_pre_booster,UnlimitedBooster2,minutes,daily_reward,daily_reward,core,4096.0,65.0,3960.0,,,0.967,6.92
Control,ul_pre_booster,UnlimitedBooster2,minutes,great_offer1_199_tier3,purchase,purchase,4096.0,6.0,2160.0,,,0.527,3.78
Control,ul_pre_booster,UnlimitedBooster2,minutes,great_offer1_299,purchase,purchase,4096.0,3.0,1080.0,,,0.264,1.89
Control,ul_pre_booster,UnlimitedBooster2,minutes,Hard_Level_Offer1,purchase,purchase,4096.0,29.0,600.0,,,0.146,1.05
Control,ul_pre_booster,UnlimitedBooster2,minutes,Hard_level_offer1_tier3,purchase,purchase,4096.0,28.0,560.0,,,0.137,0.98
Control,ul_pre_booster,UnlimitedBooster2,minutes,season_pass_event,reward_event,meta,4096.0,9.0,135.0,,,0.033,0.24
Control,ul_pre_booster,UnlimitedBooster2,minutes,event_progress,reward_event,meta,4096.0,1.0,15.0,,,0.004,0.03
Control,ul_pre_booster,UnlimitedBooster3,minutes,Jigsaw,reward_event,meta,4096.0,860.0,12335.0,,,3.011,50.02
Control,ul_pre_booster,UnlimitedBooster3,minutes,bomb_ballet_event,reward_event,meta,4096.0,353.0,4590.0,,,1.121,18.61
Control,ul_pre_booster,UnlimitedBooster3,minutes,great_offer1_199_tier3,purchase,purchase,4096.0,6.0,2160.0,,,0.527,8.76
Control,ul_pre_booster,UnlimitedBooster3,minutes,daily_reward,daily_reward,core,4096.0,42.0,1260.0,,,0.308,5.11
Control,ul_pre_booster,UnlimitedBooster3,minutes,river_rush,reward_event,meta,4096.0,56.0,1135.0,,,0.277,4.6
Control,ul_pre_booster,UnlimitedBooster3,minutes,great_offer1_299,purchase,purchase,4096.0,3.0,1080.0,,,0.264,4.38
Control,ul_pre_booster,UnlimitedBooster3,minutes,dream_pass_event,reward_event,meta,4096.0,44.0,925.0,,,0.226,3.75
Control,ul_pre_booster,UnlimitedBooster3,minutes,Hard_Level_Offer1,purchase,purchase,4096.0,29.0,600.0,,,0.146,2.43
Control,ul_pre_booster,UnlimitedBooster3,minutes,Hard_level_offer1_tier3,purchase,purchase,4096.0,28.0,560.0,,,0.137,2.27
Control,ul_pre_booster,UnlimitedBooster3,minutes,Photoshoot,reward_event,meta,4096.0,1.0,15.0,,,0.004,0.06
Control,unlimited_lives,UnlimitedLives,minutes,saga_progression,chapter_complete,core,4096.0,4000.0,773130.0,,,188.752,44.05
Control,unlimited_lives,UnlimitedLives,minutes,player_level_up,reward_chest,core,4096.0,3536.0,411450.0,,,100.452,23.44
Control,unlimited_lives,UnlimitedLives,minutes,FlockRush,event_reward,meta,4096.0,2257.0,137140.0,,,33.481,7.81
Control,unlimited_lives,UnlimitedLives,minutes,dream_pass_event,reward_event,meta,4096.0,1227.0,115515.0,,,28.202,6.58
Control,unlimited_lives,UnlimitedLives,minutes,Jigsaw,reward_event,meta,4096.0,952.0,81030.0,,,19.783,4.62
Control,unlimited_lives,UnlimitedLives,minutes,Hatchling Hideaway,event_reward,meta,4096.0,903.0,75030.0,,,18.318,4.27
Control,unlimited_lives,UnlimitedLives,minutes,daily_reward,daily_reward,core,4096.0,1482.0,56370.0,,,13.762,3.21
Control,unlimited_lives,UnlimitedLives,minutes,bomb_ballet_event,reward_event,meta,4096.0,400.0,29340.0,,,7.163,1.67
Control,unlimited_lives,UnlimitedLives,minutes,kite_festival_event,reward_event,meta,4096.0,887.0,27395.0,,,6.688,1.56
Control,unlimited_lives,UnlimitedLives,minutes,offer_free_items,rolling_offer,meta,4096.0,109.0,8310.0,,,2.029,0.47
Control,unlimited_lives,UnlimitedLives,minutes,reward_chest,reward_chest,other,4096.0,271.0,8220.0,,,2.007,0.47
Control,unlimited_lives,UnlimitedLives,minutes,ad_chest,ad_chest,ads,4096.0,518.0,7825.0,,,1.91,0.45
Control,unlimited_lives,UnlimitedLives,minutes,river_rush,reward_event,meta,4096.0,142.0,6460.0,,,1.577,0.37
Control,unlimited_lives,UnlimitedLives,minutes,ArcheryArena,reward_event,meta,4096.0,179.0,5550.0,,,1.355,0.32
Control,unlimited_lives,UnlimitedLives,minutes,race_event,reward_event,meta,4096.0,54.0,2775.0,,,0.677,0.16
Control,unlimited_lives,UnlimitedLives,minutes,great_offer1_199_tier3,purchase,purchase,4096.0,6.0,2160.0,,,0.527,0.12
Control,unlimited_lives,UnlimitedLives,minutes,great_offer1_299,purchase,purchase,4096.0,3.0,1080.0,,,0.264,0.06
Control,unlimited_lives,UnlimitedLives,minutes,season_pass_event,reward_event,meta,4096.0,16.0,1045.0,,,0.255,0.06
Control,unlimited_lives,UnlimitedLives,minutes,rolling_offer_p049_tier3,purchase,purchase,4096.0,17.0,765.0,,,0.187,0.04
Control,unlimited_lives,UnlimitedLives,minutes,bundle_4_with_prelevel_boosters_tier3,purchase,purchase,4096.0,2.0,720.0,,,0.176,0.04
Control,unlimited_lives,UnlimitedLives,minutes,Hard_Level_Offer1,purchase,purchase,4096.0,29.0,600.0,,,0.146,0.03
Control,unlimited_lives,UnlimitedLives,minutes,Hard_level_offer1_tier3,purchase,purchase,4096.0,28.0,560.0,,,0.137,0.03
Control,unlimited_lives,UnlimitedLives,minutes,rolling_offer_p349_tier3,purchase,purchase,4096.0,8.0,480.0,,,0.117,0.03
Control,unlimited_lives,UnlimitedLives,minutes,rolling_offer_tier1_p799_tier3,purchase,purchase,4096.0,3.0,360.0,,,0.088,0.02
Control,unlimited_lives,UnlimitedLives,minutes,rolling_offer_tier1_p499_VarA,purchase,purchase,4096.0,8.0,320.0,,,0.078,0.02
Control,unlimited_lives,UnlimitedLives,minutes,rolling_offer_p099_VarA,purchase,purchase,4096.0,7.0,315.0,,,0.077,0.02
Control,unlimited_lives,UnlimitedLives,minutes,rolling_offer_p999_tier3,purchase,purchase,4096.0,2.0,240.0,,,0.059,0.01
Control,unlimited_lives,UnlimitedLives,minutes,rolling_offer_p799_VarA,purchase,purchase,4096.0,4.0,240.0,,,0.059,0.01
Control,unlimited_lives,UnlimitedLives,minutes,rolling_offer_tier1_p299_tier3,purchase,purchase,4096.0,8.0,240.0,,,0.059,0.01
Control,unlimited_lives,UnlimitedLives,minutes,league_rank_up,league_reward,meta,4096.0,3.0,204.0,,,0.05,0.01
Control,unlimited_lives,UnlimitedLives,minutes,rolling_offer_tier1_p1499_VarA,purchase,purchase,4096.0,1.0,120.0,,,0.029,0.01
Control,unlimited_lives,UnlimitedLives,minutes,bundle_3_with_prelevel_boosters2,purchase,purchase,4096.0,1.0,120.0,,,0.029,0.01
Control,unlimited_lives,UnlimitedLives,minutes,event_progress,reward_event,meta,4096.0,1.0,90.0,,,0.022,0.01
Control,unlimited_lives,UnlimitedLives,minutes,Photoshoot,reward_event,meta,4096.0,1.0,60.0,,,0.015,0.0
Control,unlimited_lives,UnlimitedLives,minutes,dreamheist_event,reward_event,meta,4096.0,1.0,20.0,,,0.005,0.0
Variant,Avatar,Avatar,items,saga_progression,chapter_complete,core,4054.0,2342.0,7541.0,,,1.86,99.92
Variant,Avatar,Avatar,items,season_pass_event,reward_event,meta,4054.0,3.0,4.0,,,0.001,0.05
Variant,Avatar,Avatar,items,dream_pass_event,reward_event,meta,4054.0,1.0,1.0,,,0.0,0.01
Variant,Avatar,Avatar,items,single_collection,reward_event,meta,4054.0,1.0,1.0,,,0.0,0.01
Variant,currency,HardCoin,coins,player_level_up,reward_chest,core,4054.0,3828.0,692865.0,692865.0,0.0,170.909,30.67
Variant,currency,HardCoin,coins,dreamheist_event,reward_event,meta,4054.0,2708.0,313030.0,313030.0,0.0,77.215,13.86
Variant,currency,HardCoin,coins,saga_progression,chapter_complete,core,4054.0,3978.0,311835.0,311835.0,0.0,76.92,13.8
Variant,currency,HardCoin,coins,ArcheryArena,reward_event,meta,4054.0,1393.0,110525.0,110525.0,0.0,27.263,4.89
Variant,currency,HardCoin,coins,chuck_event,reward_event,meta,4054.0,615.0,102650.0,102650.0,0.0,25.321,4.54
Variant,currency,HardCoin,coins,Rainbow Maker,reward_event,meta,4054.0,1767.0,98118.0,98118.0,0.0,24.203,4.34
Variant,currency,HardCoin,coins,dream_pass_event,reward_event,meta,4054.0,1381.0,74900.0,74900.0,0.0,18.476,3.32
Variant,currency,HardCoin,coins,kite_festival_event,reward_event,meta,4054.0,313.0,52875.0,52875.0,0.0,13.043,2.34
Variant,currency,HardCoin,coins,daily_reward,daily_reward,core,4054.0,2201.0,49270.0,49270.0,0.0,12.153,2.18
Variant,currency,HardCoin,coins,Jigsaw,reward_event,meta,4054.0,992.0,46950.0,46950.0,0.0,11.581,2.08
Variant,currency,HardCoin,coins,race_event,reward_event,meta,4054.0,1293.0,46120.0,46120.0,0.0,11.376,2.04
Variant,currency,HardCoin,coins,Hatchling Hideaway,event_reward,meta,4054.0,1127.0,41965.0,41965.0,0.0,10.352,1.86
Variant,currency,HardCoin,coins,team_versus,reward_event,meta,4054.0,324.0,32445.0,32445.0,0.0,8.003,1.44
Variant,currency,HardCoin,coins,reward_chest,reward_chest,other,4054.0,249.0,31005.0,31005.0,0.0,7.648,1.37
Variant,currency,HardCoin,coins,team_collection,reward_event,meta,4054.0,221.0,29170.0,29170.0,0.0,7.195,1.29
Variant,currency,HardCoin,coins,team_versus_contribution,reward_event,meta,4054.0,372.0,22190.0,22190.0,0.0,5.474,0.98
Variant,currency,HardCoin,coins,facebook_like,facebook_like,other,4054.0,179.0,20500.0,20500.0,0.0,5.057,0.91
Variant,currency,HardCoin,coins,ad_chest,ad_chest,ads,4054.0,856.0,20215.0,20215.0,0.0,4.986,0.89
Variant,currency,HardCoin,coins,xs_coins2,purchase,purchase,4054.0,41.0,17900.0,0.0,17900.0,4.415,0.79
Variant,currency,HardCoin,coins,xs_coins_tier3,purchase,purchase,4054.0,48.0,17100.0,0.0,17100.0,4.218,0.76
Variant,currency,HardCoin,coins,bomb_ballet_event,reward_event,meta,4054.0,307.0,13450.0,13450.0,0.0,3.318,0.6
Variant,currency,HardCoin,coins,bundle_1_with_prelevel_boosters_tier3,purchase,purchase,4054.0,39.0,13200.0,0.0,13200.0,3.256,0.58
Variant,currency,HardCoin,coins,bundle_3_with_prelevel_boosters_tier3,purchase,purchase,4054.0,9.0,12000.0,0.0,12000.0,2.96,0.53
Variant,currency,HardCoin,coins,special_offer1_tier3,purchase,purchase,4054.0,34.0,10200.0,0.0,10200.0,2.516,0.45
Variant,currency,HardCoin,coins,special_offer1,purchase,purchase,4054.0,22.0,6600.0,0.0,6600.0,1.628,0.29
Variant,currency,HardCoin,coins,heart_gift,heart_gift,other,4054.0,843.0,6342.0,6342.0,0.0,1.564,0.28
Variant,currency,HardCoin,coins,bundle_2_with_prelevel_boosters_tier3,purchase,purchase,4054.0,6.0,6000.0,0.0,6000.0,1.48,0.27
Variant,currency,HardCoin,coins,s_coins_tier3,purchase,purchase,4054.0,8.0,5000.0,0.0,5000.0,1.233,0.22
Variant,currency,HardCoin,coins,m_coins_tier3,purchase,purchase,4054.0,3.0,5000.0,0.0,5000.0,1.233,0.22
Variant,currency,HardCoin,coins,bundle_2_with_prelevel_boosters2,purchase,purchase,4054.0,7.0,4000.0,0.0,4000.0,0.987,0.18
Variant,currency,HardCoin,coins,offer_free_items,rolling_offer,meta,4054.0,21.0,3150.0,3150.0,0.0,0.777,0.14
Variant,currency,HardCoin,coins,Hard_Level_Offer1,purchase,purchase,4054.0,29.0,3000.0,0.0,3000.0,0.74,0.13
Variant,currency,HardCoin,coins,Hard_level_offer1_tier3,purchase,purchase,4054.0,28.0,2800.0,0.0,2800.0,0.691,0.12
Variant,currency,HardCoin,coins,rolling_offer_p049_tier3,purchase,purchase,4054.0,17.0,2550.0,0.0,2550.0,0.629,0.11
Variant,currency,HardCoin,coins,bundle_2_with_prelevel_boosters,purchase,purchase,4054.0,4.0,2000.0,0.0,2000.0,0.493,0.09
Variant,currency,HardCoin,coins,bundle_4_with_prelevel_boosters_tier3,purchase,purchase,4054.0,1.0,2000.0,0.0,2000.0,0.493,0.09
Variant,currency,HardCoin,coins,bundle_7_with_prelevel_boosters2,purchase,purchase,4054.0,5.0,1800.0,0.0,1800.0,0.444,0.08
Variant,currency,HardCoin,coins,rolling_offer_tier1_p299,purchase,purchase,4054.0,9.0,1800.0,0.0,1800.0,0.444,0.08
Variant,currency,HardCoin,coins,red_event,reward_event,meta,4054.0,11.0,1700.0,1700.0,0.0,0.419,0.08
Variant,currency,HardCoin,coins,bundle_7_with_prelevel_boosters,purchase,purchase,4054.0,11.0,1650.0,0.0,1650.0,0.407,0.07
Variant,currency,HardCoin,coins,special_offer8_tier3,purchase,purchase,4054.0,4.0,1600.0,0.0,1600.0,0.395,0.07
Variant,currency,HardCoin,coins,rolling_offer_tier1_p299_tier3,purchase,purchase,4054.0,4.0,1600.0,0.0,1600.0,0.395,0.07
Variant,currency,HardCoin,coins,rolling_offer_p799_VarA,purchase,purchase,4054.0,3.0,1500.0,0.0,1500.0,0.37,0.07
Variant,currency,HardCoin,coins,rolling_offer_p999_tier3,purchase,purchase,4054.0,1.0,1400.0,0.0,1400.0,0.345,0.06
Variant,currency,HardCoin,coins,single_collection,reward_event,meta,4054.0,7.0,1400.0,1400.0,0.0,0.345,0.06
Variant,currency,HardCoin,coins,special_offer8,purchase,purchase,4054.0,5.0,1250.0,0.0,1250.0,0.308,0.06
Variant,currency,HardCoin,coins,rolling_offer_tier1_p499_VarA,purchase,purchase,4054.0,4.0,1200.0,0.0,1200.0,0.296,0.05
Variant,currency,HardCoin,coins,rolling_offer_tier1_p199_tier3,purchase,purchase,4054.0,6.0,1200.0,0.0,1200.0,0.296,0.05
Variant,currency,HardCoin,coins,special_offer10,purchase,purchase,4054.0,4.0,1200.0,0.0,1200.0,0.296,0.05
Variant,currency,HardCoin,coins,rolling_offer_p099_VarA,purchase,purchase,4054.0,6.0,1200.0,0.0,1200.0,0.296,0.05
Variant,currency,HardCoin,coins,rolling_offer_tier1_p799_tier3,purchase,purchase,4054.0,1.0,1100.0,0.0,1100.0,0.271,0.05
Variant,currency,HardCoin,coins,rolling_offer_p349_tier3,purchase,purchase,4054.0,2.0,1100.0,0.0,1100.0,0.271,0.05
Variant,currency,HardCoin,coins,bundle_7_with_prelevel_boosters_tier3,purchase,purchase,4054.0,6.0,1050.0,0.0,1050.0,0.259,0.05
Variant,currency,HardCoin,coins,river_rush,reward_event,meta,4054.0,8.0,1050.0,1050.0,0.0,0.259,0.05
Variant,currency,HardCoin,coins,special_offer11_tier3,purchase,purchase,4054.0,1.0,1000.0,0.0,1000.0,0.247,0.04
Variant,currency,HardCoin,coins,bundle_1_with_prelevel_boosters,purchase,purchase,4054.0,5.0,1000.0,0.0,1000.0,0.247,0.04
Variant,currency,HardCoin,coins,s_coins2,purchase,purchase,4054.0,2.0,1000.0,0.0,1000.0,0.247,0.04
Variant,currency,HardCoin,coins,season_pass_event,reward_event,meta,4054.0,18.0,695.0,540.0,155.0,0.171,0.03
Variant,currency,HardCoin,coins,bomb_event,reward_event,meta,4054.0,5.0,550.0,550.0,0.0,0.136,0.02
Variant,currency,HardCoin,coins,special_offer9_tier3,purchase,purchase,4054.0,1.0,300.0,0.0,300.0,0.074,0.01
Variant,currency,HardCoin,coins,great_offer1_199_tier3,purchase,purchase,4054.0,3.0,300.0,0.0,300.0,0.074,0.01
Variant,currency,HardCoin,coins,great_offer1_299,purchase,purchase,4054.0,3.0,300.0,0.0,300.0,0.074,0.01
Variant,currency,HardCoin,coins,special_offer9,purchase,purchase,4054.0,1.0,250.0,0.0,250.0,0.062,0.01
Variant,currency,HardCoin,coins,great_offer1_199,purchase,purchase,4054.0,1.0,150.0,0.0,150.0,0.037,0.01
Variant,dream_pass_tokens,DreamPassToken,items,Rainbow Maker,reward_event,meta,4054.0,1809.0,520547.0,,,128.403,70.52
Variant,dream_pass_tokens,DreamPassToken,items,race_event,reward_event,meta,4054.0,1559.0,80375.0,,,19.826,10.89
Variant,dream_pass_tokens,DreamPassToken,items,kite_festival_event,reward_event,meta,4054.0,476.0,70520.0,,,17.395,9.55
Variant,dream_pass_tokens,DreamPassToken,items,offer_free_items,rolling_offer,meta,4054.0,1195.0,56500.0,,,13.937,7.65
Variant,dream_pass_tokens,DreamPassToken,items,FlockRush,event_reward,meta,4054.0,492.0,10020.0,,,2.472,1.36
Variant,dream_pass_tokens,DreamPassToken,items,wager_event,reward_event,meta,4054.0,1.0,150.0,,,0.037,0.02
Variant,dream_pass_tokens,DreamPassToken,items,river_rush,reward_event,meta,4054.0,2.0,90.0,,,0.022,0.01
Variant,life,life,items,ask_for_lives,ask_for_lives,other,4054.0,267.0,1331.0,,,0.328,81.36
Variant,life,life,items,ad_life,ad_life,ads,4054.0,199.0,305.0,,,0.075,18.64
Variant,life,liferefill,items,coin_purchase,coin_purchase,other,4054.0,187.0,2070.0,,,0.511,100.0
Variant,orb,Movie_Magic,items,dream_pass_event,reward_event,meta,4054.0,1.0,1.0,,,0.0,100.0
Variant,orb,Reds_Greatest_Challenge,items,dream_pass_event,reward_event,meta,4054.0,273.0,273.0,,,0.067,100.0
Variant,powerup,powerup_1,items,Rainbow Maker,reward_event,meta,4054.0,1397.0,4579.0,,,1.13,37.01
Variant,powerup,powerup_1,items,player_level_up,reward_chest,core,4054.0,2183.0,2335.0,,,0.576,18.87
Variant,powerup,powerup_1,items,Hatchling Hideaway,event_reward,meta,4054.0,907.0,938.0,,,0.231,7.58
Variant,powerup,powerup_1,items,ArcheryArena,reward_event,meta,4054.0,865.0,884.0,,,0.218,7.14
Variant,powerup,powerup_1,items,race_event,reward_event,meta,4054.0,653.0,667.0,,,0.165,5.39
Variant,powerup,powerup_1,items,chuck_event,reward_event,meta,4054.0,398.0,416.0,,,0.103,3.36
Variant,powerup,powerup_1,items,team_versus,reward_event,meta,4054.0,410.0,411.0,,,0.101,3.32
Variant,powerup,powerup_1,items,Jigsaw,reward_event,meta,4054.0,331.0,335.0,,,0.083,2.71
Variant,powerup,powerup_1,items,team_versus_contribution,reward_event,meta,4054.0,286.0,287.0,,,0.071,2.32
Variant,powerup,powerup_1,items,reward_chest,reward_chest,other,4054.0,249.0,275.0,,,0.068,2.22
Variant,powerup,powerup_1,items,dreamheist_event,reward_event,meta,4054.0,260.0,267.0,,,0.066,2.16
Variant,powerup,powerup_1,items,ad_chest,ad_chest,ads,4054.0,172.0,196.0,,,0.048,1.58
Variant,powerup,powerup_1,items,bomb_ballet_event,reward_event,meta,4054.0,118.0,119.0,,,0.029,0.96
Variant,powerup,powerup_1,items,kite_festival_event,reward_event,meta,4054.0,111.0,113.0,,,0.028,0.91
Variant,powerup,powerup_1,items,dream_pass_event,reward_event,meta,4054.0,39.0,109.0,,,0.027,0.88
Variant,powerup,powerup_1,items,team_collection,reward_event,meta,4054.0,105.0,107.0,,,0.026,0.86
Variant,powerup,powerup_1,items,bundle_1_with_prelevel_boosters_tier3,purchase,purchase,4054.0,39.0,66.0,,,0.016,0.53
Variant,powerup,powerup_1,items,daily_reward,daily_reward,core,4054.0,41.0,42.0,,,0.01,0.34
Variant,powerup,powerup_1,items,bundle_3_with_prelevel_boosters_tier3,purchase,purchase,4054.0,9.0,24.0,,,0.006,0.19
Variant,powerup,powerup_1,items,saga_progression,chapter_complete,core,4054.0,18.0,21.0,,,0.005,0.17
Variant,powerup,powerup_1,items,ingame,purchase,purchase,4054.0,6.0,18.0,,,0.004,0.15
Variant,powerup,powerup_1,items,rolling_offer_p049_tier3,purchase,purchase,4054.0,17.0,17.0,,,0.004,0.14
Variant,powerup,powerup_1,items,bundle_2_with_prelevel_boosters2,purchase,purchase,4054.0,7.0,16.0,,,0.004,0.13
Variant,powerup,powerup_1,items,bundle_2_with_prelevel_boosters_tier3,purchase,purchase,4054.0,6.0,12.0,,,0.003,0.1
Variant,powerup,powerup_1,items,offer_free_items,rolling_offer,meta,4054.0,10.0,11.0,,,0.003,0.09
Variant,powerup,powerup_1,items,bundle_7_with_prelevel_boosters,purchase,purchase,4054.0,11.0,11.0,,,0.003,0.09
Variant,powerup,powerup_1,items,rolling_offer_tier1_p299,purchase,purchase,4054.0,9.0,9.0,,,0.002,0.07
Variant,powerup,powerup_1,items,river_rush,reward_event,meta,4054.0,5.0,7.0,,,0.002,0.06
Variant,powerup,powerup_1,items,bundle_7_with_prelevel_boosters_tier3,purchase,purchase,4054.0,6.0,7.0,,,0.002,0.06
Variant,powerup,powerup_1,items,rolling_offer_tier1_p199_tier3,purchase,purchase,4054.0,6.0,6.0,,,0.001,0.05
Variant,powerup,powerup_1,items,rolling_offer_p099_VarA,purchase,purchase,4054.0,6.0,6.0,,,0.001,0.05
Variant,powerup,powerup_1,items,bundle_7_with_prelevel_boosters2,purchase,purchase,4054.0,5.0,6.0,,,0.001,0.05
Variant,powerup,powerup_1,items,bundle_1_with_prelevel_boosters,purchase,purchase,4054.0,5.0,5.0,,,0.001,0.04
Variant,powerup,powerup_1,items,bundle_4_with_prelevel_boosters_tier3,purchase,purchase,4054.0,1.0,5.0,,,0.001,0.04
Variant,powerup,powerup_1,items,special_offer8,purchase,purchase,4054.0,5.0,5.0,,,0.001,0.04
Variant,powerup,powerup_1,items,rolling_offer_tier1_p499_VarA,purchase,purchase,4054.0,4.0,4.0,,,0.001,0.03
Variant,powerup,powerup_1,items,red_event,reward_event,meta,4054.0,4.0,4.0,,,0.001,0.03
Variant,powerup,powerup_1,items,special_offer8_tier3,purchase,purchase,4054.0,4.0,4.0,,,0.001,0.03
Variant,powerup,powerup_1,items,bundle_2_with_prelevel_boosters,purchase,purchase,4054.0,4.0,4.0,,,0.001,0.03
Variant,powerup,powerup_1,items,special_offer10,purchase,purchase,4054.0,4.0,4.0,,,0.001,0.03
Variant,powerup,powerup_1,items,rolling_offer_tier1_p299_tier3,purchase,purchase,4054.0,4.0,4.0,,,0.001,0.03
Variant,powerup,powerup_1,items,special_offer11_tier3,purchase,purchase,4054.0,1.0,3.0,,,0.001,0.02
Variant,powerup,powerup_1,items,rolling_offer_p799_VarA,purchase,purchase,4054.0,3.0,3.0,,,0.001,0.02
Variant,powerup,powerup_1,items,single_collection,reward_event,meta,4054.0,3.0,3.0,,,0.001,0.02
Variant,powerup,powerup_1,items,rolling_offer_p999_tier3,purchase,purchase,4054.0,1.0,2.0,,,0.0,0.02
Variant,powerup,powerup_1,items,rolling_offer_p349_tier3,purchase,purchase,4054.0,2.0,2.0,,,0.0,0.02
Variant,powerup,powerup_1,items,special_offer9_tier3,purchase,purchase,4054.0,1.0,1.0,,,0.0,0.01
Variant,powerup,powerup_1,items,season_pass_event,reward_event,meta,4054.0,1.0,1.0,,,0.0,0.01
Variant,powerup,powerup_1,items,rolling_offer_tier1_p799_tier3,purchase,purchase,4054.0,1.0,1.0,,,0.0,0.01
Variant,powerup,powerup_1,items,special_offer9,purchase,purchase,4054.0,1.0,1.0,,,0.0,0.01
Variant,powerup,powerup_1,items,bomb_event,reward_event,meta,4054.0,1.0,1.0,,,0.0,0.01
Variant,powerup,powerup_2,items,Rainbow Maker,reward_event,meta,4054.0,1437.0,6911.0,,,1.705,27.53
Variant,powerup,powerup_2,items,player_level_up,reward_chest,core,4054.0,2863.0,6227.0,,,1.536,24.81
Variant,powerup,powerup_2,items,saga_progression,chapter_complete,core,4054.0,3460.0,5078.0,,,1.253,20.23
Variant,powerup,powerup_2,items,dreamheist_event,reward_event,meta,4054.0,1793.0,1872.0,,,0.462,7.46
Variant,powerup,powerup_2,items,daily_reward,daily_reward,core,4054.0,722.0,736.0,,,0.182,2.93
Variant,powerup,powerup_2,items,Hatchling Hideaway,event_reward,meta,4054.0,613.0,650.0,,,0.16,2.59
Variant,powerup,powerup_2,items,FlockRush,event_reward,meta,4054.0,521.0,534.0,,,0.132,2.13
Variant,powerup,powerup_2,items,dream_pass_event,reward_event,meta,4054.0,304.0,415.0,,,0.102,1.65
Variant,powerup,powerup_2,items,ad_chest,ad_chest,ads,4054.0,323.0,398.0,,,0.098,1.59
Variant,powerup,powerup_2,items,Jigsaw,reward_event,meta,4054.0,380.0,386.0,,,0.095,1.54
Variant,powerup,powerup_2,items,reward_chest,reward_chest,other,4054.0,249.0,322.0,,,0.079,1.28
Variant,powerup,powerup_2,items,team_collection,reward_event,meta,4054.0,139.0,249.0,,,0.061,0.99
Variant,powerup,powerup_2,items,ingame,purchase,purchase,4054.0,53.0,225.0,,,0.056,0.9
Variant,powerup,powerup_2,items,ArcheryArena,reward_event,meta,4054.0,174.0,182.0,,,0.045,0.73
Variant,powerup,powerup_2,items,race_event,reward_event,meta,4054.0,165.0,168.0,,,0.041,0.67
Variant,powerup,powerup_2,items,bomb_ballet_event,reward_event,meta,4054.0,135.0,139.0,,,0.034,0.55
Variant,powerup,powerup_2,items,kite_festival_event,reward_event,meta,4054.0,121.0,123.0,,,0.03,0.49
Variant,powerup,powerup_2,items,team_versus,reward_event,meta,4054.0,119.0,119.0,,,0.029,0.47
Variant,powerup,powerup_2,items,bundle_1_with_prelevel_boosters_tier3,purchase,purchase,4054.0,39.0,66.0,,,0.016,0.26
Variant,powerup,powerup_2,items,offer_free_items,rolling_offer,meta,4054.0,39.0,60.0,,,0.015,0.24
Variant,powerup,powerup_2,items,chuck_event,reward_event,meta,4054.0,33.0,33.0,,,0.008,0.13
Variant,powerup,powerup_2,items,bundle_3_with_prelevel_boosters_tier3,purchase,purchase,4054.0,9.0,24.0,,,0.006,0.1
Variant,powerup,powerup_2,items,team_versus_contribution,reward_event,meta,4054.0,24.0,24.0,,,0.006,0.1
Variant,powerup,powerup_2,items,bundle_2_with_prelevel_boosters2,purchase,purchase,4054.0,7.0,16.0,,,0.004,0.06
Variant,powerup,powerup_2,items,bundle_2_with_prelevel_boosters_tier3,purchase,purchase,4054.0,6.0,12.0,,,0.003,0.05
Variant,powerup,powerup_2,items,special_offer10,purchase,purchase,4054.0,4.0,12.0,,,0.003,0.05
Variant,powerup,powerup_2,items,bundle_7_with_prelevel_boosters,purchase,purchase,4054.0,11.0,11.0,,,0.003,0.04
Variant,powerup,powerup_2,items,special_offer8,purchase,purchase,4054.0,5.0,10.0,,,0.002,0.04
Variant,powerup,powerup_2,items,rolling_offer_tier1_p299,purchase,purchase,4054.0,9.0,9.0,,,0.002,0.04
Variant,powerup,powerup_2,items,special_offer8_tier3,purchase,purchase,4054.0,4.0,8.0,,,0.002,0.03
Variant,powerup,powerup_2,items,bundle_7_with_prelevel_boosters_tier3,purchase,purchase,4054.0,6.0,7.0,,,0.002,0.03
Variant,powerup,powerup_2,items,bundle_7_with_prelevel_boosters2,purchase,purchase,4054.0,5.0,6.0,,,0.001,0.02
Variant,powerup,powerup_2,items,rolling_offer_tier1_p199_tier3,purchase,purchase,4054.0,6.0,6.0,,,0.001,0.02
Variant,powerup,powerup_2,items,red_event,reward_event,meta,4054.0,4.0,5.0,,,0.001,0.02
Variant,powerup,powerup_2,items,season_pass_event,reward_event,meta,4054.0,4.0,5.0,,,0.001,0.02
Variant,powerup,powerup_2,items,bundle_4_with_prelevel_boosters_tier3,purchase,purchase,4054.0,1.0,5.0,,,0.001,0.02
Variant,powerup,powerup_2,items,bundle_1_with_prelevel_boosters,purchase,purchase,4054.0,5.0,5.0,,,0.001,0.02
Variant,powerup,powerup_2,items,river_rush,reward_event,meta,4054.0,4.0,5.0,,,0.001,0.02
Variant,powerup,powerup_2,items,rolling_offer_tier1_p499_VarA,purchase,purchase,4054.0,4.0,4.0,,,0.001,0.02
Variant,powerup,powerup_2,items,rolling_offer_tier1_p299_tier3,purchase,purchase,4054.0,4.0,4.0,,,0.001,0.02
Variant,powerup,powerup_2,items,bundle_2_with_prelevel_boosters,purchase,purchase,4054.0,4.0,4.0,,,0.001,0.02
Variant,powerup,powerup_2,items,single_collection,reward_event,meta,4054.0,4.0,4.0,,,0.001,0.02
Variant,powerup,powerup_2,items,special_offer11_tier3,purchase,purchase,4054.0,1.0,3.0,,,0.001,0.01
Variant,powerup,powerup_2,items,rolling_offer_p799_VarA,purchase,purchase,4054.0,3.0,3.0,,,0.001,0.01
Variant,powerup,powerup_2,items,bomb_event,reward_event,meta,4054.0,3.0,3.0,,,0.001,0.01
Variant,powerup,powerup_2,items,rolling_offer_p999_tier3,purchase,purchase,4054.0,1.0,3.0,,,0.001,0.01
Variant,powerup,powerup_2,items,special_offer9_tier3,purchase,purchase,4054.0,1.0,2.0,,,0.0,0.01
Variant,powerup,powerup_2,items,rolling_offer_tier1_p799_tier3,purchase,purchase,4054.0,1.0,2.0,,,0.0,0.01
Variant,powerup,powerup_2,items,rolling_offer_p349_tier3,purchase,purchase,4054.0,2.0,2.0,,,0.0,0.01
Variant,powerup,powerup_2,items,special_offer9,purchase,purchase,4054.0,1.0,2.0,,,0.0,0.01
Variant,powerup,powerup_2,items,wager_event,reward_event,meta,4054.0,1.0,1.0,,,0.0,0.0
Variant,powerup,powerup_3,items,player_level_up,reward_chest,core,4054.0,3283.0,6894.0,,,1.701,30.18
Variant,powerup,powerup_3,items,Rainbow Maker,reward_event,meta,4054.0,1635.0,5354.0,,,1.321,23.44
Variant,powerup,powerup_3,items,saga_progression,chapter_complete,core,4054.0,3499.0,4942.0,,,1.219,21.63
Variant,powerup,powerup_3,items,dream_pass_event,reward_event,meta,4054.0,930.0,1161.0,,,0.286,5.08
Variant,powerup,powerup_3,items,Hatchling Hideaway,event_reward,meta,4054.0,807.0,834.0,,,0.206,3.65
Variant,powerup,powerup_3,items,facebook_like,facebook_like,other,4054.0,179.0,410.0,,,0.101,1.79
Variant,powerup,powerup_3,items,race_event,reward_event,meta,4054.0,377.0,387.0,,,0.095,1.69
Variant,powerup,powerup_3,items,ad_chest,ad_chest,ads,4054.0,317.0,385.0,,,0.095,1.69
Variant,powerup,powerup_3,items,team_versus,reward_event,meta,4054.0,355.0,356.0,,,0.088,1.56
Variant,powerup,powerup_3,items,reward_chest,reward_chest,other,4054.0,249.0,343.0,,,0.085,1.5
Variant,powerup,powerup_3,items,ArcheryArena,reward_event,meta,4054.0,326.0,336.0,,,0.083,1.47
Variant,powerup,powerup_3,items,daily_reward,daily_reward,core,4054.0,328.0,333.0,,,0.082,1.46
Variant,powerup,powerup_3,items,chuck_event,reward_event,meta,4054.0,257.0,271.0,,,0.067,1.19
Variant,powerup,powerup_3,items,team_collection,reward_event,meta,4054.0,82.0,168.0,,,0.041,0.74
Variant,powerup,powerup_3,items,kite_festival_event,reward_event,meta,4054.0,121.0,124.0,,,0.031,0.54
Variant,powerup,powerup_3,items,bomb_ballet_event,reward_event,meta,4054.0,117.0,117.0,,,0.029,0.51
Variant,powerup,powerup_3,items,bundle_1_with_prelevel_boosters_tier3,purchase,purchase,4054.0,39.0,66.0,,,0.016,0.29
Variant,powerup,powerup_3,items,ingame,purchase,purchase,4054.0,21.0,63.0,,,0.016,0.28
Variant,powerup,powerup_3,items,team_versus_contribution,reward_event,meta,4054.0,62.0,62.0,,,0.015,0.27
Variant,powerup,powerup_3,items,offer_free_items,rolling_offer,meta,4054.0,35.0,46.0,,,0.011,0.2
Variant,powerup,powerup_3,items,bundle_3_with_prelevel_boosters_tier3,purchase,purchase,4054.0,9.0,24.0,,,0.006,0.11
Variant,powerup,powerup_3,items,bundle_2_with_prelevel_boosters2,purchase,purchase,4054.0,7.0,16.0,,,0.004,0.07
Variant,powerup,powerup_3,items,red_event,reward_event,meta,4054.0,13.0,15.0,,,0.004,0.07
Variant,powerup,powerup_3,items,special_offer10,purchase,purchase,4054.0,4.0,12.0,,,0.003,0.05
Variant,powerup,powerup_3,items,bundle_2_with_prelevel_boosters_tier3,purchase,purchase,4054.0,6.0,12.0,,,0.003,0.05
Variant,powerup,powerup_3,items,bundle_7_with_prelevel_boosters,purchase,purchase,4054.0,11.0,11.0,,,0.003,0.05
Variant,powerup,powerup_3,items,special_offer8,purchase,purchase,4054.0,5.0,10.0,,,0.002,0.04
Variant,powerup,powerup_3,items,rolling_offer_tier1_p299,purchase,purchase,4054.0,9.0,9.0,,,0.002,0.04
Variant,powerup,powerup_3,items,special_offer8_tier3,purchase,purchase,4054.0,4.0,8.0,,,0.002,0.04
Variant,powerup,powerup_3,items,season_pass_event,reward_event,meta,4054.0,7.0,8.0,,,0.002,0.04
Variant,powerup,powerup_3,items,bundle_7_with_prelevel_boosters_tier3,purchase,purchase,4054.0,6.0,7.0,,,0.002,0.03
Variant,powerup,powerup_3,items,bundle_7_with_prelevel_boosters2,purchase,purchase,4054.0,5.0,6.0,,,0.001,0.03
Variant,powerup,powerup_3,items,rolling_offer_tier1_p199_tier3,purchase,purchase,4054.0,6.0,6.0,,,0.001,0.03
Variant,powerup,powerup_3,items,single_collection,reward_event,meta,4054.0,5.0,5.0,,,0.001,0.02
Variant,powerup,powerup_3,items,bundle_4_with_prelevel_boosters_tier3,purchase,purchase,4054.0,1.0,5.0,,,0.001,0.02
Variant,powerup,powerup_3,items,bundle_1_with_prelevel_boosters,purchase,purchase,4054.0,5.0,5.0,,,0.001,0.02
Variant,powerup,powerup_3,items,bomb_event,reward_event,meta,4054.0,5.0,5.0,,,0.001,0.02
Variant,powerup,powerup_3,items,bundle_2_with_prelevel_boosters,purchase,purchase,4054.0,4.0,4.0,,,0.001,0.02
Variant,powerup,powerup_3,items,rolling_offer_tier1_p299_tier3,purchase,purchase,4054.0,4.0,4.0,,,0.001,0.02
Variant,powerup,powerup_3,items,rolling_offer_tier1_p499_VarA,purchase,purchase,4054.0,4.0,4.0,,,0.001,0.02
Variant,powerup,powerup_3,items,rolling_offer_p999_tier3,purchase,purchase,4054.0,1.0,3.0,,,0.001,0.01
Variant,powerup,powerup_3,items,special_offer11_tier3,purchase,purchase,4054.0,1.0,3.0,,,0.001,0.01
Variant,powerup,powerup_3,items,rolling_offer_p799_VarA,purchase,purchase,4054.0,3.0,3.0,,,0.001,0.01
Variant,powerup,powerup_3,items,rolling_offer_tier1_p799_tier3,purchase,purchase,4054.0,1.0,2.0,,,0.0,0.01
Variant,powerup,powerup_3,items,rolling_offer_p349_tier3,purchase,purchase,4054.0,2.0,2.0,,,0.0,0.01
Variant,powerup,powerup_3,items,special_offer9_tier3,purchase,purchase,4054.0,1.0,2.0,,,0.0,0.01
Variant,powerup,powerup_3,items,special_offer9,purchase,purchase,4054.0,1.0,2.0,,,0.0,0.01
Variant,powerup,powerup_3,items,river_rush,reward_event,meta,4054.0,1.0,1.0,,,0.0,0.0
Variant,pre_level_booster,pre_level_booster_1,items,saga_progression,chapter_complete,core,4054.0,3501.0,5433.0,,,1.34,27.33
Variant,pre_level_booster,pre_level_booster_1,items,dream_pass_event,reward_event,meta,4054.0,1106.0,3234.0,,,0.798,16.27
Variant,pre_level_booster,pre_level_booster_1,items,Rainbow Maker,reward_event,meta,4054.0,1504.0,2356.0,,,0.581,11.85
Variant,pre_level_booster,pre_level_booster_1,items,player_level_up,reward_chest,core,4054.0,2079.0,2265.0,,,0.559,11.39
Variant,pre_level_booster,pre_level_booster_1,items,dreamheist_event,reward_event,meta,4054.0,2096.0,2183.0,,,0.538,10.98
Variant,pre_level_booster,pre_level_booster_1,items,offer_free_items,rolling_offer,meta,4054.0,1276.0,1321.0,,,0.326,6.65
Variant,pre_level_booster,pre_level_booster_1,items,Hatchling Hideaway,event_reward,meta,4054.0,1024.0,1061.0,,,0.262,5.34
Variant,pre_level_booster,pre_level_booster_1,items,Jigsaw,reward_event,meta,4054.0,675.0,690.0,,,0.17,3.47
Variant,pre_level_booster,pre_level_booster_1,items,FlockRush,event_reward,meta,4054.0,521.0,534.0,,,0.132,2.69
Variant,pre_level_booster,pre_level_booster_1,items,reward_chest,reward_chest,other,4054.0,243.0,250.0,,,0.062,1.26
Variant,pre_level_booster,pre_level_booster_1,items,bomb_ballet_event,reward_event,meta,4054.0,162.0,164.0,,,0.04,0.82
Variant,pre_level_booster,pre_level_booster_1,items,bundle_1_with_prelevel_boosters_tier3,purchase,purchase,4054.0,39.0,66.0,,,0.016,0.33
Variant,pre_level_booster,pre_level_booster_1,items,ArcheryArena,reward_event,meta,4054.0,61.0,61.0,,,0.015,0.31
Variant,pre_level_booster,pre_level_booster_1,items,race_event,reward_event,meta,4054.0,35.0,35.0,,,0.009,0.18
Variant,pre_level_booster,pre_level_booster_1,items,season_pass_event,reward_event,meta,4054.0,14.0,29.0,,,0.007,0.15
Variant,pre_level_booster,pre_level_booster_1,items,team_versus_contribution,reward_event,meta,4054.0,24.0,24.0,,,0.006,0.12
Variant,pre_level_booster,pre_level_booster_1,items,bundle_3_with_prelevel_boosters_tier3,purchase,purchase,4054.0,9.0,24.0,,,0.006,0.12
Variant,pre_level_booster,pre_level_booster_1,items,ingame,purchase,purchase,4054.0,4.0,21.0,,,0.005,0.11
Variant,pre_level_booster,pre_level_booster_1,items,kite_festival_event,reward_event,meta,4054.0,19.0,19.0,,,0.005,0.1
Variant,pre_level_booster,pre_level_booster_1,items,bundle_2_with_prelevel_boosters2,purchase,purchase,4054.0,7.0,16.0,,,0.004,0.08
Variant,pre_level_booster,pre_level_booster_1,items,bundle_2_with_prelevel_boosters_tier3,purchase,purchase,4054.0,6.0,12.0,,,0.003,0.06
Variant,pre_level_booster,pre_level_booster_1,items,bundle_7_with_prelevel_boosters,purchase,purchase,4054.0,11.0,11.0,,,0.003,0.06
Variant,pre_level_booster,pre_level_booster_1,items,ad_chest,ad_chest,ads,4054.0,11.0,11.0,,,0.003,0.06
Variant,pre_level_booster,pre_level_booster_1,items,rolling_offer_tier1_p299,purchase,purchase,4054.0,9.0,9.0,,,0.002,0.05
Variant,pre_level_booster,pre_level_booster_1,items,bundle_7_with_prelevel_boosters_tier3,purchase,purchase,4054.0,6.0,7.0,,,0.002,0.04
Variant,pre_level_booster,pre_level_booster_1,items,rolling_offer_tier1_p199_tier3,purchase,purchase,4054.0,6.0,6.0,,,0.001,0.03
Variant,pre_level_booster,pre_level_booster_1,items,bundle_7_with_prelevel_boosters2,purchase,purchase,4054.0,5.0,6.0,,,0.001,0.03
Variant,pre_level_booster,pre_level_booster_1,items,bundle_1_with_prelevel_boosters,purchase,purchase,4054.0,5.0,5.0,,,0.001,0.03
Variant,pre_level_booster,pre_level_booster_1,items,bundle_4_with_prelevel_boosters_tier3,purchase,purchase,4054.0,1.0,5.0,,,0.001,0.03
Variant,pre_level_booster,pre_level_booster_1,items,river_rush,reward_event,meta,4054.0,3.0,5.0,,,0.001,0.03
Variant,pre_level_booster,pre_level_booster_1,items,rolling_offer_tier1_p299_tier3,purchase,purchase,4054.0,4.0,4.0,,,0.001,0.02
Variant,pre_level_booster,pre_level_booster_1,items,bundle_2_with_prelevel_boosters,purchase,purchase,4054.0,4.0,4.0,,,0.001,0.02
Variant,pre_level_booster,pre_level_booster_1,items,rolling_offer_p799_VarA,purchase,purchase,4054.0,3.0,3.0,,,0.001,0.02
Variant,pre_level_booster,pre_level_booster_1,items,rolling_offer_p349_tier3,purchase,purchase,4054.0,2.0,2.0,,,0.0,0.01
Variant,pre_level_booster,pre_level_booster_1,items,great_offer1_199,purchase,purchase,4054.0,1.0,1.0,,,0.0,0.01
Variant,pre_level_booster,pre_level_booster_1,items,rolling_offer_p999_tier3,purchase,purchase,4054.0,1.0,1.0,,,0.0,0.01
Variant,pre_level_booster,pre_level_booster_1,items,rolling_offer_tier1_p799_tier3,purchase,purchase,4054.0,1.0,1.0,,,0.0,0.01
Variant,pre_level_booster,pre_level_booster_2,items,player_level_up,reward_chest,core,4054.0,2123.0,5412.0,,,1.335,24.41
Variant,pre_level_booster,pre_level_booster_2,items,saga_progression,chapter_complete,core,4054.0,3467.0,5012.0,,,1.236,22.6
Variant,pre_level_booster,pre_level_booster_2,items,dream_pass_event,reward_event,meta,4054.0,1242.0,3360.0,,,0.829,15.15
Variant,pre_level_booster,pre_level_booster_2,items,Rainbow Maker,reward_event,meta,4054.0,1456.0,2237.0,,,0.552,10.09
Variant,pre_level_booster,pre_level_booster_2,items,dreamheist_event,reward_event,meta,4054.0,1534.0,1605.0,,,0.396,7.24
Variant,pre_level_booster,pre_level_booster_2,items,offer_free_items,rolling_offer,meta,4054.0,1235.0,1269.0,,,0.313,5.72
Variant,pre_level_booster,pre_level_booster_2,items,Hatchling Hideaway,event_reward,meta,4054.0,974.0,1008.0,,,0.249,4.55
Variant,pre_level_booster,pre_level_booster_2,items,Jigsaw,reward_event,meta,4054.0,766.0,784.0,,,0.193,3.54
Variant,pre_level_booster,pre_level_booster_2,items,FlockRush,event_reward,meta,4054.0,521.0,534.0,,,0.132,2.41
Variant,pre_level_booster,pre_level_booster_2,items,reward_chest,reward_chest,other,4054.0,243.0,250.0,,,0.062,1.13
Variant,pre_level_booster,pre_level_booster_2,items,bomb_ballet_event,reward_event,meta,4054.0,161.0,165.0,,,0.041,0.74
Variant,pre_level_booster,pre_level_booster_2,items,race_event,reward_event,meta,4054.0,105.0,106.0,,,0.026,0.48
Variant,pre_level_booster,pre_level_booster_2,items,ArcheryArena,reward_event,meta,4054.0,73.0,75.0,,,0.019,0.34
Variant,pre_level_booster,pre_level_booster_2,items,bundle_1_with_prelevel_boosters_tier3,purchase,purchase,4054.0,39.0,66.0,,,0.016,0.3
Variant,pre_level_booster,pre_level_booster_2,items,team_versus_contribution,reward_event,meta,4054.0,62.0,62.0,,,0.015,0.28
Variant,pre_level_booster,pre_level_booster_2,items,kite_festival_event,reward_event,meta,4054.0,34.0,34.0,,,0.008,0.15
Variant,pre_level_booster,pre_level_booster_2,items,season_pass_event,reward_event,meta,4054.0,17.0,31.0,,,0.008,0.14
Variant,pre_level_booster,pre_level_booster_2,items,ingame,purchase,purchase,4054.0,6.0,27.0,,,0.007,0.12
Variant,pre_level_booster,pre_level_booster_2,items,bundle_3_with_prelevel_boosters_tier3,purchase,purchase,4054.0,9.0,24.0,,,0.006,0.11
Variant,pre_level_booster,pre_level_booster_2,items,ad_chest,ad_chest,ads,4054.0,16.0,17.0,,,0.004,0.08
Variant,pre_level_booster,pre_level_booster_2,items,bundle_2_with_prelevel_boosters2,purchase,purchase,4054.0,7.0,16.0,,,0.004,0.07
Variant,pre_level_booster,pre_level_booster_2,items,bundle_2_with_prelevel_boosters_tier3,purchase,purchase,4054.0,6.0,12.0,,,0.003,0.05
Variant,pre_level_booster,pre_level_booster_2,items,bundle_7_with_prelevel_boosters,purchase,purchase,4054.0,11.0,11.0,,,0.003,0.05
Variant,pre_level_booster,pre_level_booster_2,items,rolling_offer_tier1_p299,purchase,purchase,4054.0,9.0,9.0,,,0.002,0.04
Variant,pre_level_booster,pre_level_booster_2,items,bundle_7_with_prelevel_boosters_tier3,purchase,purchase,4054.0,6.0,7.0,,,0.002,0.03
Variant,pre_level_booster,pre_level_booster_2,items,rolling_offer_tier1_p199_tier3,purchase,purchase,4054.0,6.0,6.0,,,0.001,0.03
Variant,pre_level_booster,pre_level_booster_2,items,bundle_7_with_prelevel_boosters2,purchase,purchase,4054.0,5.0,6.0,,,0.001,0.03
Variant,pre_level_booster,pre_level_booster_2,items,bundle_1_with_prelevel_boosters,purchase,purchase,4054.0,5.0,5.0,,,0.001,0.02
Variant,pre_level_booster,pre_level_booster_2,items,bundle_4_with_prelevel_boosters_tier3,purchase,purchase,4054.0,1.0,5.0,,,0.001,0.02
Variant,pre_level_booster,pre_level_booster_2,items,rolling_offer_tier1_p299_tier3,purchase,purchase,4054.0,4.0,4.0,,,0.001,0.02
Variant,pre_level_booster,pre_level_booster_2,items,bundle_2_with_prelevel_boosters,purchase,purchase,4054.0,4.0,4.0,,,0.001,0.02
Variant,pre_level_booster,pre_level_booster_2,items,rolling_offer_p799_VarA,purchase,purchase,4054.0,3.0,3.0,,,0.001,0.01
Variant,pre_level_booster,pre_level_booster_2,items,rolling_offer_p349_tier3,purchase,purchase,4054.0,2.0,2.0,,,0.0,0.01
Variant,pre_level_booster,pre_level_booster_2,items,river_rush,reward_event,meta,4054.0,1.0,2.0,,,0.0,0.01
Variant,pre_level_booster,pre_level_booster_2,items,rolling_offer_tier1_p799_tier3,purchase,purchase,4054.0,1.0,1.0,,,0.0,0.0
Variant,pre_level_booster,pre_level_booster_2,items,rolling_offer_p999_tier3,purchase,purchase,4054.0,1.0,1.0,,,0.0,0.0
Variant,pre_level_booster,pre_level_booster_2,items,great_offer1_199,purchase,purchase,4054.0,1.0,1.0,,,0.0,0.0
Variant,pre_level_booster,pre_level_booster_3,items,saga_progression,chapter_complete,core,4054.0,3551.0,4924.0,,,1.215,29.61
Variant,pre_level_booster,pre_level_booster_3,items,player_level_up,reward_chest,core,4054.0,2114.0,4296.0,,,1.06,25.84
Variant,pre_level_booster,pre_level_booster_3,items,Rainbow Maker,reward_event,meta,4054.0,1117.0,1904.0,,,0.47,11.45
Variant,pre_level_booster,pre_level_booster_3,items,offer_free_items,rolling_offer,meta,4054.0,1224.0,1260.0,,,0.311,7.58
Variant,pre_level_booster,pre_level_booster_3,items,dream_pass_event,reward_event,meta,4054.0,711.0,1013.0,,,0.25,6.09
Variant,pre_level_booster,pre_level_booster_3,items,Hatchling Hideaway,event_reward,meta,4054.0,912.0,944.0,,,0.233,5.68
Variant,pre_level_booster,pre_level_booster_3,items,FlockRush,event_reward,meta,4054.0,521.0,534.0,,,0.132,3.21
Variant,pre_level_booster,pre_level_booster_3,items,Jigsaw,reward_event,meta,4054.0,331.0,335.0,,,0.083,2.01
Variant,pre_level_booster,pre_level_booster_3,items,team_versus_contribution,reward_event,meta,4054.0,286.0,287.0,,,0.071,1.73
Variant,pre_level_booster,pre_level_booster_3,items,race_event,reward_event,meta,4054.0,278.0,282.0,,,0.07,1.7
Variant,pre_level_booster,pre_level_booster_3,items,reward_chest,reward_chest,other,4054.0,243.0,250.0,,,0.062,1.5
Variant,pre_level_booster,pre_level_booster_3,items,ArcheryArena,reward_event,meta,4054.0,204.0,213.0,,,0.053,1.28
Variant,pre_level_booster,pre_level_booster_3,items,bomb_ballet_event,reward_event,meta,4054.0,118.0,119.0,,,0.029,0.72
Variant,pre_level_booster,pre_level_booster_3,items,bundle_1_with_prelevel_boosters_tier3,purchase,purchase,4054.0,39.0,66.0,,,0.016,0.4
Variant,pre_level_booster,pre_level_booster_3,items,kite_festival_event,reward_event,meta,4054.0,39.0,40.0,,,0.01,0.24
Variant,pre_level_booster,pre_level_booster_3,items,ingame,purchase,purchase,4054.0,7.0,33.0,,,0.008,0.2
Variant,pre_level_booster,pre_level_booster_3,items,bundle_3_with_prelevel_boosters_tier3,purchase,purchase,4054.0,9.0,24.0,,,0.006,0.14
Variant,pre_level_booster,pre_level_booster_3,items,bundle_2_with_prelevel_boosters2,purchase,purchase,4054.0,7.0,16.0,,,0.004,0.1
Variant,pre_level_booster,pre_level_booster_3,items,bundle_2_with_prelevel_boosters_tier3,purchase,purchase,4054.0,6.0,12.0,,,0.003,0.07
Variant,pre_level_booster,pre_level_booster_3,items,bundle_7_with_prelevel_boosters,purchase,purchase,4054.0,11.0,11.0,,,0.003,0.07
Variant,pre_level_booster,pre_level_booster_3,items,rolling_offer_tier1_p299,purchase,purchase,4054.0,9.0,9.0,,,0.002,0.05
Variant,pre_level_booster,pre_level_booster_3,items,bundle_7_with_prelevel_boosters_tier3,purchase,purchase,4054.0,6.0,7.0,,,0.002,0.04
Variant,pre_level_booster,pre_level_booster_3,items,rolling_offer_tier1_p199_tier3,purchase,purchase,4054.0,6.0,6.0,,,0.001,0.04
Variant,pre_level_booster,pre_level_booster_3,items,bundle_7_with_prelevel_boosters2,purchase,purchase,4054.0,5.0,6.0,,,0.001,0.04
Variant,pre_level_booster,pre_level_booster_3,items,bundle_4_with_prelevel_boosters_tier3,purchase,purchase,4054.0,1.0,5.0,,,0.001,0.03
Variant,pre_level_booster,pre_level_booster_3,items,bundle_1_with_prelevel_boosters,purchase,purchase,4054.0,5.0,5.0,,,0.001,0.03
Variant,pre_level_booster,pre_level_booster_3,items,bundle_2_with_prelevel_boosters,purchase,purchase,4054.0,4.0,4.0,,,0.001,0.02
Variant,pre_level_booster,pre_level_booster_3,items,ad_chest,ad_chest,ads,4054.0,4.0,4.0,,,0.001,0.02
Variant,pre_level_booster,pre_level_booster_3,items,rolling_offer_tier1_p299_tier3,purchase,purchase,4054.0,4.0,4.0,,,0.001,0.02
Variant,pre_level_booster,pre_level_booster_3,items,season_pass_event,reward_event,meta,4054.0,4.0,4.0,,,0.001,0.02
Variant,pre_level_booster,pre_level_booster_3,items,rolling_offer_p799_VarA,purchase,purchase,4054.0,3.0,3.0,,,0.001,0.02
Variant,pre_level_booster,pre_level_booster_3,items,rolling_offer_p349_tier3,purchase,purchase,4054.0,2.0,2.0,,,0.0,0.01
Variant,pre_level_booster,pre_level_booster_3,items,river_rush,reward_event,meta,4054.0,2.0,2.0,,,0.0,0.01
Variant,pre_level_booster,pre_level_booster_3,items,rolling_offer_tier1_p799_tier3,purchase,purchase,4054.0,1.0,1.0,,,0.0,0.01
Variant,pre_level_booster,pre_level_booster_3,items,single_collection,reward_event,meta,4054.0,1.0,1.0,,,0.0,0.01
Variant,pre_level_booster,pre_level_booster_3,items,great_offer1_199,purchase,purchase,4054.0,1.0,1.0,,,0.0,0.01
Variant,pre_level_booster,pre_level_booster_3,items,rolling_offer_p999_tier3,purchase,purchase,4054.0,1.0,1.0,,,0.0,0.01
Variant,season_pass_multiplier_2x,SeasonPassMultiplier2x,minutes,Rainbow Maker,reward_event,meta,4054.0,1460.0,27300.0,,,6.734,92.54
Variant,season_pass_multiplier_2x,SeasonPassMultiplier2x,minutes,great_offer1_199_tier3,purchase,purchase,4054.0,3.0,1080.0,,,0.266,3.66
Variant,season_pass_multiplier_2x,SeasonPassMultiplier2x,minutes,great_offer1_299,purchase,purchase,4054.0,3.0,1080.0,,,0.266,3.66
Variant,season_pass_multiplier_2x,SeasonPassMultiplier2x,minutes,river_rush,reward_event,meta,4054.0,2.0,25.0,,,0.006,0.08
Variant,season_pass_multiplier_2x,SeasonPassMultiplier2x,minutes,gift,gift,other,4054.0,1.0,15.0,,,0.004,0.05
Variant,season_pass_tokens,SeasonPassToken,items,season_pass_event,event_reward,meta,4054.0,10.0,140.0,,,0.035,100.0
Variant,ul_pre_booster,UnlimitedBooster1,minutes,dream_pass_event,reward_event,meta,4054.0,1160.0,24605.0,,,6.069,31.98
Variant,ul_pre_booster,UnlimitedBooster1,minutes,Jigsaw,reward_event,meta,4054.0,893.0,15745.0,,,3.884,20.46
Variant,ul_pre_booster,UnlimitedBooster1,minutes,Rainbow Maker,reward_event,meta,4054.0,1110.0,14610.0,,,3.604,18.99
Variant,ul_pre_booster,UnlimitedBooster1,minutes,Hatchling Hideaway,event_reward,meta,4054.0,804.0,8310.0,,,2.05,10.8
Variant,ul_pre_booster,UnlimitedBooster1,minutes,daily_reward,daily_reward,core,4054.0,97.0,5940.0,,,1.465,7.72
Variant,ul_pre_booster,UnlimitedBooster1,minutes,bomb_ballet_event,reward_event,meta,4054.0,223.0,3840.0,,,0.947,4.99
Variant,ul_pre_booster,UnlimitedBooster1,minutes,great_offer1_299,purchase,purchase,4054.0,3.0,1080.0,,,0.266,1.4
Variant,ul_pre_booster,UnlimitedBooster1,minutes,great_offer1_199_tier3,purchase,purchase,4054.0,3.0,1080.0,,,0.266,1.4
Variant,ul_pre_booster,UnlimitedBooster1,minutes,Hard_Level_Offer1,purchase,purchase,4054.0,29.0,600.0,,,0.148,0.78
Variant,ul_pre_booster,UnlimitedBooster1,minutes,Hard_level_offer1_tier3,purchase,purchase,4054.0,28.0,560.0,,,0.138,0.73
Variant,ul_pre_booster,UnlimitedBooster1,minutes,season_pass_event,reward_event,meta,4054.0,19.0,400.0,,,0.099,0.52
Variant,ul_pre_booster,UnlimitedBooster1,minutes,river_rush,reward_event,meta,4054.0,3.0,80.0,,,0.02,0.1
Variant,ul_pre_booster,UnlimitedBooster1,minutes,SeasonPassHoliday,reward_event,meta,4054.0,1.0,65.0,,,0.016,0.08
Variant,ul_pre_booster,UnlimitedBooster1,minutes,gift,gift,other,4054.0,1.0,30.0,,,0.007,0.04
Variant,ul_pre_booster,UnlimitedBooster2,minutes,Jigsaw,reward_event,meta,4054.0,951.0,13910.0,,,3.431,28.0
Variant,ul_pre_booster,UnlimitedBooster2,minutes,dream_pass_event,reward_event,meta,4054.0,811.0,13885.0,,,3.425,27.95
Variant,ul_pre_booster,UnlimitedBooster2,minutes,Hatchling Hideaway,event_reward,meta,4054.0,610.0,6470.0,,,1.596,13.02
Variant,ul_pre_booster,UnlimitedBooster2,minutes,Rainbow Maker,reward_event,meta,4054.0,324.0,4160.0,,,1.026,8.37
Variant,ul_pre_booster,UnlimitedBooster2,minutes,daily_reward,daily_reward,core,4054.0,63.0,3840.0,,,0.947,7.73
Variant,ul_pre_booster,UnlimitedBooster2,minutes,bomb_ballet_event,reward_event,meta,4054.0,248.0,3720.0,,,0.918,7.49
Variant,ul_pre_booster,UnlimitedBooster2,minutes,great_offer1_199_tier3,purchase,purchase,4054.0,3.0,1080.0,,,0.266,2.17
Variant,ul_pre_booster,UnlimitedBooster2,minutes,great_offer1_299,purchase,purchase,4054.0,3.0,1080.0,,,0.266,2.17
Variant,ul_pre_booster,UnlimitedBooster2,minutes,Hard_Level_Offer1,purchase,purchase,4054.0,29.0,600.0,,,0.148,1.21
Variant,ul_pre_booster,UnlimitedBooster2,minutes,Hard_level_offer1_tier3,purchase,purchase,4054.0,28.0,560.0,,,0.138,1.13
Variant,ul_pre_booster,UnlimitedBooster2,minutes,season_pass_event,reward_event,meta,4054.0,16.0,255.0,,,0.063,0.51
Variant,ul_pre_booster,UnlimitedBooster2,minutes,river_rush,reward_event,meta,4054.0,2.0,65.0,,,0.016,0.13
Variant,ul_pre_booster,UnlimitedBooster2,minutes,gift,gift,other,4054.0,1.0,30.0,,,0.007,0.06
Variant,ul_pre_booster,UnlimitedBooster2,minutes,SeasonPassHoliday,reward_event,meta,4054.0,1.0,30.0,,,0.007,0.06
Variant,ul_pre_booster,UnlimitedBooster3,minutes,Jigsaw,reward_event,meta,4054.0,883.0,11970.0,,,2.953,55.67
Variant,ul_pre_booster,UnlimitedBooster3,minutes,bomb_ballet_event,reward_event,meta,4054.0,255.0,3810.0,,,0.94,17.72
Variant,ul_pre_booster,UnlimitedBooster3,minutes,daily_reward,daily_reward,core,4054.0,44.0,1350.0,,,0.333,6.28
Variant,ul_pre_booster,UnlimitedBooster3,minutes,great_offer1_299,purchase,purchase,4054.0,3.0,1080.0,,,0.266,5.02
Variant,ul_pre_booster,UnlimitedBooster3,minutes,great_offer1_199_tier3,purchase,purchase,4054.0,3.0,1080.0,,,0.266,5.02
Variant,ul_pre_booster,UnlimitedBooster3,minutes,dream_pass_event,reward_event,meta,4054.0,37.0,890.0,,,0.22,4.14
Variant,ul_pre_booster,UnlimitedBooster3,minutes,Hard_Level_Offer1,purchase,purchase,4054.0,29.0,600.0,,,0.148,2.79
Variant,ul_pre_booster,UnlimitedBooster3,minutes,Hard_level_offer1_tier3,purchase,purchase,4054.0,28.0,560.0,,,0.138,2.6
Variant,ul_pre_booster,UnlimitedBooster3,minutes,season_pass_event,reward_event,meta,4054.0,3.0,80.0,,,0.02,0.37
Variant,ul_pre_booster,UnlimitedBooster3,minutes,river_rush,reward_event,meta,4054.0,2.0,40.0,,,0.01,0.19
Variant,ul_pre_booster,UnlimitedBooster3,minutes,gift,gift,other,4054.0,1.0,30.0,,,0.007,0.14
Variant,ul_pre_booster,UnlimitedBooster3,minutes,SeasonPassHoliday,reward_event,meta,4054.0,1.0,10.0,,,0.002,0.05
Variant,unlimited_lives,UnlimitedLives,minutes,saga_progression,chapter_complete,core,4054.0,4025.0,1325840.0,,,327.045,53.95
Variant,unlimited_lives,UnlimitedLives,minutes,player_level_up,reward_chest,core,4054.0,3479.0,403440.0,,,99.517,16.42
Variant,unlimited_lives,UnlimitedLives,minutes,Rainbow Maker,reward_event,meta,4054.0,1640.0,103380.0,,,25.501,4.21
Variant,unlimited_lives,UnlimitedLives,minutes,dream_pass_event,reward_event,meta,4054.0,1168.0,103230.0,,,25.464,4.2
Variant,unlimited_lives,UnlimitedLives,minutes,FlockRush,event_reward,meta,4054.0,1654.0,100620.0,,,24.82,4.09
Variant,unlimited_lives,UnlimitedLives,minutes,dreamheist_event,reward_event,meta,4054.0,2717.0,93030.0,,,22.948,3.79
Variant,unlimited_lives,UnlimitedLives,minutes,Hatchling Hideaway,event_reward,meta,4054.0,1078.0,91980.0,,,22.689,3.74
Variant,unlimited_lives,UnlimitedLives,minutes,Jigsaw,reward_event,meta,4054.0,998.0,81150.0,,,20.017,3.3
Variant,unlimited_lives,UnlimitedLives,minutes,daily_reward,daily_reward,core,4054.0,1485.0,56320.0,,,13.892,2.29
Variant,unlimited_lives,UnlimitedLives,minutes,ArcheryArena,reward_event,meta,4054.0,846.0,26250.0,,,6.475,1.07
Variant,unlimited_lives,UnlimitedLives,minutes,kite_festival_event,reward_event,meta,4054.0,704.0,22400.0,,,5.525,0.91
Variant,unlimited_lives,UnlimitedLives,minutes,bomb_ballet_event,reward_event,meta,4054.0,290.0,21840.0,,,5.387,0.89
Variant,unlimited_lives,UnlimitedLives,minutes,reward_chest,reward_chest,other,4054.0,243.0,7500.0,,,1.85,0.31
Variant,unlimited_lives,UnlimitedLives,minutes,ad_chest,ad_chest,ads,4054.0,481.0,6890.0,,,1.7,0.28
Variant,unlimited_lives,UnlimitedLives,minutes,offer_free_items,rolling_offer,meta,4054.0,83.0,5045.0,,,1.244,0.21
Variant,unlimited_lives,UnlimitedLives,minutes,season_pass_event,reward_event,meta,4054.0,24.0,2235.0,,,0.551,0.09
Variant,unlimited_lives,UnlimitedLives,minutes,great_offer1_299,purchase,purchase,4054.0,3.0,1080.0,,,0.266,0.04
Variant,unlimited_lives,UnlimitedLives,minutes,great_offer1_199_tier3,purchase,purchase,4054.0,3.0,1080.0,,,0.266,0.04
Variant,unlimited_lives,UnlimitedLives,minutes,race_event,reward_event,meta,4054.0,20.0,995.0,,,0.245,0.04
Variant,unlimited_lives,UnlimitedLives,minutes,rolling_offer_p049_tier3,purchase,purchase,4054.0,17.0,765.0,,,0.189,0.03
Variant,unlimited_lives,UnlimitedLives,minutes,Hard_Level_Offer1,purchase,purchase,4054.0,29.0,600.0,,,0.148,0.02
Variant,unlimited_lives,UnlimitedLives,minutes,Hard_level_offer1_tier3,purchase,purchase,4054.0,28.0,560.0,,,0.138,0.02
Variant,unlimited_lives,UnlimitedLives,minutes,bundle_4_with_prelevel_boosters_tier3,purchase,purchase,4054.0,1.0,360.0,,,0.089,0.01
Variant,unlimited_lives,UnlimitedLives,minutes,rolling_offer_p099_VarA,purchase,purchase,4054.0,6.0,270.0,,,0.067,0.01
Variant,unlimited_lives,UnlimitedLives,minutes,rolling_offer_p799_VarA,purchase,purchase,4054.0,3.0,180.0,,,0.044,0.01
Variant,unlimited_lives,UnlimitedLives,minutes,rolling_offer_tier1_p499_VarA,purchase,purchase,4054.0,4.0,160.0,,,0.039,0.01
Variant,unlimited_lives,UnlimitedLives,minutes,rolling_offer_p999_tier3,purchase,purchase,4054.0,1.0,120.0,,,0.03,0.0
Variant,unlimited_lives,UnlimitedLives,minutes,rolling_offer_tier1_p799_tier3,purchase,purchase,4054.0,1.0,120.0,,,0.03,0.0
Variant,unlimited_lives,UnlimitedLives,minutes,rolling_offer_tier1_p299_tier3,purchase,purchase,4054.0,4.0,120.0,,,0.03,0.0
Variant,unlimited_lives,UnlimitedLives,minutes,rolling_offer_p349_tier3,purchase,purchase,4054.0,2.0,120.0,,,0.03,0.0
Variant,unlimited_lives,UnlimitedLives,minutes,SeasonPassHoliday,reward_event,meta,4054.0,1.0,30.0,,,0.007,0.0
Variant,unlimited_lives,UnlimitedLives,minutes,gift,gift,other,4054.0,1.0,30.0,,,0.007,0.0
