ab_group,resource_category,resource,unit,action,spend_context,spend_detail,player_days,spender_days,spend_events,amount_spent,amount_spent_free,amount_spent_paid,amount_per_active_player_day,pct_of_resource_spent
Control,currency,HardCoin,coins,extra_moves,level_movesplus5,5,4096.0,3637.0,24327.0,2432700.0,2239594.0,193106.0,593.921,90.3
Control,currency,HardCoin,coins,extra_moves,level_movesplus10,10,4096.0,336.0,456.0,45600.0,43376.0,2224.0,11.133,1.69
Control,currency,HardCoin,coins,extra_moves,level_movesplus15,15,4096.0,272.0,344.0,34400.0,31900.0,2500.0,8.398,1.28
Control,currency,HardCoin,coins,purchase_lives,level_lives,purchase_lives,4096.0,248.0,529.0,26450.0,20075.0,6375.0,6.458,0.98
Control,currency,HardCoin,coins,extra_moves,level_movesplus20,20,4096.0,194.0,237.0,23700.0,22185.0,1515.0,5.786,0.88
Control,currency,HardCoin,coins,extra_moves,level_movesplus50,50,4096.0,169.0,220.0,22000.0,19064.0,2936.0,5.371,0.82
Control,currency,HardCoin,coins,extra_moves,level_movesplus25,25,4096.0,130.0,152.0,15200.0,14326.0,874.0,3.711,0.56
Control,currency,HardCoin,coins,purchase_pre_level_booster,map_pre_level_booster,pre_level_booster_3,4096.0,13.0,68.0,13600.0,3030.0,10570.0,3.32,0.5
Control,currency,HardCoin,coins,purchase_lives,map_lives,purchase_lives,4096.0,190.0,271.0,13550.0,10016.0,3534.0,3.308,0.5
Control,currency,HardCoin,coins,purchase_powerup,level_powerup,powerup_2,4096.0,47.0,85.0,12900.0,12006.0,894.0,3.149,0.48
Control,currency,HardCoin,coins,extra_moves,level_movesplus30,30,4096.0,93.0,108.0,10800.0,10114.0,686.0,2.637,0.4
Control,currency,HardCoin,coins,purchase_powerup,level_powerup,powerup_3,4096.0,32.0,48.0,9450.0,7900.0,1550.0,2.307,0.35
Control,currency,HardCoin,coins,purchase_powerup,level_powerup,powerup_1,4096.0,15.0,15.0,7500.0,7020.0,480.0,1.831,0.28
Control,currency,HardCoin,coins,extra_moves,level_movesplus35,35,4096.0,68.0,73.0,7300.0,6501.0,799.0,1.782,0.27
Control,currency,HardCoin,coins,extra_moves,level_movesplus40,40,4096.0,42.0,44.0,4400.0,3767.0,633.0,1.074,0.16
Control,currency,HardCoin,coins,purchase_pre_level_booster,map_pre_level_booster,pre_level_booster_2,4096.0,12.0,25.0,3750.0,2713.0,1037.0,0.916,0.14
Control,currency,HardCoin,coins,extra_moves,level_movesplus45,45,4096.0,36.0,37.0,3700.0,3188.0,512.0,0.903,0.14
Control,currency,HardCoin,coins,level_movesplus5,level_movesplus5,level_movesplus5,4096.0,5.0,36.0,3600.0,3600.0,0.0,0.879,0.13
Control,currency,HardCoin,coins,purchase_pre_level_booster,map_pre_level_booster,pre_level_booster_1,4096.0,8.0,12.0,1200.0,1000.0,200.0,0.293,0.04
Control,currency,HardCoin,coins,team_created,unknown,unknown,4096.0,7.0,7.0,1050.0,1050.0,0.0,0.256,0.04
Control,currency,HardCoin,coins,purchase_pre_level_booster,level_pre_level_booster,pre_level_booster_3,4096.0,3.0,3.0,600.0,415.0,185.0,0.146,0.02
Control,currency,HardCoin,coins,purchase_pre_level_booster,level_pre_level_booster,pre_level_booster_2,4096.0,2.0,2.0,300.0,300.0,0.0,0.073,0.01
Control,currency,HardCoin,coins,purchase_pre_level_booster,level_pre_level_booster,pre_level_booster_1,4096.0,3.0,3.0,300.0,300.0,0.0,0.073,0.01
Control,life,life,items,in_game_use,saga,in_level,4096.0,3797.0,114864.0,114864.0,,,28.043,100.0
Control,powerup,powerup_1,items,in_game_use,saga,in_level,4096.0,3459.0,19374.0,19374.0,,,4.73,100.0
Control,powerup,powerup_2,items,in_game_use,saga,in_level,4096.0,3649.0,21872.0,21872.0,,,5.34,100.0
Control,powerup,powerup_3,items,in_game_use,saga,in_level,4096.0,3637.0,24475.0,24475.0,,,5.975,100.0
Control,powerup,unknown,items,in_game_use,saga,in_level,4096.0,1.0,138.0,138000.0,,,33.691,100.0
Control,pre_level_booster,pre_level_booster_1,items,in_game_use,saga,in_level,4096.0,3345.0,23796.0,23796.0,,,5.81,100.0
Control,pre_level_booster,pre_level_booster_2,items,in_game_use,saga,in_level,4096.0,3210.0,25767.0,25767.0,,,6.291,100.0
Control,pre_level_booster,pre_level_booster_3,items,in_game_use,saga,in_level,4096.0,2906.0,12649.0,12649.0,,,3.088,100.0
Control,ul_pre_booster,UnlimitedBooster1,items,in_game_use,saga,in_level,4096.0,2548.0,52918.0,52918.0,,,12.919,100.0
Control,ul_pre_booster,UnlimitedBooster2,items,in_game_use,saga,in_level,4096.0,2383.0,38701.0,38701.0,,,9.448,100.0
Control,ul_pre_booster,UnlimitedBooster3,items,in_game_use,saga,in_level,4096.0,1307.0,17154.0,17154.0,,,4.188,100.0
Control,unlimited_lives,UnlimitedLives,items,in_game_use,saga,in_level,4096.0,1.0,138.0,138.0,,,0.034,100.0
Variant,currency,HardCoin,coins,extra_moves,level_movesplus5,5,4054.0,3552.0,19424.0,1942400.0,1817686.0,124714.0,479.132,90.92
Variant,currency,HardCoin,coins,extra_moves,level_movesplus10,10,4054.0,316.0,404.0,40400.0,38077.0,2323.0,9.965,1.89
Variant,currency,HardCoin,coins,extra_moves,level_movesplus15,15,4054.0,202.0,238.0,23800.0,22069.0,1731.0,5.871,1.11
Variant,currency,HardCoin,coins,extra_moves,level_movesplus20,20,4054.0,200.0,215.0,21500.0,20369.0,1131.0,5.303,1.01
Variant,currency,HardCoin,coins,extra_moves,level_movesplus50,50,4054.0,182.0,215.0,21500.0,19330.0,2170.0,5.303,1.01
Variant,currency,HardCoin,coins,purchase_lives,level_lives,purchase_lives,4054.0,131.0,335.0,16750.0,13870.0,2880.0,4.132,0.78
Variant,currency,HardCoin,coins,extra_moves,level_movesplus25,25,4054.0,114.0,130.0,13000.0,12129.0,871.0,3.207,0.61
Variant,currency,HardCoin,coins,purchase_powerup,level_powerup,powerup_2,4054.0,53.0,75.0,11250.0,10390.0,860.0,2.775,0.53
Variant,currency,HardCoin,coins,extra_moves,level_movesplus30,30,4054.0,85.0,95.0,9500.0,9032.0,468.0,2.343,0.44
Variant,currency,HardCoin,coins,purchase_lives,map_lives,purchase_lives,4054.0,97.0,151.0,7550.0,5260.0,2290.0,1.862,0.35
Variant,currency,HardCoin,coins,extra_moves,level_movesplus35,35,4054.0,65.0,68.0,6800.0,6026.0,774.0,1.677,0.32
Variant,currency,HardCoin,coins,extra_moves,level_movesplus45,45,4054.0,41.0,42.0,4200.0,4127.0,73.0,1.036,0.2
Variant,currency,HardCoin,coins,extra_moves,level_movesplus40,40,4054.0,41.0,42.0,4200.0,3975.0,225.0,1.036,0.2
Variant,currency,HardCoin,coins,purchase_powerup,level_powerup,powerup_3,4054.0,21.0,21.0,4200.0,4200.0,0.0,1.036,0.2
Variant,currency,HardCoin,coins,purchase_powerup,level_powerup,powerup_1,4054.0,6.0,6.0,3000.0,3000.0,0.0,0.74,0.14
Variant,currency,HardCoin,coins,purchase_pre_level_booster,map_pre_level_booster,pre_level_booster_3,4054.0,6.0,10.0,2000.0,1400.0,600.0,0.493,0.09
Variant,currency,HardCoin,coins,team_created,unknown,unknown,4054.0,9.0,9.0,1350.0,1200.0,150.0,0.333,0.06
Variant,currency,HardCoin,coins,purchase_pre_level_booster,map_pre_level_booster,pre_level_booster_2,4054.0,5.0,8.0,1200.0,775.0,425.0,0.296,0.06
Variant,currency,HardCoin,coins,level_movesplus5,level_movesplus5,level_movesplus5,4054.0,4.0,7.0,700.0,700.0,0.0,0.173,0.03
Variant,currency,HardCoin,coins,purchase_pre_level_booster,map_pre_level_booster,pre_level_booster_1,4054.0,3.0,6.0,600.0,600.0,0.0,0.148,0.03
Variant,currency,HardCoin,coins,purchase_pre_level_booster,level_pre_level_booster,pre_level_booster_3,4054.0,1.0,1.0,200.0,200.0,0.0,0.049,0.01
Variant,currency,HardCoin,coins,purchase_pre_level_booster,level_pre_level_booster,pre_level_booster_2,4054.0,1.0,1.0,150.0,150.0,0.0,0.037,0.01
Variant,currency,HardCoin,coins,purchase_pre_level_booster,level_pre_level_booster,pre_level_booster_1,4054.0,1.0,1.0,100.0,100.0,0.0,0.025,0.0
Variant,life,life,items,in_game_use,saga,in_level,4054.0,3586.0,60172.0,60172.0,,,14.843,99.92
Variant,life,life,items,in_game_use,dream_peak,in_level,4054.0,1.0,50.0,50.0,,,0.012,0.08
Variant,powerup,powerup_1,items,in_game_use,saga,in_level,4054.0,3178.0,17639.0,17639.0,,,4.351,99.99
Variant,powerup,powerup_1,items,in_game_use,dream_peak,in_level,4054.0,1.0,1.0,1.0,,,0.0,0.01
Variant,powerup,powerup_2,items,in_game_use,saga,in_level,4054.0,3554.0,20877.0,20877.0,,,5.15,99.99
Variant,powerup,powerup_2,items,in_game_use,dream_peak,in_level,4054.0,1.0,2.0,2.0,,,0.0,0.01
Variant,powerup,powerup_3,items,in_game_use,saga,in_level,4054.0,3531.0,23138.0,23138.0,,,5.707,100.0
Variant,powerup,powerup_3,items,in_game_use,dream_peak,in_level,4054.0,1.0,1.0,1.0,,,0.0,0.0
Variant,pre_level_booster,pre_level_booster_1,items,in_game_use,saga,in_level,4054.0,3123.0,15171.0,15171.0,,,3.742,99.99
Variant,pre_level_booster,pre_level_booster_1,items,in_game_use,dream_peak,in_level,4054.0,1.0,2.0,2.0,,,0.0,0.01
Variant,pre_level_booster,pre_level_booster_2,items,in_game_use,saga,in_level,4054.0,2942.0,16475.0,16475.0,,,4.064,99.98
Variant,pre_level_booster,pre_level_booster_2,items,in_game_use,dream_peak,in_level,4054.0,1.0,3.0,3.0,,,0.001,0.02
Variant,pre_level_booster,pre_level_booster_3,items,in_game_use,saga,in_level,4054.0,2877.0,12743.0,12743.0,,,3.143,99.98
Variant,pre_level_booster,pre_level_booster_3,items,in_game_use,dream_peak,in_level,4054.0,1.0,2.0,2.0,,,0.0,0.02
Variant,ul_pre_booster,UnlimitedBooster1,items,in_game_use,saga,in_level,4054.0,2548.0,48638.0,48638.0,,,11.998,100.0
Variant,ul_pre_booster,UnlimitedBooster2,items,in_game_use,saga,in_level,4054.0,2267.0,33898.0,33898.0,,,8.362,100.0
Variant,ul_pre_booster,UnlimitedBooster3,items,in_game_use,saga,in_level,4054.0,1218.0,15652.0,15652.0,,,3.861,100.0
Variant,unlimited_lives,UnlimitedLives,items,in_game_use,saga,in_level,4054.0,1.0,2.0,2.0,,,0.0,100.0
