segment,ab_group,resource_category,resource,unit,action,spend_context,spend_detail,player_days,spender_days,spend_events,amount_spent,amount_spent_free,amount_spent_paid,amount_per_active_player_day,pct_of_resource_spent
A. 0,Control,currency,HardCoin,coins,extra_moves,level_movesplus5,5,42977.0,3958.0,10622.0,1062200.0,796829.0,265371.0,24.716,84.74
A. 0,Control,currency,HardCoin,coins,extra_moves,level_movesplus50,50,42977.0,348.0,374.0,37400.0,31390.0,6010.0,0.87,2.98
A. 0,Control,currency,HardCoin,coins,purchase_lives,level_lives,purchase_lives,42977.0,359.0,454.0,22700.0,12614.0,10086.0,0.528,1.81
A. 0,Control,currency,HardCoin,coins,purchase_lives,map_lives,purchase_lives,42977.0,268.0,390.0,19500.0,12184.0,7316.0,0.454,1.56
A. 0,Control,currency,HardCoin,coins,extra_moves,level_movesplus20,20,42977.0,155.0,162.0,16200.0,13689.0,2511.0,0.377,1.29
A. 0,Control,currency,HardCoin,coins,purchase_powerup,level_powerup,powerup_2,42977.0,77.0,108.0,16200.0,12810.0,3390.0,0.377,1.29
A. 0,Control,currency,HardCoin,coins,extra_moves,level_movesplus15,15,42977.0,138.0,150.0,15000.0,13686.0,1314.0,0.349,1.2
A. 0,Control,currency,HardCoin,coins,extra_moves,level_movesplus10,10,42977.0,137.0,146.0,14600.0,12557.0,2043.0,0.34,1.16
A. 0,Control,currency,HardCoin,coins,extra_moves,level_movesplus30,30,42977.0,100.0,105.0,10500.0,8801.0,1699.0,0.244,0.84
A. 0,Control,currency,HardCoin,coins,extra_moves,level_movesplus25,25,42977.0,94.0,96.0,9600.0,8394.0,1206.0,0.223,0.77
A. 0,Control,currency,HardCoin,coins,purchase_powerup,level_powerup,powerup_3,42977.0,32.0,32.0,6400.0,6395.0,5.0,0.149,0.51
A. 0,Control,currency,HardCoin,coins,extra_moves,level_movesplus35,35,42977.0,55.0,55.0,5500.0,4605.0,895.0,0.128,0.44
A. 0,Control,currency,HardCoin,coins,extra_moves,level_movesplus40,40,42977.0,49.0,51.0,5100.0,4645.0,455.0,0.119,0.41
A. 0,Control,currency,HardCoin,coins,extra_moves,level_movesplus45,45,42977.0,29.0,30.0,3000.0,2580.0,420.0,0.07,0.24
A. 0,Control,currency,HardCoin,coins,purchase_pre_level_booster,map_pre_level_booster,pre_level_booster_1,42977.0,25.0,25.0,2500.0,2395.0,105.0,0.058,0.2
A. 0,Control,currency,HardCoin,coins,purchase_pre_level_booster,map_pre_level_booster,pre_level_booster_2,42977.0,14.0,14.0,2100.0,1950.0,150.0,0.049,0.17
A. 0,Control,currency,HardCoin,coins,purchase_pre_level_booster,map_pre_level_booster,pre_level_booster_3,42977.0,10.0,10.0,2000.0,1800.0,200.0,0.047,0.16
A. 0,Control,currency,HardCoin,coins,purchase_powerup,level_powerup,powerup_1,42977.0,3.0,3.0,1500.0,1500.0,0.0,0.035,0.12
A. 0,Control,currency,HardCoin,coins,purchase_pre_level_booster,level_pre_level_booster,pre_level_booster_2,42977.0,4.0,4.0,600.0,600.0,0.0,0.014,0.05
A. 0,Control,currency,HardCoin,coins,purchase_pre_level_booster,level_pre_level_booster,pre_level_booster_1,42977.0,4.0,4.0,400.0,400.0,0.0,0.009,0.03
A. 0,Control,currency,HardCoin,coins,purchase_pre_level_booster,level_pre_level_booster,pre_level_booster_3,42977.0,1.0,1.0,200.0,200.0,0.0,0.005,0.02
A. 0,Control,currency,HardCoin,coins,team_created,unknown,unknown,42977.0,1.0,1.0,150.0,150.0,0.0,0.003,0.01
A. 0,Control,currency,HardCoin,coins,level_movesplus5,level_movesplus5,level_movesplus5,42977.0,1.0,1.0,100.0,100.0,0.0,0.002,0.01
A. 0,Control,life,life,items,in_game_use,dream_peak,in_level,42977.0,4946.0,212554.0,212554.0,,,4.946,83.08
A. 0,Control,life,life,items,in_game_use,saga,in_level,42977.0,11098.0,43278.0,43278.0,,,1.007,16.92
A. 0,Control,powerup,powerup_1,items,in_game_use,dream_peak,in_level,42977.0,2774.0,5255.0,5255.0,,,0.122,89.37
A. 0,Control,powerup,powerup_1,items,in_game_use,saga,in_level,42977.0,511.0,625.0,625.0,,,0.015,10.63
A. 0,Control,powerup,powerup_2,items,in_game_use,dream_peak,in_level,42977.0,3795.0,9291.0,9291.0,,,0.216,83.26
A. 0,Control,powerup,powerup_2,items,in_game_use,saga,in_level,42977.0,1293.0,1868.0,1868.0,,,0.043,16.74
A. 0,Control,powerup,powerup_3,items,in_game_use,dream_peak,in_level,42977.0,3640.0,7842.0,7842.0,,,0.182,81.44
A. 0,Control,powerup,powerup_3,items,in_game_use,saga,in_level,42977.0,1391.0,1787.0,1787.0,,,0.042,18.56
A. 0,Control,pre_level_booster,pre_level_booster_1,items,in_game_use,dream_peak,in_level,42977.0,2481.0,5183.0,5183.0,,,0.121,64.77
A. 0,Control,pre_level_booster,pre_level_booster_1,items,in_game_use,saga,in_level,42977.0,2252.0,2819.0,2819.0,,,0.066,35.23
A. 0,Control,pre_level_booster,pre_level_booster_2,items,in_game_use,dream_peak,in_level,42977.0,2507.0,5235.0,5235.0,,,0.122,64.17
A. 0,Control,pre_level_booster,pre_level_booster_2,items,in_game_use,saga,in_level,42977.0,2329.0,2923.0,2923.0,,,0.068,35.83
A. 0,Control,pre_level_booster,pre_level_booster_3,items,in_game_use,dream_peak,in_level,42977.0,2356.0,4509.0,4509.0,,,0.105,75.59
A. 0,Control,pre_level_booster,pre_level_booster_3,items,in_game_use,saga,in_level,42977.0,1318.0,1456.0,1456.0,,,0.034,24.41
A. 0,Control,ul_pre_booster,UnlimitedBooster1,items,in_game_use,dream_peak,in_level,42977.0,1945.0,30882.0,30882.0,,,0.719,94.48
A. 0,Control,ul_pre_booster,UnlimitedBooster1,items,in_game_use,saga,in_level,42977.0,845.0,1803.0,1803.0,,,0.042,5.52
A. 0,Control,ul_pre_booster,UnlimitedBooster2,items,in_game_use,dream_peak,in_level,42977.0,1745.0,27839.0,27839.0,,,0.648,96.82
A. 0,Control,ul_pre_booster,UnlimitedBooster2,items,in_game_use,saga,in_level,42977.0,445.0,915.0,915.0,,,0.021,3.18
A. 0,Control,ul_pre_booster,UnlimitedBooster3,items,in_game_use,dream_peak,in_level,42977.0,1136.0,18912.0,18912.0,,,0.44,99.25
A. 0,Control,ul_pre_booster,UnlimitedBooster3,items,in_game_use,saga,in_level,42977.0,78.0,142.0,142.0,,,0.003,0.75
A. 0,Control,unlimited_lives,UnlimitedLives,items,in_game_use,saga,in_level,42977.0,2.0,6.0,6.0,,,0.0,100.0
A. 0,Variant,currency,HardCoin,coins,extra_moves,level_movesplus5,5,43108.0,3967.0,12845.0,1284500.0,1086866.0,197634.0,29.797,86.43
A. 0,Variant,currency,HardCoin,coins,extra_moves,level_movesplus50,50,43108.0,374.0,427.0,42700.0,37468.0,5232.0,0.991,2.87
A. 0,Variant,currency,HardCoin,coins,purchase_lives,level_lives,purchase_lives,43108.0,336.0,484.0,24200.0,15298.0,8902.0,0.561,1.63
A. 0,Variant,currency,HardCoin,coins,extra_moves,level_movesplus10,10,43108.0,159.0,179.0,17900.0,15920.0,1980.0,0.415,1.2
A. 0,Variant,currency,HardCoin,coins,extra_moves,level_movesplus15,15,43108.0,160.0,174.0,17400.0,15081.0,2319.0,0.404,1.17
A. 0,Variant,currency,HardCoin,coins,purchase_lives,map_lives,purchase_lives,43108.0,242.0,343.0,17150.0,11138.0,6012.0,0.398,1.15
A. 0,Variant,currency,HardCoin,coins,extra_moves,level_movesplus20,20,43108.0,127.0,135.0,13500.0,11863.0,1637.0,0.313,0.91
A. 0,Variant,currency,HardCoin,coins,extra_moves,level_movesplus25,25,43108.0,104.0,108.0,10800.0,9348.0,1452.0,0.251,0.73
A. 0,Variant,currency,HardCoin,coins,purchase_powerup,level_powerup,powerup_2,43108.0,57.0,69.0,10350.0,9171.0,1179.0,0.24,0.7
A. 0,Variant,currency,HardCoin,coins,extra_moves,level_movesplus30,30,43108.0,95.0,96.0,9600.0,9006.0,594.0,0.223,0.65
A. 0,Variant,currency,HardCoin,coins,purchase_powerup,level_powerup,powerup_3,43108.0,40.0,45.0,9000.0,8948.0,52.0,0.209,0.61
A. 0,Variant,currency,HardCoin,coins,extra_moves,level_movesplus35,35,43108.0,61.0,62.0,6200.0,5635.0,565.0,0.144,0.42
A. 0,Variant,currency,HardCoin,coins,extra_moves,level_movesplus40,40,43108.0,57.0,60.0,6000.0,5205.0,795.0,0.139,0.4
A. 0,Variant,currency,HardCoin,coins,extra_moves,level_movesplus45,45,43108.0,51.0,54.0,5400.0,4867.0,533.0,0.125,0.36
A. 0,Variant,currency,HardCoin,coins,purchase_powerup,level_powerup,powerup_1,43108.0,7.0,7.0,3500.0,3500.0,0.0,0.081,0.24
A. 0,Variant,currency,HardCoin,coins,purchase_pre_level_booster,map_pre_level_booster,pre_level_booster_3,43108.0,13.0,13.0,2600.0,2400.0,200.0,0.06,0.17
A. 0,Variant,currency,HardCoin,coins,purchase_pre_level_booster,map_pre_level_booster,pre_level_booster_1,43108.0,25.0,25.0,2500.0,2500.0,0.0,0.058,0.17
A. 0,Variant,currency,HardCoin,coins,purchase_pre_level_booster,map_pre_level_booster,pre_level_booster_2,43108.0,12.0,12.0,1800.0,1800.0,0.0,0.042,0.12
A. 0,Variant,currency,HardCoin,coins,purchase_pre_level_booster,level_pre_level_booster,pre_level_booster_1,43108.0,3.0,3.0,300.0,300.0,0.0,0.007,0.02
A. 0,Variant,currency,HardCoin,coins,level_movesplus5,level_movesplus5,level_movesplus5,43108.0,1.0,2.0,200.0,200.0,0.0,0.005,0.01
A. 0,Variant,currency,HardCoin,coins,purchase_pre_level_booster,level_pre_level_booster,pre_level_booster_3,43108.0,1.0,1.0,200.0,200.0,0.0,0.005,0.01
A. 0,Variant,currency,HardCoin,coins,purchase_pre_level_booster,level_pre_level_booster,pre_level_booster_2,43108.0,1.0,1.0,150.0,150.0,0.0,0.003,0.01
A. 0,Variant,currency,HardCoin,coins,team_created,unknown,unknown,43108.0,1.0,1.0,150.0,150.0,0.0,0.003,0.01
A. 0,Variant,life,life,items,in_game_use,dream_peak,in_level,43108.0,4982.0,209087.0,209087.0,,,4.85,81.78
A. 0,Variant,life,life,items,in_game_use,saga,in_level,43108.0,11792.0,46568.0,46568.0,,,1.08,18.22
A. 0,Variant,powerup,powerup_1,items,in_game_use,dream_peak,in_level,43108.0,2864.0,7430.0,7430.0,,,0.172,91.77
A. 0,Variant,powerup,powerup_1,items,in_game_use,saga,in_level,43108.0,546.0,666.0,666.0,,,0.015,8.23
A. 0,Variant,powerup,powerup_2,items,in_game_use,dream_peak,in_level,43108.0,3851.0,10305.0,10305.0,,,0.239,82.82
A. 0,Variant,powerup,powerup_2,items,in_game_use,saga,in_level,43108.0,1432.0,2138.0,2138.0,,,0.05,17.18
A. 0,Variant,powerup,powerup_3,items,in_game_use,dream_peak,in_level,43108.0,3684.0,11784.0,11784.0,,,0.273,86.79
A. 0,Variant,powerup,powerup_3,items,in_game_use,saga,in_level,43108.0,1405.0,1793.0,1793.0,,,0.042,13.21
A. 0,Variant,pre_level_booster,pre_level_booster_1,items,in_game_use,dream_peak,in_level,43108.0,2860.0,8424.0,8424.0,,,0.195,71.5
A. 0,Variant,pre_level_booster,pre_level_booster_1,items,in_game_use,saga,in_level,43108.0,2635.0,3358.0,3358.0,,,0.078,28.5
A. 0,Variant,pre_level_booster,pre_level_booster_2,items,in_game_use,dream_peak,in_level,43108.0,2564.0,7490.0,7490.0,,,0.174,69.99
A. 0,Variant,pre_level_booster,pre_level_booster_2,items,in_game_use,saga,in_level,43108.0,2533.0,3211.0,3211.0,,,0.074,30.01
A. 0,Variant,pre_level_booster,pre_level_booster_3,items,in_game_use,dream_peak,in_level,43108.0,2404.0,6315.0,6315.0,,,0.146,79.7
A. 0,Variant,pre_level_booster,pre_level_booster_3,items,in_game_use,saga,in_level,43108.0,1423.0,1608.0,1608.0,,,0.037,20.3
A. 0,Variant,pre_level_booster,unknown,items,in_game_use,saga,in_level,43108.0,1.0,2.0,2.0,,,0.0,100.0
A. 0,Variant,ul_pre_booster,UnlimitedBooster1,items,in_game_use,dream_peak,in_level,43108.0,2104.0,27552.0,27552.0,,,0.639,93.49
A. 0,Variant,ul_pre_booster,UnlimitedBooster1,items,in_game_use,saga,in_level,43108.0,888.0,1917.0,1917.0,,,0.044,6.51
A. 0,Variant,ul_pre_booster,UnlimitedBooster2,items,in_game_use,dream_peak,in_level,43108.0,2209.0,28179.0,28179.0,,,0.654,96.74
A. 0,Variant,ul_pre_booster,UnlimitedBooster2,items,in_game_use,saga,in_level,43108.0,478.0,950.0,950.0,,,0.022,3.26
A. 0,Variant,ul_pre_booster,UnlimitedBooster3,items,in_game_use,dream_peak,in_level,43108.0,1393.0,20280.0,20280.0,,,0.47,99.07
A. 0,Variant,ul_pre_booster,UnlimitedBooster3,items,in_game_use,saga,in_level,43108.0,92.0,191.0,191.0,,,0.004,0.93
A. 0,Variant,unlimited_lives,UnlimitedLives,items,in_game_use,saga,in_level,43108.0,3.0,4.0,4.0,,,0.0,100.0
B. 1-9,Control,currency,HardCoin,coins,extra_moves,level_movesplus5,5,67171.0,15732.0,21933.0,2193300.0,2103315.0,89985.0,32.652,73.37
B. 1-9,Control,currency,HardCoin,coins,extra_moves,level_movesplus50,50,67171.0,1373.0,1408.0,140800.0,136287.0,4513.0,2.096,4.71
B. 1-9,Control,currency,HardCoin,coins,extra_moves,level_movesplus10,10,67171.0,1032.0,1089.0,108900.0,105779.0,3121.0,1.621,3.64
B. 1-9,Control,currency,HardCoin,coins,extra_moves,level_movesplus15,15,67171.0,864.0,888.0,88800.0,85550.0,3250.0,1.322,2.97
B. 1-9,Control,currency,HardCoin,coins,purchase_lives,level_lives,purchase_lives,67171.0,1308.0,1726.0,86300.0,55195.0,31105.0,1.285,2.89
B. 1-9,Control,currency,HardCoin,coins,extra_moves,level_movesplus20,20,67171.0,718.0,730.0,73000.0,70927.0,2073.0,1.087,2.44
B. 1-9,Control,currency,HardCoin,coins,extra_moves,level_movesplus25,25,67171.0,539.0,547.0,54700.0,52469.0,2231.0,0.814,1.83
B. 1-9,Control,currency,HardCoin,coins,extra_moves,level_movesplus30,30,67171.0,373.0,375.0,37500.0,36046.0,1454.0,0.558,1.25
B. 1-9,Control,currency,HardCoin,coins,purchase_lives,map_lives,purchase_lives,67171.0,559.0,632.0,31600.0,19565.0,12035.0,0.47,1.06
B. 1-9,Control,currency,HardCoin,coins,extra_moves,level_movesplus35,35,67171.0,286.0,292.0,29200.0,28398.0,802.0,0.435,0.98
B. 1-9,Control,currency,HardCoin,coins,purchase_pre_level_booster,map_pre_level_booster,pre_level_booster_3,67171.0,107.0,123.0,24600.0,20262.0,4338.0,0.366,0.82
B. 1-9,Control,currency,HardCoin,coins,extra_moves,level_movesplus40,40,67171.0,235.0,236.0,23600.0,22574.0,1026.0,0.351,0.79
B. 1-9,Control,currency,HardCoin,coins,purchase_powerup,level_powerup,powerup_2,67171.0,106.0,130.0,19500.0,18795.0,705.0,0.29,0.65
B. 1-9,Control,currency,HardCoin,coins,purchase_powerup,level_powerup,powerup_3,67171.0,87.0,89.0,17800.0,17360.0,440.0,0.265,0.6
B. 1-9,Control,currency,HardCoin,coins,extra_moves,level_movesplus45,45,67171.0,168.0,169.0,16900.0,16374.0,526.0,0.252,0.57
B. 1-9,Control,currency,HardCoin,coins,purchase_powerup,level_powerup,powerup_1,67171.0,23.0,27.0,13500.0,13000.0,500.0,0.201,0.45
B. 1-9,Control,currency,HardCoin,coins,purchase_pre_level_booster,map_pre_level_booster,pre_level_booster_1,67171.0,125.0,134.0,13400.0,12600.0,800.0,0.199,0.45
B. 1-9,Control,currency,HardCoin,coins,purchase_pre_level_booster,map_pre_level_booster,pre_level_booster_2,67171.0,44.0,52.0,7800.0,6450.0,1350.0,0.116,0.26
B. 1-9,Control,currency,HardCoin,coins,purchase_pre_level_booster,level_pre_level_booster,pre_level_booster_3,67171.0,14.0,14.0,2800.0,2615.0,185.0,0.042,0.09
B. 1-9,Control,currency,HardCoin,coins,purchase_pre_level_booster,level_pre_level_booster,pre_level_booster_1,67171.0,20.0,20.0,2000.0,2000.0,0.0,0.03,0.07
B. 1-9,Control,currency,HardCoin,coins,level_movesplus5,level_movesplus5,level_movesplus5,67171.0,9.0,18.0,1800.0,1800.0,0.0,0.027,0.06
B. 1-9,Control,currency,HardCoin,coins,team_created,unknown,unknown,67171.0,6.0,6.0,900.0,900.0,0.0,0.013,0.03
B. 1-9,Control,currency,HardCoin,coins,purchase_pre_level_booster,level_pre_level_booster,pre_level_booster_2,67171.0,5.0,5.0,750.0,750.0,0.0,0.011,0.03
B. 1-9,Control,life,LifeReward,items,in_game_use,saga,in_level,67171.0,1.0,14.0,14.0,,,0.0,100.0
B. 1-9,Control,life,life,items,in_game_use,saga,in_level,67171.0,50379.0,347066.0,347066.0,,,5.167,99.33
B. 1-9,Control,life,life,items,in_game_use,dream_peak,in_level,67171.0,163.0,2339.0,2339.0,,,0.035,0.67
B. 1-9,Control,powerup,powerup_1,items,in_game_use,saga,in_level,67171.0,10125.0,13480.0,13480.0,,,0.201,99.45
B. 1-9,Control,powerup,powerup_1,items,in_game_use,dream_peak,in_level,67171.0,47.0,75.0,75.0,,,0.001,0.55
B. 1-9,Control,powerup,powerup_2,items,in_game_use,saga,in_level,67171.0,17644.0,31015.0,31015.0,,,0.462,99.4
B. 1-9,Control,powerup,powerup_2,items,in_game_use,dream_peak,in_level,67171.0,95.0,187.0,187.0,,,0.003,0.6
B. 1-9,Control,powerup,powerup_3,items,in_game_use,saga,in_level,67171.0,17411.0,26411.0,26411.0,,,0.393,99.33
B. 1-9,Control,powerup,powerup_3,items,in_game_use,dream_peak,in_level,67171.0,96.0,179.0,179.0,,,0.003,0.67
B. 1-9,Control,pre_level_booster,pre_level_booster_1,items,in_game_use,saga,in_level,67171.0,21864.0,34020.0,34020.0,,,0.506,99.67
B. 1-9,Control,pre_level_booster,pre_level_booster_1,items,in_game_use,dream_peak,in_level,67171.0,64.0,113.0,113.0,,,0.002,0.33
B. 1-9,Control,pre_level_booster,pre_level_booster_2,items,in_game_use,saga,in_level,67171.0,20956.0,34543.0,34543.0,,,0.514,99.58
B. 1-9,Control,pre_level_booster,pre_level_booster_2,items,in_game_use,dream_peak,in_level,67171.0,81.0,145.0,145.0,,,0.002,0.42
B. 1-9,Control,pre_level_booster,pre_level_booster_3,items,in_game_use,saga,in_level,67171.0,13566.0,18182.0,18182.0,,,0.271,99.56
B. 1-9,Control,pre_level_booster,pre_level_booster_3,items,in_game_use,dream_peak,in_level,67171.0,45.0,80.0,80.0,,,0.001,0.44
B. 1-9,Control,pre_level_booster,unknown,items,in_game_use,saga,in_level,67171.0,1.0,60.0,60.0,,,0.001,100.0
B. 1-9,Control,ul_pre_booster,UnlimitedBooster1,items,in_game_use,saga,in_level,67171.0,8418.0,42874.0,42874.0,,,0.638,98.52
B. 1-9,Control,ul_pre_booster,UnlimitedBooster1,items,in_game_use,dream_peak,in_level,67171.0,63.0,644.0,644.0,,,0.01,1.48
B. 1-9,Control,ul_pre_booster,UnlimitedBooster2,items,in_game_use,saga,in_level,67171.0,5030.0,28009.0,28009.0,,,0.417,98.25
B. 1-9,Control,ul_pre_booster,UnlimitedBooster2,items,in_game_use,dream_peak,in_level,67171.0,52.0,500.0,500.0,,,0.007,1.75
B. 1-9,Control,ul_pre_booster,UnlimitedBooster3,items,in_game_use,saga,in_level,67171.0,1074.0,9252.0,9252.0,,,0.138,96.93
B. 1-9,Control,ul_pre_booster,UnlimitedBooster3,items,in_game_use,dream_peak,in_level,67171.0,31.0,293.0,293.0,,,0.004,3.07
B. 1-9,Control,unknown,Booster1,items,in_game_use,saga,in_level,67171.0,1.0,2.0,2.0,,,0.0,100.0
B. 1-9,Control,unknown,Booster2,items,in_game_use,saga,in_level,67171.0,1.0,2.0,2.0,,,0.0,100.0
B. 1-9,Control,unknown,Booster3,items,in_game_use,saga,in_level,67171.0,1.0,1.0,1.0,,,0.0,100.0
B. 1-9,Control,unlimited_lives,UnlimitedLives,items,in_game_use,saga,in_level,67171.0,10.0,76.0,76.0,,,0.001,100.0
B. 1-9,Variant,currency,HardCoin,coins,extra_moves,level_movesplus5,5,66147.0,14258.0,19706.0,1970700.0,1882488.0,88212.0,29.793,76.15
B. 1-9,Variant,currency,HardCoin,coins,extra_moves,level_movesplus50,50,66147.0,1121.0,1145.0,114500.0,110182.0,4318.0,1.731,4.42
B. 1-9,Variant,currency,HardCoin,coins,extra_moves,level_movesplus10,10,66147.0,770.0,791.0,79100.0,77135.0,1965.0,1.196,3.06
B. 1-9,Variant,currency,HardCoin,coins,extra_moves,level_movesplus15,15,66147.0,646.0,656.0,65600.0,63096.0,2504.0,0.992,2.53
B. 1-9,Variant,currency,HardCoin,coins,purchase_lives,level_lives,purchase_lives,66147.0,942.0,1190.0,59500.0,38612.0,20888.0,0.9,2.3
B. 1-9,Variant,currency,HardCoin,coins,extra_moves,level_movesplus20,20,66147.0,467.0,469.0,46900.0,45149.0,1751.0,0.709,1.81
B. 1-9,Variant,currency,HardCoin,coins,extra_moves,level_movesplus25,25,66147.0,384.0,388.0,38800.0,37314.0,1486.0,0.587,1.5
B. 1-9,Variant,currency,HardCoin,coins,extra_moves,level_movesplus30,30,66147.0,331.0,331.0,33100.0,31948.0,1152.0,0.5,1.28
B. 1-9,Variant,currency,HardCoin,coins,purchase_pre_level_booster,map_pre_level_booster,pre_level_booster_3,66147.0,101.0,128.0,25600.0,18030.0,7570.0,0.387,0.99
B. 1-9,Variant,currency,HardCoin,coins,purchase_lives,map_lives,purchase_lives,66147.0,425.0,486.0,24300.0,15086.0,9214.0,0.367,0.94
B. 1-9,Variant,currency,HardCoin,coins,extra_moves,level_movesplus35,35,66147.0,223.0,228.0,22800.0,21695.0,1105.0,0.345,0.88
B. 1-9,Variant,currency,HardCoin,coins,extra_moves,level_movesplus40,40,66147.0,194.0,197.0,19700.0,18799.0,901.0,0.298,0.76
B. 1-9,Variant,currency,HardCoin,coins,purchase_powerup,level_powerup,powerup_3,66147.0,75.0,83.0,16600.0,16347.0,253.0,0.251,0.64
B. 1-9,Variant,currency,HardCoin,coins,purchase_pre_level_booster,map_pre_level_booster,pre_level_booster_1,66147.0,137.0,156.0,15600.0,13600.0,2000.0,0.236,0.6
B. 1-9,Variant,currency,HardCoin,coins,extra_moves,level_movesplus45,45,66147.0,155.0,155.0,15500.0,14683.0,817.0,0.234,0.6
B. 1-9,Variant,currency,HardCoin,coins,purchase_powerup,level_powerup,powerup_2,66147.0,88.0,99.0,14850.0,14610.0,240.0,0.224,0.57
B. 1-9,Variant,currency,HardCoin,coins,purchase_powerup,level_powerup,powerup_1,66147.0,18.0,20.0,10000.0,8560.0,1440.0,0.151,0.39
B. 1-9,Variant,currency,HardCoin,coins,purchase_pre_level_booster,map_pre_level_booster,pre_level_booster_2,66147.0,36.0,58.0,8700.0,4200.0,4500.0,0.132,0.34
B. 1-9,Variant,currency,HardCoin,coins,purchase_pre_level_booster,level_pre_level_booster,pre_level_booster_1,66147.0,19.0,19.0,1900.0,1900.0,0.0,0.029,0.07
B. 1-9,Variant,currency,HardCoin,coins,level_movesplus5,level_movesplus5,level_movesplus5,66147.0,9.0,18.0,1800.0,1800.0,0.0,0.027,0.07
B. 1-9,Variant,currency,HardCoin,coins,purchase_pre_level_booster,level_pre_level_booster,pre_level_booster_3,66147.0,6.0,6.0,1200.0,1200.0,0.0,0.018,0.05
B. 1-9,Variant,currency,HardCoin,coins,purchase_pre_level_booster,level_pre_level_booster,pre_level_booster_2,66147.0,5.0,5.0,750.0,750.0,0.0,0.011,0.03
B. 1-9,Variant,currency,HardCoin,coins,team_created,unknown,unknown,66147.0,3.0,3.0,450.0,450.0,0.0,0.007,0.02
B. 1-9,Variant,life,LifeReward,items,in_game_use,saga,in_level,66147.0,4.0,14.0,14.0,,,0.0,100.0
B. 1-9,Variant,life,life,items,in_game_use,saga,in_level,66147.0,48151.0,275571.0,275571.0,,,4.166,99.41
B. 1-9,Variant,life,life,items,in_game_use,dream_peak,in_level,66147.0,162.0,1624.0,1624.0,,,0.025,0.59
B. 1-9,Variant,powerup,powerup_1,items,in_game_use,saga,in_level,66147.0,8971.0,11744.0,11744.0,,,0.178,99.41
B. 1-9,Variant,powerup,powerup_1,items,in_game_use,dream_peak,in_level,66147.0,51.0,70.0,70.0,,,0.001,0.59
B. 1-9,Variant,powerup,powerup_2,items,in_game_use,saga,in_level,66147.0,17934.0,35204.0,35204.0,,,0.532,99.48
B. 1-9,Variant,powerup,powerup_2,items,in_game_use,dream_peak,in_level,66147.0,92.0,183.0,183.0,,,0.003,0.52
B. 1-9,Variant,powerup,powerup_3,items,in_game_use,saga,in_level,66147.0,16056.0,24067.0,24067.0,,,0.364,99.55
B. 1-9,Variant,powerup,powerup_3,items,in_game_use,dream_peak,in_level,66147.0,78.0,108.0,108.0,,,0.002,0.45
B. 1-9,Variant,pre_level_booster,pre_level_booster_1,items,in_game_use,saga,in_level,66147.0,23628.0,39878.0,39878.0,,,0.603,99.64
B. 1-9,Variant,pre_level_booster,pre_level_booster_1,items,in_game_use,dream_peak,in_level,66147.0,86.0,143.0,143.0,,,0.002,0.36
B. 1-9,Variant,pre_level_booster,pre_level_booster_2,items,in_game_use,saga,in_level,66147.0,20275.0,34137.0,34137.0,,,0.516,99.6
B. 1-9,Variant,pre_level_booster,pre_level_booster_2,items,in_game_use,dream_peak,in_level,66147.0,79.0,136.0,136.0,,,0.002,0.4
B. 1-9,Variant,pre_level_booster,pre_level_booster_3,items,in_game_use,saga,in_level,66147.0,12865.0,17318.0,17318.0,,,0.262,99.41
B. 1-9,Variant,pre_level_booster,pre_level_booster_3,items,in_game_use,dream_peak,in_level,66147.0,68.0,103.0,103.0,,,0.002,0.59
B. 1-9,Variant,ul_pre_booster,UnlimitedBooster1,items,in_game_use,saga,in_level,66147.0,8322.0,40862.0,40862.0,,,0.618,98.24
B. 1-9,Variant,ul_pre_booster,UnlimitedBooster1,items,in_game_use,dream_peak,in_level,66147.0,65.0,733.0,733.0,,,0.011,1.76
B. 1-9,Variant,ul_pre_booster,UnlimitedBooster2,items,in_game_use,saga,in_level,66147.0,4487.0,25657.0,25657.0,,,0.388,97.62
B. 1-9,Variant,ul_pre_booster,UnlimitedBooster2,items,in_game_use,dream_peak,in_level,66147.0,60.0,625.0,625.0,,,0.009,2.38
B. 1-9,Variant,ul_pre_booster,UnlimitedBooster3,items,in_game_use,saga,in_level,66147.0,1026.0,9383.0,9383.0,,,0.142,94.76
B. 1-9,Variant,ul_pre_booster,UnlimitedBooster3,items,in_game_use,dream_peak,in_level,66147.0,40.0,519.0,519.0,,,0.008,5.24
B. 1-9,Variant,unlimited_lives,UnlimitedLives,items,in_game_use,saga,in_level,66147.0,19.0,53.0,53.0,,,0.001,100.0
C. 10-19,Control,currency,HardCoin,coins,extra_moves,level_movesplus5,5,51989.0,22918.0,39820.0,3982000.0,3752296.0,229704.0,76.593,81.92
C. 10-19,Control,currency,HardCoin,coins,extra_moves,level_movesplus50,50,51989.0,1046.0,1118.0,111800.0,101907.0,9893.0,2.15,2.3
C. 10-19,Control,currency,HardCoin,coins,extra_moves,level_movesplus10,10,51989.0,1012.0,1080.0,108000.0,103163.0,4837.0,2.077,2.22
C. 10-19,Control,currency,HardCoin,coins,purchase_lives,level_lives,purchase_lives,51989.0,1481.0,2084.0,104200.0,70432.0,33768.0,2.004,2.14
C. 10-19,Control,currency,HardCoin,coins,extra_moves,level_movesplus15,15,51989.0,845.0,891.0,89100.0,83023.0,6077.0,1.714,1.83
C. 10-19,Control,currency,HardCoin,coins,purchase_pre_level_booster,map_pre_level_booster,pre_level_booster_3,51989.0,212.0,400.0,80000.0,34275.0,45725.0,1.539,1.65
C. 10-19,Control,currency,HardCoin,coins,extra_moves,level_movesplus20,20,51989.0,710.0,737.0,73700.0,69369.0,4331.0,1.418,1.52
C. 10-19,Control,currency,HardCoin,coins,extra_moves,level_movesplus25,25,51989.0,486.0,504.0,50400.0,47458.0,2942.0,0.969,1.04
C. 10-19,Control,currency,HardCoin,coins,purchase_lives,map_lives,purchase_lives,51989.0,700.0,857.0,42850.0,28980.0,13870.0,0.824,0.88
C. 10-19,Control,currency,HardCoin,coins,extra_moves,level_movesplus30,30,51989.0,335.0,341.0,34100.0,31564.0,2536.0,0.656,0.7
C. 10-19,Control,currency,HardCoin,coins,purchase_pre_level_booster,map_pre_level_booster,pre_level_booster_2,51989.0,70.0,227.0,34050.0,6150.0,27900.0,0.655,0.7
C. 10-19,Control,currency,HardCoin,coins,purchase_pre_level_booster,map_pre_level_booster,pre_level_booster_1,51989.0,163.0,294.0,29400.0,14300.0,15100.0,0.566,0.6
C. 10-19,Control,currency,HardCoin,coins,extra_moves,level_movesplus35,35,51989.0,252.0,254.0,25400.0,23991.0,1409.0,0.489,0.52
C. 10-19,Control,currency,HardCoin,coins,extra_moves,level_movesplus40,40,51989.0,216.0,218.0,21800.0,20012.0,1788.0,0.419,0.45
C. 10-19,Control,currency,HardCoin,coins,purchase_powerup,level_powerup,powerup_2,51989.0,124.0,134.0,20100.0,19950.0,150.0,0.387,0.41
C. 10-19,Control,currency,HardCoin,coins,purchase_powerup,level_powerup,powerup_3,51989.0,87.0,95.0,18950.0,16855.0,2095.0,0.365,0.39
C. 10-19,Control,currency,HardCoin,coins,extra_moves,level_movesplus45,45,51989.0,146.0,148.0,14800.0,12966.0,1834.0,0.285,0.3
C. 10-19,Control,currency,HardCoin,coins,purchase_powerup,level_powerup,powerup_1,51989.0,23.0,27.0,13500.0,9685.0,3815.0,0.26,0.28
C. 10-19,Control,currency,HardCoin,coins,team_created,unknown,unknown,51989.0,14.0,15.0,2250.0,2250.0,0.0,0.043,0.05
C. 10-19,Control,currency,HardCoin,coins,purchase_pre_level_booster,level_pre_level_booster,pre_level_booster_3,51989.0,11.0,11.0,2200.0,2200.0,0.0,0.042,0.05
C. 10-19,Control,currency,HardCoin,coins,purchase_pre_level_booster,level_pre_level_booster,pre_level_booster_1,51989.0,12.0,12.0,1200.0,1200.0,0.0,0.023,0.02
C. 10-19,Control,currency,HardCoin,coins,purchase_pre_level_booster,level_pre_level_booster,pre_level_booster_2,51989.0,3.0,3.0,450.0,450.0,0.0,0.009,0.01
C. 10-19,Control,currency,HardCoin,coins,level_movesplus5,level_movesplus5,level_movesplus5,51989.0,4.0,4.0,400.0,400.0,0.0,0.008,0.01
C. 10-19,Control,life,life,items,in_game_use,saga,in_level,51989.0,40182.0,454189.0,454189.0,,,8.736,97.74
C. 10-19,Control,life,life,items,in_game_use,dream_peak,in_level,51989.0,572.0,10486.0,10486.0,,,0.202,2.26
C. 10-19,Control,powerup,powerup_1,items,in_game_use,saga,in_level,51989.0,14219.0,21393.0,21393.0,,,0.411,98.66
C. 10-19,Control,powerup,powerup_1,items,in_game_use,dream_peak,in_level,51989.0,183.0,290.0,290.0,,,0.006,1.34
C. 10-19,Control,powerup,powerup_2,items,in_game_use,saga,in_level,51989.0,22452.0,46318.0,46318.0,,,0.891,98.42
C. 10-19,Control,powerup,powerup_2,items,in_game_use,dream_peak,in_level,51989.0,388.0,742.0,742.0,,,0.014,1.58
C. 10-19,Control,powerup,powerup_3,items,in_game_use,saga,in_level,51989.0,23282.0,43820.0,43820.0,,,0.843,98.49
C. 10-19,Control,powerup,powerup_3,items,in_game_use,dream_peak,in_level,51989.0,349.0,673.0,673.0,,,0.013,1.51
C. 10-19,Control,pre_level_booster,pre_level_booster_1,items,in_game_use,saga,in_level,51989.0,25275.0,49802.0,49802.0,,,0.958,99.19
C. 10-19,Control,pre_level_booster,pre_level_booster_1,items,in_game_use,dream_peak,in_level,51989.0,228.0,406.0,406.0,,,0.008,0.81
C. 10-19,Control,pre_level_booster,pre_level_booster_2,items,in_game_use,saga,in_level,51989.0,23797.0,52821.0,52821.0,,,1.016,99.1
C. 10-19,Control,pre_level_booster,pre_level_booster_2,items,in_game_use,dream_peak,in_level,51989.0,282.0,481.0,481.0,,,0.009,0.9
C. 10-19,Control,pre_level_booster,pre_level_booster_3,items,in_game_use,saga,in_level,51989.0,16894.0,27950.0,27950.0,,,0.538,99.2
C. 10-19,Control,pre_level_booster,pre_level_booster_3,items,in_game_use,dream_peak,in_level,51989.0,138.0,224.0,224.0,,,0.004,0.8
C. 10-19,Control,ul_pre_booster,UnlimitedBooster1,items,in_game_use,saga,in_level,51989.0,12115.0,84109.0,84109.0,,,1.618,96.77
C. 10-19,Control,ul_pre_booster,UnlimitedBooster1,items,in_game_use,dream_peak,in_level,51989.0,229.0,2807.0,2807.0,,,0.054,3.23
C. 10-19,Control,ul_pre_booster,UnlimitedBooster2,items,in_game_use,saga,in_level,51989.0,8867.0,65545.0,65545.0,,,1.261,96.51
C. 10-19,Control,ul_pre_booster,UnlimitedBooster2,items,in_game_use,dream_peak,in_level,51989.0,164.0,2368.0,2368.0,,,0.046,3.49
C. 10-19,Control,ul_pre_booster,UnlimitedBooster3,items,in_game_use,saga,in_level,51989.0,2531.0,24644.0,24644.0,,,0.474,91.82
C. 10-19,Control,ul_pre_booster,UnlimitedBooster3,items,in_game_use,dream_peak,in_level,51989.0,167.0,2195.0,2195.0,,,0.042,8.18
C. 10-19,Control,unlimited_lives,UnlimitedLives,items,in_game_use,saga,in_level,51989.0,3.0,16.0,16.0,,,0.0,100.0
C. 10-19,Variant,currency,HardCoin,coins,extra_moves,level_movesplus5,5,52303.0,20987.0,35722.0,3572200.0,3322817.0,249383.0,68.298,83.38
C. 10-19,Variant,currency,HardCoin,coins,extra_moves,level_movesplus50,50,52303.0,1061.0,1142.0,114200.0,100728.0,13472.0,2.183,2.67
C. 10-19,Variant,currency,HardCoin,coins,extra_moves,level_movesplus10,10,52303.0,813.0,866.0,86600.0,80020.0,6580.0,1.656,2.02
C. 10-19,Variant,currency,HardCoin,coins,extra_moves,level_movesplus15,15,52303.0,718.0,746.0,74600.0,70288.0,4312.0,1.426,1.74
C. 10-19,Variant,currency,HardCoin,coins,purchase_lives,level_lives,purchase_lives,52303.0,1120.0,1455.0,72750.0,46110.0,26640.0,1.391,1.7
C. 10-19,Variant,currency,HardCoin,coins,extra_moves,level_movesplus20,20,52303.0,571.0,593.0,59300.0,55899.0,3401.0,1.134,1.38
C. 10-19,Variant,currency,HardCoin,coins,purchase_pre_level_booster,map_pre_level_booster,pre_level_booster_3,52303.0,135.0,226.0,45200.0,23280.0,21920.0,0.864,1.06
C. 10-19,Variant,currency,HardCoin,coins,extra_moves,level_movesplus25,25,52303.0,414.0,419.0,41900.0,39048.0,2852.0,0.801,0.98
C. 10-19,Variant,currency,HardCoin,coins,extra_moves,level_movesplus30,30,52303.0,316.0,321.0,32100.0,29180.0,2920.0,0.614,0.75
C. 10-19,Variant,currency,HardCoin,coins,purchase_lives,map_lives,purchase_lives,52303.0,507.0,609.0,30450.0,20227.0,10223.0,0.582,0.71
C. 10-19,Variant,currency,HardCoin,coins,extra_moves,level_movesplus35,35,52303.0,247.0,248.0,24800.0,23243.0,1557.0,0.474,0.58
C. 10-19,Variant,currency,HardCoin,coins,purchase_pre_level_booster,map_pre_level_booster,pre_level_booster_1,52303.0,189.0,239.0,23900.0,18370.0,5530.0,0.457,0.56
C. 10-19,Variant,currency,HardCoin,coins,extra_moves,level_movesplus40,40,52303.0,197.0,199.0,19900.0,17944.0,1956.0,0.38,0.46
C. 10-19,Variant,currency,HardCoin,coins,purchase_pre_level_booster,map_pre_level_booster,pre_level_booster_2,52303.0,60.0,132.0,19800.0,6010.0,13790.0,0.379,0.46
C. 10-19,Variant,currency,HardCoin,coins,purchase_powerup,level_powerup,powerup_3,52303.0,90.0,91.0,18200.0,17668.0,532.0,0.348,0.42
C. 10-19,Variant,currency,HardCoin,coins,extra_moves,level_movesplus45,45,52303.0,170.0,172.0,17200.0,14645.0,2555.0,0.329,0.4
C. 10-19,Variant,currency,HardCoin,coins,purchase_powerup,level_powerup,powerup_2,52303.0,95.0,108.0,16200.0,15757.0,443.0,0.31,0.38
C. 10-19,Variant,currency,HardCoin,coins,purchase_powerup,level_powerup,powerup_1,52303.0,12.0,13.0,6500.0,6500.0,0.0,0.124,0.15
C. 10-19,Variant,currency,HardCoin,coins,team_created,unknown,unknown,52303.0,18.0,18.0,2700.0,2550.0,150.0,0.052,0.06
C. 10-19,Variant,currency,HardCoin,coins,purchase_pre_level_booster,level_pre_level_booster,pre_level_booster_3,52303.0,13.0,13.0,2600.0,2600.0,0.0,0.05,0.06
C. 10-19,Variant,currency,HardCoin,coins,purchase_pre_level_booster,level_pre_level_booster,pre_level_booster_1,52303.0,13.0,14.0,1400.0,1400.0,0.0,0.027,0.03
C. 10-19,Variant,currency,HardCoin,coins,level_movesplus5,level_movesplus5,level_movesplus5,52303.0,3.0,12.0,1200.0,1200.0,0.0,0.023,0.03
C. 10-19,Variant,currency,HardCoin,coins,purchase_pre_level_booster,level_pre_level_booster,pre_level_booster_2,52303.0,2.0,2.0,300.0,300.0,0.0,0.006,0.01
C. 10-19,Variant,life,LifeReward,items,in_game_use,saga,in_level,52303.0,2.0,36.0,36.0,,,0.001,100.0
C. 10-19,Variant,life,life,items,in_game_use,saga,in_level,52303.0,39919.0,357533.0,357533.0,,,6.836,98.38
C. 10-19,Variant,life,life,items,in_game_use,dream_peak,in_level,52303.0,422.0,5904.0,5904.0,,,0.113,1.62
C. 10-19,Variant,powerup,powerup_1,items,in_game_use,saga,in_level,52303.0,13950.0,21443.0,21443.0,,,0.41,98.53
C. 10-19,Variant,powerup,powerup_1,items,in_game_use,dream_peak,in_level,52303.0,193.0,320.0,320.0,,,0.006,1.47
C. 10-19,Variant,powerup,powerup_2,items,in_game_use,saga,in_level,52303.0,23284.0,55741.0,55741.0,,,1.066,98.87
C. 10-19,Variant,powerup,powerup_2,items,in_game_use,dream_peak,in_level,52303.0,273.0,639.0,639.0,,,0.012,1.13
C. 10-19,Variant,powerup,powerup_3,items,in_game_use,saga,in_level,52303.0,22057.0,39569.0,39569.0,,,0.757,98.85
C. 10-19,Variant,powerup,powerup_3,items,in_game_use,dream_peak,in_level,52303.0,254.0,460.0,460.0,,,0.009,1.15
C. 10-19,Variant,pre_level_booster,pre_level_booster_1,items,in_game_use,saga,in_level,52303.0,26521.0,53905.0,53905.0,,,1.031,99.29
C. 10-19,Variant,pre_level_booster,pre_level_booster_1,items,in_game_use,dream_peak,in_level,52303.0,196.0,385.0,385.0,,,0.007,0.71
C. 10-19,Variant,pre_level_booster,pre_level_booster_2,items,in_game_use,saga,in_level,52303.0,23421.0,51619.0,51619.0,,,0.987,99.29
C. 10-19,Variant,pre_level_booster,pre_level_booster_2,items,in_game_use,dream_peak,in_level,52303.0,187.0,371.0,371.0,,,0.007,0.71
C. 10-19,Variant,pre_level_booster,pre_level_booster_3,items,in_game_use,saga,in_level,52303.0,17183.0,28587.0,28587.0,,,0.547,98.54
C. 10-19,Variant,pre_level_booster,pre_level_booster_3,items,in_game_use,dream_peak,in_level,52303.0,208.0,423.0,423.0,,,0.008,1.46
C. 10-19,Variant,ul_pre_booster,UnlimitedBooster1,items,in_game_use,saga,in_level,52303.0,14001.0,93209.0,93209.0,,,1.782,97.75
C. 10-19,Variant,ul_pre_booster,UnlimitedBooster1,items,in_game_use,dream_peak,in_level,52303.0,207.0,2148.0,2148.0,,,0.041,2.25
C. 10-19,Variant,ul_pre_booster,UnlimitedBooster2,items,in_game_use,saga,in_level,52303.0,8404.0,60873.0,60873.0,,,1.164,97.47
C. 10-19,Variant,ul_pre_booster,UnlimitedBooster2,items,in_game_use,dream_peak,in_level,52303.0,124.0,1579.0,1579.0,,,0.03,2.53
C. 10-19,Variant,ul_pre_booster,UnlimitedBooster3,items,in_game_use,saga,in_level,52303.0,1931.0,18572.0,18572.0,,,0.355,94.21
C. 10-19,Variant,ul_pre_booster,UnlimitedBooster3,items,in_game_use,dream_peak,in_level,52303.0,82.0,1142.0,1142.0,,,0.022,5.79
C. 10-19,Variant,unknown,Booster1,items,in_game_use,saga,in_level,52303.0,1.0,1.0,1.0,,,0.0,100.0
C. 10-19,Variant,unlimited_lives,UnlimitedLives,items,in_game_use,saga,in_level,52303.0,3.0,39.0,39.0,,,0.001,100.0
D. 20-39,Control,currency,HardCoin,coins,extra_moves,level_movesplus5,5,43612.0,26712.0,62218.0,6221800.0,5830801.0,390999.0,142.663,87.4
D. 20-39,Control,currency,HardCoin,coins,extra_moves,level_movesplus10,10,43612.0,1198.0,1310.0,131000.0,125131.0,5869.0,3.004,1.84
D. 20-39,Control,currency,HardCoin,coins,purchase_lives,level_lives,purchase_lives,43612.0,1562.0,2409.0,120450.0,85366.0,35084.0,2.762,1.69
D. 20-39,Control,currency,HardCoin,coins,extra_moves,level_movesplus15,15,43612.0,916.0,988.0,98800.0,92631.0,6169.0,2.265,1.39
D. 20-39,Control,currency,HardCoin,coins,purchase_pre_level_booster,map_pre_level_booster,pre_level_booster_3,43612.0,111.0,388.0,77600.0,16931.0,60669.0,1.779,1.09
D. 20-39,Control,currency,HardCoin,coins,extra_moves,level_movesplus50,50,43612.0,701.0,751.0,75100.0,67138.0,7962.0,1.722,1.06
D. 20-39,Control,currency,HardCoin,coins,extra_moves,level_movesplus20,20,43612.0,663.0,716.0,71600.0,67324.0,4276.0,1.642,1.01
D. 20-39,Control,currency,HardCoin,coins,extra_moves,level_movesplus25,25,43612.0,448.0,465.0,46500.0,43127.0,3373.0,1.066,0.65
D. 20-39,Control,currency,HardCoin,coins,purchase_lives,map_lives,purchase_lives,43612.0,693.0,828.0,41400.0,26384.0,15016.0,0.949,0.58
D. 20-39,Control,currency,HardCoin,coins,purchase_pre_level_booster,map_pre_level_booster,pre_level_booster_2,43612.0,56.0,255.0,38250.0,4800.0,33450.0,0.877,0.54
D. 20-39,Control,currency,HardCoin,coins,purchase_pre_level_booster,map_pre_level_booster,pre_level_booster_1,43612.0,106.0,318.0,31800.0,9160.0,22640.0,0.729,0.45
D. 20-39,Control,currency,HardCoin,coins,extra_moves,level_movesplus30,30,43612.0,288.0,300.0,30000.0,28070.0,1930.0,0.688,0.42
D. 20-39,Control,currency,HardCoin,coins,extra_moves,level_movesplus35,35,43612.0,236.0,242.0,24200.0,22377.0,1823.0,0.555,0.34
D. 20-39,Control,currency,HardCoin,coins,purchase_powerup,level_powerup,powerup_2,43612.0,140.0,154.0,23100.0,22114.0,986.0,0.53,0.32
D. 20-39,Control,currency,HardCoin,coins,purchase_powerup,level_powerup,powerup_3,43612.0,105.0,115.0,23000.0,22800.0,200.0,0.527,0.32
D. 20-39,Control,currency,HardCoin,coins,purchase_powerup,level_powerup,powerup_1,43612.0,34.0,43.0,21500.0,17670.0,3830.0,0.493,0.3
D. 20-39,Control,currency,HardCoin,coins,extra_moves,level_movesplus40,40,43612.0,183.0,186.0,18600.0,16922.0,1678.0,0.426,0.26
D. 20-39,Control,currency,HardCoin,coins,extra_moves,level_movesplus45,45,43612.0,149.0,152.0,15200.0,13803.0,1397.0,0.349,0.21
D. 20-39,Control,currency,HardCoin,coins,team_created,unknown,unknown,43612.0,34.0,35.0,5250.0,5100.0,150.0,0.12,0.07
D. 20-39,Control,currency,HardCoin,coins,purchase_pre_level_booster,level_pre_level_booster,pre_level_booster_3,43612.0,9.0,10.0,2000.0,2000.0,0.0,0.046,0.03
D. 20-39,Control,currency,HardCoin,coins,purchase_pre_level_booster,level_pre_level_booster,pre_level_booster_1,43612.0,5.0,6.0,600.0,600.0,0.0,0.014,0.01
D. 20-39,Control,currency,HardCoin,coins,level_movesplus5,level_movesplus5,level_movesplus5,43612.0,3.0,4.0,400.0,400.0,0.0,0.009,0.01
D. 20-39,Control,currency,HardCoin,coins,purchase_pre_level_booster,level_pre_level_booster,pre_level_booster_2,43612.0,2.0,2.0,300.0,300.0,0.0,0.007,0.0
D. 20-39,Control,life,LifeReward,items,in_game_use,saga,in_level,43612.0,1.0,10.0,10.0,,,0.0,100.0
D. 20-39,Control,life,life,items,in_game_use,saga,in_level,43612.0,35267.0,532223.0,532223.0,,,12.204,97.52
D. 20-39,Control,life,life,items,in_game_use,dream_peak,in_level,43612.0,478.0,13540.0,13540.0,,,0.31,2.48
D. 20-39,Control,powerup,powerup_1,items,in_game_use,saga,in_level,43612.0,17692.0,32598.0,32598.0,,,0.747,98.9
D. 20-39,Control,powerup,powerup_1,items,in_game_use,dream_peak,in_level,43612.0,206.0,361.0,361.0,,,0.008,1.1
D. 20-39,Control,powerup,powerup_2,items,in_game_use,saga,in_level,43612.0,24230.0,62062.0,62062.0,,,1.423,98.83
D. 20-39,Control,powerup,powerup_2,items,in_game_use,dream_peak,in_level,43612.0,332.0,734.0,734.0,,,0.017,1.17
D. 20-39,Control,powerup,powerup_3,items,in_game_use,saga,in_level,43612.0,25886.0,63628.0,63628.0,,,1.459,98.97
D. 20-39,Control,powerup,powerup_3,items,in_game_use,dream_peak,in_level,43612.0,311.0,660.0,660.0,,,0.015,1.03
D. 20-39,Control,pre_level_booster,pre_level_booster_1,items,in_game_use,saga,in_level,43612.0,24594.0,63677.0,63677.0,,,1.46,99.37
D. 20-39,Control,pre_level_booster,pre_level_booster_1,items,in_game_use,dream_peak,in_level,43612.0,199.0,404.0,404.0,,,0.009,0.63
D. 20-39,Control,pre_level_booster,pre_level_booster_2,items,in_game_use,saga,in_level,43612.0,23139.0,67712.0,67712.0,,,1.553,99.28
D. 20-39,Control,pre_level_booster,pre_level_booster_2,items,in_game_use,dream_peak,in_level,43612.0,252.0,491.0,491.0,,,0.011,0.72
D. 20-39,Control,pre_level_booster,pre_level_booster_3,items,in_game_use,saga,in_level,43612.0,17701.0,35720.0,35720.0,,,0.819,99.33
D. 20-39,Control,pre_level_booster,pre_level_booster_3,items,in_game_use,dream_peak,in_level,43612.0,119.0,241.0,241.0,,,0.006,0.67
D. 20-39,Control,ul_pre_booster,UnlimitedBooster1,items,in_game_use,saga,in_level,43612.0,15317.0,133709.0,133709.0,,,3.066,96.92
D. 20-39,Control,ul_pre_booster,UnlimitedBooster1,items,in_game_use,dream_peak,in_level,43612.0,221.0,4243.0,4243.0,,,0.097,3.08
D. 20-39,Control,ul_pre_booster,UnlimitedBooster2,items,in_game_use,saga,in_level,43612.0,11093.0,98168.0,98168.0,,,2.251,96.55
D. 20-39,Control,ul_pre_booster,UnlimitedBooster2,items,in_game_use,dream_peak,in_level,43612.0,197.0,3503.0,3503.0,,,0.08,3.45
D. 20-39,Control,ul_pre_booster,UnlimitedBooster3,items,in_game_use,saga,in_level,43612.0,4678.0,43308.0,43308.0,,,0.993,93.11
D. 20-39,Control,ul_pre_booster,UnlimitedBooster3,items,in_game_use,dream_peak,in_level,43612.0,204.0,3205.0,3205.0,,,0.073,6.89
D. 20-39,Control,unknown,Booster1,items,in_game_use,saga,in_level,43612.0,1.0,1.0,1.0,,,0.0,100.0
D. 20-39,Control,unknown,Booster2,items,in_game_use,saga,in_level,43612.0,1.0,1.0,1.0,,,0.0,100.0
D. 20-39,Control,unknown,Booster3,items,in_game_use,saga,in_level,43612.0,1.0,1.0,1.0,,,0.0,100.0
D. 20-39,Control,unlimited_lives,UnlimitedLives,items,in_game_use,saga,in_level,43612.0,5.0,33.0,33.0,,,0.001,100.0
D. 20-39,Variant,currency,HardCoin,coins,extra_moves,level_movesplus5,5,44216.0,25292.0,56712.0,5670660.0,5231350.0,439310.0,128.249,87.99
D. 20-39,Variant,currency,HardCoin,coins,extra_moves,level_movesplus10,10,44216.0,964.0,1057.0,105700.0,98320.0,7380.0,2.391,1.64
D. 20-39,Variant,currency,HardCoin,coins,extra_moves,level_movesplus50,50,44216.0,851.0,912.0,91200.0,79599.0,11601.0,2.063,1.42
D. 20-39,Variant,currency,HardCoin,coins,extra_moves,level_movesplus15,15,44216.0,806.0,871.0,87100.0,80432.0,6668.0,1.97,1.35
D. 20-39,Variant,currency,HardCoin,coins,purchase_lives,level_lives,purchase_lives,44216.0,1091.0,1548.0,77400.0,54006.0,23394.0,1.75,1.2
D. 20-39,Variant,currency,HardCoin,coins,extra_moves,level_movesplus20,20,44216.0,578.0,610.0,61000.0,56575.0,4425.0,1.38,0.95
D. 20-39,Variant,currency,HardCoin,coins,purchase_pre_level_booster,map_pre_level_booster,pre_level_booster_3,44216.0,78.0,289.0,57800.0,17905.0,39895.0,1.307,0.9
D. 20-39,Variant,currency,HardCoin,coins,extra_moves,level_movesplus25,25,44216.0,428.0,445.0,44500.0,39971.0,4529.0,1.006,0.69
D. 20-39,Variant,currency,HardCoin,coins,purchase_pre_level_booster,map_pre_level_booster,pre_level_booster_2,44216.0,42.0,213.0,31950.0,9300.0,22650.0,0.723,0.5
D. 20-39,Variant,currency,HardCoin,coins,extra_moves,level_movesplus30,30,44216.0,288.0,300.0,30000.0,26964.0,3036.0,0.678,0.47
D. 20-39,Variant,currency,HardCoin,coins,purchase_lives,map_lives,purchase_lives,44216.0,534.0,592.0,29600.0,18351.0,11249.0,0.669,0.46
D. 20-39,Variant,currency,HardCoin,coins,purchase_powerup,level_powerup,powerup_2,44216.0,163.0,181.0,27150.0,25582.0,1568.0,0.614,0.42
D. 20-39,Variant,currency,HardCoin,coins,purchase_powerup,level_powerup,powerup_3,44216.0,91.0,130.0,26000.0,19087.0,6913.0,0.588,0.4
D. 20-39,Variant,currency,HardCoin,coins,extra_moves,level_movesplus35,35,44216.0,241.0,247.0,24700.0,22571.0,2129.0,0.559,0.38
D. 20-39,Variant,currency,HardCoin,coins,purchase_pre_level_booster,map_pre_level_booster,pre_level_booster_1,44216.0,77.0,226.0,22600.0,9400.0,13200.0,0.511,0.35
D. 20-39,Variant,currency,HardCoin,coins,extra_moves,level_movesplus40,40,44216.0,176.0,178.0,17800.0,15524.0,2276.0,0.403,0.28
D. 20-39,Variant,currency,HardCoin,coins,purchase_powerup,level_powerup,powerup_1,44216.0,26.0,31.0,15500.0,11685.0,3815.0,0.351,0.24
D. 20-39,Variant,currency,HardCoin,coins,extra_moves,level_movesplus45,45,44216.0,152.0,152.0,15200.0,13924.0,1276.0,0.344,0.24
D. 20-39,Variant,currency,HardCoin,coins,team_created,unknown,unknown,44216.0,37.0,37.0,5550.0,5400.0,150.0,0.126,0.09
D. 20-39,Variant,currency,HardCoin,coins,purchase_pre_level_booster,level_pre_level_booster,pre_level_booster_1,44216.0,14.0,14.0,1400.0,1400.0,0.0,0.032,0.02
D. 20-39,Variant,currency,HardCoin,coins,level_movesplus5,level_movesplus5,level_movesplus5,44216.0,3.0,17.0,890.0,890.0,0.0,0.02,0.01
D. 20-39,Variant,currency,HardCoin,coins,purchase_pre_level_booster,level_pre_level_booster,pre_level_booster_3,44216.0,4.0,4.0,800.0,800.0,0.0,0.018,0.01
D. 20-39,Variant,currency,HardCoin,coins,purchase_pre_level_booster,level_pre_level_booster,pre_level_booster_2,44216.0,2.0,2.0,300.0,300.0,0.0,0.007,0.0
D. 20-39,Variant,life,life,items,in_game_use,saga,in_level,44216.0,35280.0,391173.0,391173.0,,,8.847,97.64
D. 20-39,Variant,life,life,items,in_game_use,dream_peak,in_level,44216.0,390.0,9465.0,9465.0,,,0.214,2.36
D. 20-39,Variant,powerup,powerup_1,items,in_game_use,saga,in_level,44216.0,16856.0,31222.0,31222.0,,,0.706,98.65
D. 20-39,Variant,powerup,powerup_1,items,in_game_use,dream_peak,in_level,44216.0,242.0,426.0,426.0,,,0.01,1.35
D. 20-39,Variant,powerup,powerup_2,items,in_game_use,saga,in_level,44216.0,24912.0,69896.0,69896.0,,,1.581,98.86
D. 20-39,Variant,powerup,powerup_2,items,in_game_use,dream_peak,in_level,44216.0,306.0,805.0,805.0,,,0.018,1.14
D. 20-39,Variant,powerup,powerup_3,items,in_game_use,saga,in_level,44216.0,25106.0,57184.0,57184.0,,,1.293,98.94
D. 20-39,Variant,powerup,powerup_3,items,in_game_use,dream_peak,in_level,44216.0,283.0,613.0,613.0,,,0.014,1.06
D. 20-39,Variant,pre_level_booster,pre_level_booster_1,items,in_game_use,saga,in_level,44216.0,24218.0,59197.0,59197.0,,,1.339,99.09
D. 20-39,Variant,pre_level_booster,pre_level_booster_1,items,in_game_use,dream_peak,in_level,44216.0,209.0,545.0,545.0,,,0.012,0.91
D. 20-39,Variant,pre_level_booster,pre_level_booster_2,items,in_game_use,saga,in_level,44216.0,21963.0,58711.0,58711.0,,,1.328,99.21
D. 20-39,Variant,pre_level_booster,pre_level_booster_2,items,in_game_use,dream_peak,in_level,44216.0,205.0,467.0,467.0,,,0.011,0.79
D. 20-39,Variant,pre_level_booster,pre_level_booster_3,items,in_game_use,saga,in_level,44216.0,18481.0,37883.0,37883.0,,,0.857,98.59
D. 20-39,Variant,pre_level_booster,pre_level_booster_3,items,in_game_use,dream_peak,in_level,44216.0,243.0,540.0,540.0,,,0.012,1.41
D. 20-39,Variant,ul_pre_booster,UnlimitedBooster1,items,in_game_use,saga,in_level,44216.0,17103.0,139105.0,139105.0,,,3.146,98.24
D. 20-39,Variant,ul_pre_booster,UnlimitedBooster1,items,in_game_use,dream_peak,in_level,44216.0,195.0,2499.0,2499.0,,,0.057,1.76
D. 20-39,Variant,ul_pre_booster,UnlimitedBooster2,items,in_game_use,saga,in_level,44216.0,10218.0,87314.0,87314.0,,,1.975,97.65
D. 20-39,Variant,ul_pre_booster,UnlimitedBooster2,items,in_game_use,dream_peak,in_level,44216.0,130.0,2102.0,2102.0,,,0.048,2.35
D. 20-39,Variant,ul_pre_booster,UnlimitedBooster3,items,in_game_use,saga,in_level,44216.0,4325.0,37757.0,37757.0,,,0.854,96.62
D. 20-39,Variant,ul_pre_booster,UnlimitedBooster3,items,in_game_use,dream_peak,in_level,44216.0,69.0,1320.0,1320.0,,,0.03,3.38
D. 20-39,Variant,unlimited_lives,UnlimitedLives,items,in_game_use,saga,in_level,44216.0,5.0,78.0,78.0,,,0.002,100.0
E. 40-99,Control,currency,HardCoin,coins,extra_moves,level_movesplus5,5,28430.0,22377.0,80312.0,8031200.0,7471913.0,559287.0,282.49,89.05
E. 40-99,Control,currency,HardCoin,coins,extra_moves,level_movesplus10,10,28430.0,1291.0,1511.0,151100.0,145397.0,5703.0,5.315,1.68
E. 40-99,Control,currency,HardCoin,coins,purchase_lives,level_lives,purchase_lives,28430.0,1454.0,2613.0,130650.0,99850.0,30800.0,4.595,1.45
E. 40-99,Control,currency,HardCoin,coins,extra_moves,level_movesplus15,15,28430.0,998.0,1129.0,112900.0,107663.0,5237.0,3.971,1.25
E. 40-99,Control,currency,HardCoin,coins,extra_moves,level_movesplus20,20,28430.0,702.0,773.0,77300.0,71417.0,5883.0,2.719,0.86
E. 40-99,Control,currency,HardCoin,coins,extra_moves,level_movesplus50,50,28430.0,687.0,761.0,76100.0,67441.0,8659.0,2.677,0.84
E. 40-99,Control,currency,HardCoin,coins,purchase_pre_level_booster,map_pre_level_booster,pre_level_booster_3,28430.0,45.0,377.0,75400.0,4565.0,70835.0,2.652,0.84
E. 40-99,Control,currency,HardCoin,coins,extra_moves,level_movesplus25,25,28430.0,440.0,471.0,47100.0,43823.0,3277.0,1.657,0.52
E. 40-99,Control,currency,HardCoin,coins,purchase_lives,map_lives,purchase_lives,28430.0,732.0,937.0,46850.0,34394.0,12456.0,1.648,0.52
E. 40-99,Control,currency,HardCoin,coins,purchase_powerup,level_powerup,powerup_2,28430.0,228.0,279.0,41850.0,36390.0,5460.0,1.472,0.46
E. 40-99,Control,currency,HardCoin,coins,purchase_pre_level_booster,map_pre_level_booster,pre_level_booster_2,28430.0,29.0,275.0,41250.0,2565.0,38685.0,1.451,0.46
E. 40-99,Control,currency,HardCoin,coins,extra_moves,level_movesplus30,30,28430.0,353.0,374.0,37400.0,35280.0,2120.0,1.316,0.41
E. 40-99,Control,currency,HardCoin,coins,purchase_powerup,level_powerup,powerup_3,28430.0,124.0,144.0,28800.0,26460.0,2340.0,1.013,0.32
E. 40-99,Control,currency,HardCoin,coins,extra_moves,level_movesplus35,35,28430.0,264.0,282.0,28200.0,25851.0,2349.0,0.992,0.31
E. 40-99,Control,currency,HardCoin,coins,purchase_pre_level_booster,map_pre_level_booster,pre_level_booster_1,28430.0,37.0,268.0,26800.0,2500.0,24300.0,0.943,0.3
E. 40-99,Control,currency,HardCoin,coins,extra_moves,level_movesplus40,40,28430.0,193.0,199.0,19900.0,17959.0,1941.0,0.7,0.22
E. 40-99,Control,currency,HardCoin,coins,purchase_powerup,level_powerup,powerup_1,28430.0,36.0,38.0,19000.0,13088.0,5912.0,0.668,0.21
E. 40-99,Control,currency,HardCoin,coins,extra_moves,level_movesplus45,45,28430.0,147.0,157.0,15700.0,13702.0,1998.0,0.552,0.17
E. 40-99,Control,currency,HardCoin,coins,team_created,unknown,unknown,28430.0,28.0,28.0,4200.0,3965.0,235.0,0.148,0.05
E. 40-99,Control,currency,HardCoin,coins,purchase_pre_level_booster,level_pre_level_booster,pre_level_booster_3,28430.0,15.0,16.0,3200.0,2845.0,355.0,0.113,0.04
E. 40-99,Control,currency,HardCoin,coins,level_movesplus5,level_movesplus5,level_movesplus5,28430.0,4.0,17.0,1700.0,1700.0,0.0,0.06,0.02
E. 40-99,Control,currency,HardCoin,coins,purchase_pre_level_booster,level_pre_level_booster,pre_level_booster_2,28430.0,4.0,10.0,1500.0,1450.0,50.0,0.053,0.02
E. 40-99,Control,currency,HardCoin,coins,purchase_pre_level_booster,level_pre_level_booster,pre_level_booster_1,28430.0,5.0,7.0,700.0,700.0,0.0,0.025,0.01
E. 40-99,Control,life,life,items,in_game_use,saga,in_level,28430.0,24769.0,530414.0,530414.0,,,18.657,98.22
E. 40-99,Control,life,life,items,in_game_use,dream_peak,in_level,28430.0,232.0,9622.0,9622.0,,,0.338,1.78
E. 40-99,Control,powerup,powerup_1,items,in_game_use,saga,in_level,28430.0,17917.0,44686.0,44686.0,,,1.572,99.33
E. 40-99,Control,powerup,powerup_1,items,in_game_use,dream_peak,in_level,28430.0,126.0,301.0,301.0,,,0.011,0.67
E. 40-99,Control,powerup,powerup_2,items,in_game_use,saga,in_level,28430.0,20661.0,71747.0,71747.0,,,2.524,99.28
E. 40-99,Control,powerup,powerup_2,items,in_game_use,dream_peak,in_level,28430.0,174.0,518.0,518.0,,,0.018,0.72
E. 40-99,Control,powerup,powerup_3,items,in_game_use,saga,in_level,28430.0,21453.0,74242.0,74242.0,,,2.611,99.42
E. 40-99,Control,powerup,powerup_3,items,in_game_use,dream_peak,in_level,28430.0,170.0,433.0,433.0,,,0.015,0.58
E. 40-99,Control,pre_level_booster,pre_level_booster_1,items,in_game_use,saga,in_level,28430.0,19370.0,75085.0,75085.0,,,2.641,99.51
E. 40-99,Control,pre_level_booster,pre_level_booster_1,items,in_game_use,dream_peak,in_level,28430.0,123.0,368.0,368.0,,,0.013,0.49
E. 40-99,Control,pre_level_booster,pre_level_booster_2,items,in_game_use,saga,in_level,28430.0,18231.0,79368.0,79368.0,,,2.792,99.49
E. 40-99,Control,pre_level_booster,pre_level_booster_2,items,in_game_use,dream_peak,in_level,28430.0,154.0,405.0,405.0,,,0.014,0.51
E. 40-99,Control,pre_level_booster,pre_level_booster_3,items,in_game_use,saga,in_level,28430.0,14947.0,39577.0,39577.0,,,1.392,99.38
E. 40-99,Control,pre_level_booster,pre_level_booster_3,items,in_game_use,dream_peak,in_level,28430.0,98.0,246.0,246.0,,,0.009,0.62
E. 40-99,Control,ul_pre_booster,UnlimitedBooster1,items,in_game_use,saga,in_level,28430.0,14296.0,172759.0,172759.0,,,6.077,97.99
E. 40-99,Control,ul_pre_booster,UnlimitedBooster1,items,in_game_use,dream_peak,in_level,28430.0,141.0,3536.0,3536.0,,,0.124,2.01
E. 40-99,Control,ul_pre_booster,UnlimitedBooster2,items,in_game_use,saga,in_level,28430.0,12298.0,135827.0,135827.0,,,4.778,98.24
E. 40-99,Control,ul_pre_booster,UnlimitedBooster2,items,in_game_use,dream_peak,in_level,28430.0,106.0,2433.0,2433.0,,,0.086,1.76
E. 40-99,Control,ul_pre_booster,UnlimitedBooster3,items,in_game_use,saga,in_level,28430.0,5355.0,56251.0,56251.0,,,1.979,96.3
E. 40-99,Control,ul_pre_booster,UnlimitedBooster3,items,in_game_use,dream_peak,in_level,28430.0,138.0,2160.0,2160.0,,,0.076,3.7
E. 40-99,Control,unlimited_lives,UnlimitedLives,items,in_game_use,saga,in_level,28430.0,7.0,133.0,133.0,,,0.005,100.0
E. 40-99,Variant,currency,HardCoin,coins,extra_moves,level_movesplus5,5,27166.0,20160.0,65646.0,6564600.0,6136514.0,428086.0,241.648,88.5
E. 40-99,Variant,currency,HardCoin,coins,extra_moves,level_movesplus10,10,27166.0,1090.0,1243.0,124300.0,117212.0,7088.0,4.576,1.68
E. 40-99,Variant,currency,HardCoin,coins,extra_moves,level_movesplus15,15,27166.0,846.0,938.0,93800.0,86985.0,6815.0,3.453,1.26
E. 40-99,Variant,currency,HardCoin,coins,extra_moves,level_movesplus50,50,27166.0,743.0,820.0,82000.0,73500.0,8500.0,3.018,1.11
E. 40-99,Variant,currency,HardCoin,coins,purchase_pre_level_booster,map_pre_level_booster,pre_level_booster_3,27166.0,35.0,381.0,76200.0,4200.0,72000.0,2.805,1.03
E. 40-99,Variant,currency,HardCoin,coins,purchase_lives,level_lives,purchase_lives,27166.0,972.0,1523.0,76150.0,56301.0,19849.0,2.803,1.03
E. 40-99,Variant,currency,HardCoin,coins,extra_moves,level_movesplus20,20,27166.0,660.0,714.0,71400.0,66354.0,5046.0,2.628,0.96
E. 40-99,Variant,currency,HardCoin,coins,purchase_pre_level_booster,map_pre_level_booster,pre_level_booster_2,27166.0,24.0,333.0,49950.0,1210.0,48740.0,1.839,0.67
E. 40-99,Variant,currency,HardCoin,coins,extra_moves,level_movesplus25,25,27166.0,445.0,471.0,47100.0,43585.0,3515.0,1.734,0.63
E. 40-99,Variant,currency,HardCoin,coins,purchase_lives,map_lives,purchase_lives,27166.0,554.0,671.0,33550.0,22321.0,11229.0,1.235,0.45
E. 40-99,Variant,currency,HardCoin,coins,purchase_powerup,level_powerup,powerup_2,27166.0,196.0,216.0,32400.0,31291.0,1109.0,1.193,0.44
E. 40-99,Variant,currency,HardCoin,coins,extra_moves,level_movesplus30,30,27166.0,288.0,296.0,29600.0,27561.0,2039.0,1.09,0.4
E. 40-99,Variant,currency,HardCoin,coins,purchase_powerup,level_powerup,powerup_3,27166.0,125.0,136.0,27200.0,26230.0,970.0,1.001,0.37
E. 40-99,Variant,currency,HardCoin,coins,purchase_pre_level_booster,map_pre_level_booster,pre_level_booster_1,27166.0,26.0,269.0,26900.0,1400.0,25500.0,0.99,0.36
E. 40-99,Variant,currency,HardCoin,coins,extra_moves,level_movesplus35,35,27166.0,238.0,247.0,24700.0,23251.0,1449.0,0.909,0.33
E. 40-99,Variant,currency,HardCoin,coins,extra_moves,level_movesplus40,40,27166.0,192.0,196.0,19600.0,17892.0,1708.0,0.721,0.26
E. 40-99,Variant,currency,HardCoin,coins,purchase_powerup,level_powerup,powerup_1,27166.0,29.0,33.0,16500.0,14685.0,1815.0,0.607,0.22
E. 40-99,Variant,currency,HardCoin,coins,extra_moves,level_movesplus45,45,27166.0,142.0,147.0,14700.0,13579.0,1121.0,0.541,0.2
E. 40-99,Variant,currency,HardCoin,coins,team_created,unknown,unknown,27166.0,31.0,32.0,4800.0,4500.0,300.0,0.177,0.06
E. 40-99,Variant,currency,HardCoin,coins,level_movesplus5,level_movesplus5,level_movesplus5,27166.0,3.0,11.0,1100.0,1100.0,0.0,0.04,0.01
E. 40-99,Variant,currency,HardCoin,coins,purchase_pre_level_booster,level_pre_level_booster,pre_level_booster_1,27166.0,6.0,6.0,600.0,600.0,0.0,0.022,0.01
E. 40-99,Variant,currency,HardCoin,coins,purchase_pre_level_booster,level_pre_level_booster,pre_level_booster_3,27166.0,2.0,2.0,400.0,400.0,0.0,0.015,0.01
E. 40-99,Variant,currency,HardCoin,coins,purchase_pre_level_booster,level_pre_level_booster,pre_level_booster_2,27166.0,2.0,2.0,300.0,185.0,115.0,0.011,0.0
E. 40-99,Variant,life,LifeReward,items,in_game_use,saga,in_level,27166.0,2.0,27.0,27.0,,,0.001,100.0
E. 40-99,Variant,life,life,items,in_game_use,saga,in_level,27166.0,23393.0,339531.0,339531.0,,,12.498,96.39
E. 40-99,Variant,life,life,items,in_game_use,dream_peak,in_level,27166.0,311.0,12726.0,12726.0,,,0.468,3.61
E. 40-99,Variant,powerup,powerup_1,items,in_game_use,saga,in_level,27166.0,15245.0,36344.0,36344.0,,,1.338,98.11
E. 40-99,Variant,powerup,powerup_1,items,in_game_use,dream_peak,in_level,27166.0,212.0,702.0,702.0,,,0.026,1.89
E. 40-99,Variant,powerup,powerup_2,items,in_game_use,saga,in_level,27166.0,19584.0,69921.0,69921.0,,,2.574,99.02
E. 40-99,Variant,powerup,powerup_2,items,in_game_use,dream_peak,in_level,27166.0,258.0,694.0,694.0,,,0.026,0.98
E. 40-99,Variant,powerup,powerup_3,items,in_game_use,saga,in_level,27166.0,19767.0,62572.0,62572.0,,,2.303,97.87
E. 40-99,Variant,powerup,powerup_3,items,in_game_use,dream_peak,in_level,27166.0,263.0,1364.0,1364.0,,,0.05,2.13
E. 40-99,Variant,pre_level_booster,pre_level_booster_1,items,in_game_use,saga,in_level,27166.0,17540.0,55133.0,55133.0,,,2.029,98.57
E. 40-99,Variant,pre_level_booster,pre_level_booster_1,items,in_game_use,dream_peak,in_level,27166.0,178.0,802.0,802.0,,,0.03,1.43
E. 40-99,Variant,pre_level_booster,pre_level_booster_2,items,in_game_use,saga,in_level,27166.0,16178.0,56489.0,56489.0,,,2.079,98.83
E. 40-99,Variant,pre_level_booster,pre_level_booster_2,items,in_game_use,dream_peak,in_level,27166.0,150.0,668.0,668.0,,,0.025,1.17
E. 40-99,Variant,pre_level_booster,pre_level_booster_3,items,in_game_use,saga,in_level,27166.0,14728.0,39758.0,39758.0,,,1.464,98.16
E. 40-99,Variant,pre_level_booster,pre_level_booster_3,items,in_game_use,dream_peak,in_level,27166.0,183.0,745.0,745.0,,,0.027,1.84
E. 40-99,Variant,ul_pre_booster,UnlimitedBooster1,items,in_game_use,saga,in_level,27166.0,14415.0,164891.0,164891.0,,,6.07,98.84
E. 40-99,Variant,ul_pre_booster,UnlimitedBooster1,items,in_game_use,dream_peak,in_level,27166.0,191.0,1941.0,1941.0,,,0.071,1.16
E. 40-99,Variant,ul_pre_booster,UnlimitedBooster2,items,in_game_use,saga,in_level,27166.0,10501.0,110206.0,110206.0,,,4.057,98.47
E. 40-99,Variant,ul_pre_booster,UnlimitedBooster2,items,in_game_use,dream_peak,in_level,27166.0,126.0,1712.0,1712.0,,,0.063,1.53
E. 40-99,Variant,ul_pre_booster,UnlimitedBooster3,items,in_game_use,saga,in_level,27166.0,4646.0,45817.0,45817.0,,,1.687,98.85
E. 40-99,Variant,ul_pre_booster,UnlimitedBooster3,items,in_game_use,dream_peak,in_level,27166.0,24.0,535.0,535.0,,,0.02,1.15
E. 40-99,Variant,unlimited_lives,UnlimitedLives,items,in_game_use,saga,in_level,27166.0,4.0,102.0,102.0,,,0.004,100.0
F. 100+,Control,currency,HardCoin,coins,extra_moves,level_movesplus5,5,4096.0,3637.0,24327.0,2432700.0,2239594.0,193106.0,593.921,90.3
F. 100+,Control,currency,HardCoin,coins,extra_moves,level_movesplus10,10,4096.0,336.0,456.0,45600.0,43376.0,2224.0,11.133,1.69
F. 100+,Control,currency,HardCoin,coins,extra_moves,level_movesplus15,15,4096.0,272.0,344.0,34400.0,31900.0,2500.0,8.398,1.28
F. 100+,Control,currency,HardCoin,coins,purchase_lives,level_lives,purchase_lives,4096.0,248.0,529.0,26450.0,20075.0,6375.0,6.458,0.98
F. 100+,Control,currency,HardCoin,coins,extra_moves,level_movesplus20,20,4096.0,194.0,237.0,23700.0,22185.0,1515.0,5.786,0.88
F. 100+,Control,currency,HardCoin,coins,extra_moves,level_movesplus50,50,4096.0,169.0,220.0,22000.0,19064.0,2936.0,5.371,0.82
F. 100+,Control,currency,HardCoin,coins,extra_moves,level_movesplus25,25,4096.0,130.0,152.0,15200.0,14326.0,874.0,3.711,0.56
F. 100+,Control,currency,HardCoin,coins,purchase_pre_level_booster,map_pre_level_booster,pre_level_booster_3,4096.0,13.0,68.0,13600.0,3030.0,10570.0,3.32,0.5
F. 100+,Control,currency,HardCoin,coins,purchase_lives,map_lives,purchase_lives,4096.0,190.0,271.0,13550.0,10016.0,3534.0,3.308,0.5
F. 100+,Control,currency,HardCoin,coins,purchase_powerup,level_powerup,powerup_2,4096.0,47.0,85.0,12900.0,12006.0,894.0,3.149,0.48
F. 100+,Control,currency,HardCoin,coins,extra_moves,level_movesplus30,30,4096.0,93.0,108.0,10800.0,10114.0,686.0,2.637,0.4
F. 100+,Control,currency,HardCoin,coins,purchase_powerup,level_powerup,powerup_3,4096.0,32.0,48.0,9450.0,7900.0,1550.0,2.307,0.35
F. 100+,Control,currency,HardCoin,coins,purchase_powerup,level_powerup,powerup_1,4096.0,15.0,15.0,7500.0,7020.0,480.0,1.831,0.28
F. 100+,Control,currency,HardCoin,coins,extra_moves,level_movesplus35,35,4096.0,68.0,73.0,7300.0,6501.0,799.0,1.782,0.27
F. 100+,Control,currency,HardCoin,coins,extra_moves,level_movesplus40,40,4096.0,42.0,44.0,4400.0,3767.0,633.0,1.074,0.16
F. 100+,Control,currency,HardCoin,coins,purchase_pre_level_booster,map_pre_level_booster,pre_level_booster_2,4096.0,12.0,25.0,3750.0,2713.0,1037.0,0.916,0.14
F. 100+,Control,currency,HardCoin,coins,extra_moves,level_movesplus45,45,4096.0,36.0,37.0,3700.0,3188.0,512.0,0.903,0.14
F. 100+,Control,currency,HardCoin,coins,level_movesplus5,level_movesplus5,level_movesplus5,4096.0,5.0,36.0,3600.0,3600.0,0.0,0.879,0.13
F. 100+,Control,currency,HardCoin,coins,purchase_pre_level_booster,map_pre_level_booster,pre_level_booster_1,4096.0,8.0,12.0,1200.0,1000.0,200.0,0.293,0.04
F. 100+,Control,currency,HardCoin,coins,team_created,unknown,unknown,4096.0,7.0,7.0,1050.0,1050.0,0.0,0.256,0.04
F. 100+,Control,currency,HardCoin,coins,purchase_pre_level_booster,level_pre_level_booster,pre_level_booster_3,4096.0,3.0,3.0,600.0,415.0,185.0,0.146,0.02
F. 100+,Control,currency,HardCoin,coins,purchase_pre_level_booster,level_pre_level_booster,pre_level_booster_2,4096.0,2.0,2.0,300.0,300.0,0.0,0.073,0.01
F. 100+,Control,currency,HardCoin,coins,purchase_pre_level_booster,level_pre_level_booster,pre_level_booster_1,4096.0,3.0,3.0,300.0,300.0,0.0,0.073,0.01
F. 100+,Control,life,life,items,in_game_use,saga,in_level,4096.0,3797.0,114864.0,114864.0,,,28.043,100.0
F. 100+,Control,powerup,powerup_1,items,in_game_use,saga,in_level,4096.0,3459.0,19374.0,19374.0,,,4.73,100.0
F. 100+,Control,powerup,powerup_2,items,in_game_use,saga,in_level,4096.0,3649.0,21872.0,21872.0,,,5.34,100.0
F. 100+,Control,powerup,powerup_3,items,in_game_use,saga,in_level,4096.0,3637.0,24475.0,24475.0,,,5.975,100.0
F. 100+,Control,powerup,unknown,items,in_game_use,saga,in_level,4096.0,1.0,138.0,138000.0,,,33.691,100.0
F. 100+,Control,pre_level_booster,pre_level_booster_1,items,in_game_use,saga,in_level,4096.0,3345.0,23796.0,23796.0,,,5.81,100.0
F. 100+,Control,pre_level_booster,pre_level_booster_2,items,in_game_use,saga,in_level,4096.0,3210.0,25767.0,25767.0,,,6.291,100.0
F. 100+,Control,pre_level_booster,pre_level_booster_3,items,in_game_use,saga,in_level,4096.0,2906.0,12649.0,12649.0,,,3.088,100.0
F. 100+,Control,ul_pre_booster,UnlimitedBooster1,items,in_game_use,saga,in_level,4096.0,2548.0,52918.0,52918.0,,,12.919,100.0
F. 100+,Control,ul_pre_booster,UnlimitedBooster2,items,in_game_use,saga,in_level,4096.0,2383.0,38701.0,38701.0,,,9.448,100.0
F. 100+,Control,ul_pre_booster,UnlimitedBooster3,items,in_game_use,saga,in_level,4096.0,1307.0,17154.0,17154.0,,,4.188,100.0
F. 100+,Control,unlimited_lives,UnlimitedLives,items,in_game_use,saga,in_level,4096.0,1.0,138.0,138.0,,,0.034,100.0
F. 100+,Variant,currency,HardCoin,coins,extra_moves,level_movesplus5,5,4054.0,3552.0,19424.0,1942400.0,1817686.0,124714.0,479.132,90.92
F. 100+,Variant,currency,HardCoin,coins,extra_moves,level_movesplus10,10,4054.0,316.0,404.0,40400.0,38077.0,2323.0,9.965,1.89
F. 100+,Variant,currency,HardCoin,coins,extra_moves,level_movesplus15,15,4054.0,202.0,238.0,23800.0,22069.0,1731.0,5.871,1.11
F. 100+,Variant,currency,HardCoin,coins,extra_moves,level_movesplus20,20,4054.0,200.0,215.0,21500.0,20369.0,1131.0,5.303,1.01
F. 100+,Variant,currency,HardCoin,coins,extra_moves,level_movesplus50,50,4054.0,182.0,215.0,21500.0,19330.0,2170.0,5.303,1.01
F. 100+,Variant,currency,HardCoin,coins,purchase_lives,level_lives,purchase_lives,4054.0,131.0,335.0,16750.0,13870.0,2880.0,4.132,0.78
F. 100+,Variant,currency,HardCoin,coins,extra_moves,level_movesplus25,25,4054.0,114.0,130.0,13000.0,12129.0,871.0,3.207,0.61
F. 100+,Variant,currency,HardCoin,coins,purchase_powerup,level_powerup,powerup_2,4054.0,53.0,75.0,11250.0,10390.0,860.0,2.775,0.53
F. 100+,Variant,currency,HardCoin,coins,extra_moves,level_movesplus30,30,4054.0,85.0,95.0,9500.0,9032.0,468.0,2.343,0.44
F. 100+,Variant,currency,HardCoin,coins,purchase_lives,map_lives,purchase_lives,4054.0,97.0,151.0,7550.0,5260.0,2290.0,1.862,0.35
F. 100+,Variant,currency,HardCoin,coins,extra_moves,level_movesplus35,35,4054.0,65.0,68.0,6800.0,6026.0,774.0,1.677,0.32
F. 100+,Variant,currency,HardCoin,coins,extra_moves,level_movesplus45,45,4054.0,41.0,42.0,4200.0,4127.0,73.0,1.036,0.2
F. 100+,Variant,currency,HardCoin,coins,extra_moves,level_movesplus40,40,4054.0,41.0,42.0,4200.0,3975.0,225.0,1.036,0.2
F. 100+,Variant,currency,HardCoin,coins,purchase_powerup,level_powerup,powerup_3,4054.0,21.0,21.0,4200.0,4200.0,0.0,1.036,0.2
F. 100+,Variant,currency,HardCoin,coins,purchase_powerup,level_powerup,powerup_1,4054.0,6.0,6.0,3000.0,3000.0,0.0,0.74,0.14
F. 100+,Variant,currency,HardCoin,coins,purchase_pre_level_booster,map_pre_level_booster,pre_level_booster_3,4054.0,6.0,10.0,2000.0,1400.0,600.0,0.493,0.09
F. 100+,Variant,currency,HardCoin,coins,team_created,unknown,unknown,4054.0,9.0,9.0,1350.0,1200.0,150.0,0.333,0.06
F. 100+,Variant,currency,HardCoin,coins,purchase_pre_level_booster,map_pre_level_booster,pre_level_booster_2,4054.0,5.0,8.0,1200.0,775.0,425.0,0.296,0.06
F. 100+,Variant,currency,HardCoin,coins,level_movesplus5,level_movesplus5,level_movesplus5,4054.0,4.0,7.0,700.0,700.0,0.0,0.173,0.03
F. 100+,Variant,currency,HardCoin,coins,purchase_pre_level_booster,map_pre_level_booster,pre_level_booster_1,4054.0,3.0,6.0,600.0,600.0,0.0,0.148,0.03
F. 100+,Variant,currency,HardCoin,coins,purchase_pre_level_booster,level_pre_level_booster,pre_level_booster_3,4054.0,1.0,1.0,200.0,200.0,0.0,0.049,0.01
F. 100+,Variant,currency,HardCoin,coins,purchase_pre_level_booster,level_pre_level_booster,pre_level_booster_2,4054.0,1.0,1.0,150.0,150.0,0.0,0.037,0.01
F. 100+,Variant,currency,HardCoin,coins,purchase_pre_level_booster,level_pre_level_booster,pre_level_booster_1,4054.0,1.0,1.0,100.0,100.0,0.0,0.025,0.0
F. 100+,Variant,life,life,items,in_game_use,saga,in_level,4054.0,3586.0,60172.0,60172.0,,,14.843,99.92
F. 100+,Variant,life,life,items,in_game_use,dream_peak,in_level,4054.0,1.0,50.0,50.0,,,0.012,0.08
F. 100+,Variant,powerup,powerup_1,items,in_game_use,saga,in_level,4054.0,3178.0,17639.0,17639.0,,,4.351,99.99
F. 100+,Variant,powerup,powerup_1,items,in_game_use,dream_peak,in_level,4054.0,1.0,1.0,1.0,,,0.0,0.01
F. 100+,Variant,powerup,powerup_2,items,in_game_use,saga,in_level,4054.0,3554.0,20877.0,20877.0,,,5.15,99.99
F. 100+,Variant,powerup,powerup_2,items,in_game_use,dream_peak,in_level,4054.0,1.0,2.0,2.0,,,0.0,0.01
F. 100+,Variant,powerup,powerup_3,items,in_game_use,saga,in_level,4054.0,3531.0,23138.0,23138.0,,,5.707,100.0
F. 100+,Variant,powerup,powerup_3,items,in_game_use,dream_peak,in_level,4054.0,1.0,1.0,1.0,,,0.0,0.0
F. 100+,Variant,pre_level_booster,pre_level_booster_1,items,in_game_use,saga,in_level,4054.0,3123.0,15171.0,15171.0,,,3.742,99.99
F. 100+,Variant,pre_level_booster,pre_level_booster_1,items,in_game_use,dream_peak,in_level,4054.0,1.0,2.0,2.0,,,0.0,0.01
F. 100+,Variant,pre_level_booster,pre_level_booster_2,items,in_game_use,saga,in_level,4054.0,2942.0,16475.0,16475.0,,,4.064,99.98
F. 100+,Variant,pre_level_booster,pre_level_booster_2,items,in_game_use,dream_peak,in_level,4054.0,1.0,3.0,3.0,,,0.001,0.02
F. 100+,Variant,pre_level_booster,pre_level_booster_3,items,in_game_use,saga,in_level,4054.0,2877.0,12743.0,12743.0,,,3.143,99.98
F. 100+,Variant,pre_level_booster,pre_level_booster_3,items,in_game_use,dream_peak,in_level,4054.0,1.0,2.0,2.0,,,0.0,0.02
F. 100+,Variant,ul_pre_booster,UnlimitedBooster1,items,in_game_use,saga,in_level,4054.0,2548.0,48638.0,48638.0,,,11.998,100.0
F. 100+,Variant,ul_pre_booster,UnlimitedBooster2,items,in_game_use,saga,in_level,4054.0,2267.0,33898.0,33898.0,,,8.362,100.0
F. 100+,Variant,ul_pre_booster,UnlimitedBooster3,items,in_game_use,saga,in_level,4054.0,1218.0,15652.0,15652.0,,,3.861,100.0
F. 100+,Variant,unlimited_lives,UnlimitedLives,items,in_game_use,saga,in_level,4054.0,1.0,2.0,2.0,,,0.0,100.0
