event_date,ab_group,resource_category,resource,unit,action,spend_context,spend_detail,segment_players,spenders,pct_spenders,spend_events,amount_spent,amount_spent_free,amount_spent_paid,amount_per_active_player,amount_per_spender
2026-08-02,Control,currency,HardCoin,coins,extra_moves,level_movesplus5,5,448,388,86.61,2216,221600,210153,11447,494.64,571.13
2026-08-02,Control,currency,HardCoin,coins,extra_moves,level_movesplus10,10,448,40,8.93,56,5600,5449,151,12.5,140.0
2026-08-02,Control,currency,HardCoin,coins,extra_moves,level_movesplus15,15,448,28,6.25,42,4200,3988,212,9.38,150.0
2026-08-02,Control,currency,HardCoin,coins,purchase_lives,level_lives,purchase_lives,448,29,6.47,65,3250,2531,719,7.25,112.07
2026-08-02,Control,currency,HardCoin,coins,extra_moves,level_movesplus20,20,448,19,4.24,24,2400,2282,118,5.36,126.32
2026-08-02,Control,currency,HardCoin,coins,extra_moves,level_movesplus50,50,448,14,3.13,20,2000,1750,250,4.46,142.86
2026-08-02,Control,currency,HardCoin,coins,extra_moves,level_movesplus25,25,448,16,3.57,17,1700,1508,192,3.79,106.25
2026-08-02,Control,currency,HardCoin,coins,purchase_lives,map_lives,purchase_lives,448,23,5.13,33,1650,1190,460,3.68,71.74
2026-08-02,Control,currency,HardCoin,coins,purchase_powerup,level_powerup,powerup_2,448,4,0.89,6,1050,1050,0,2.34,262.5
2026-08-02,Control,currency,HardCoin,coins,purchase_powerup,level_powerup,powerup_3,448,3,0.67,6,1050,1050,0,2.34,350.0
2026-08-02,Control,currency,HardCoin,coins,extra_moves,level_movesplus30,30,448,8,1.79,8,800,800,0,1.79,100.0
2026-08-02,Control,currency,HardCoin,coins,extra_moves,level_movesplus35,35,448,7,1.56,8,800,800,0,1.79,114.29
2026-08-02,Control,currency,HardCoin,coins,team_created,unknown,unknown,448,4,0.89,4,600,600,0,1.34,150.0
2026-08-02,Control,currency,HardCoin,coins,extra_moves,level_movesplus40,40,448,5,1.12,5,500,350,150,1.12,100.0
2026-08-02,Control,currency,HardCoin,coins,extra_moves,level_movesplus45,45,448,5,1.12,5,500,342,158,1.12,100.0
2026-08-02,Control,currency,HardCoin,coins,purchase_pre_level_booster,map_pre_level_booster,pre_level_booster_3,448,1,0.22,1,200,200,0,0.45,200.0
2026-08-02,Control,life,life,items,in_game_use,saga,in_level,448,402,89.73,11698,11698,,,26.11,29.1
2026-08-02,Control,powerup,powerup_1,items,in_game_use,saga,in_level,448,375,83.71,1712,1712,,,3.82,4.57
2026-08-02,Control,powerup,powerup_2,items,in_game_use,saga,in_level,448,389,86.83,2306,2306,,,5.15,5.93
2026-08-02,Control,powerup,powerup_3,items,in_game_use,saga,in_level,448,398,88.84,2347,2347,,,5.24,5.9
2026-08-02,Control,pre_level_booster,pre_level_booster_1,items,in_game_use,saga,in_level,448,374,83.48,2433,2433,,,5.43,6.51
2026-08-02,Control,pre_level_booster,pre_level_booster_2,items,in_game_use,saga,in_level,448,353,78.79,2617,2617,,,5.84,7.41
2026-08-02,Control,pre_level_booster,pre_level_booster_3,items,in_game_use,saga,in_level,448,311,69.42,1295,1295,,,2.89,4.16
2026-08-02,Control,ul_pre_booster,UnlimitedBooster1,items,in_game_use,saga,in_level,448,251,56.03,5117,5117,,,11.42,20.39
2026-08-02,Control,ul_pre_booster,UnlimitedBooster2,items,in_game_use,saga,in_level,448,216,48.21,3730,3730,,,8.33,17.27
2026-08-02,Control,ul_pre_booster,UnlimitedBooster3,items,in_game_use,saga,in_level,448,27,6.03,583,583,,,1.3,21.59
2026-08-02,Variant,currency,HardCoin,coins,extra_moves,level_movesplus5,5,442,379,85.75,2028,202800,185753,17047,458.82,535.09
2026-08-02,Variant,currency,HardCoin,coins,extra_moves,level_movesplus10,10,442,28,6.33,32,3200,3100,100,7.24,114.29
2026-08-02,Variant,currency,HardCoin,coins,extra_moves,level_movesplus50,50,442,27,6.11,30,3000,2682,318,6.79,111.11
2026-08-02,Variant,currency,HardCoin,coins,purchase_powerup,level_powerup,powerup_2,442,8,1.81,19,2850,2390,460,6.45,356.25
2026-08-02,Variant,currency,HardCoin,coins,purchase_lives,level_lives,purchase_lives,442,10,2.26,54,2700,2434,266,6.11,270.0
2026-08-02,Variant,currency,HardCoin,coins,extra_moves,level_movesplus15,15,442,17,3.85,18,1800,1798,2,4.07,105.88
2026-08-02,Variant,currency,HardCoin,coins,purchase_lives,map_lives,purchase_lives,442,13,2.94,27,1350,1093,257,3.05,103.85
2026-08-02,Variant,currency,HardCoin,coins,extra_moves,level_movesplus20,20,442,11,2.49,11,1100,1100,0,2.49,100.0
2026-08-02,Variant,currency,HardCoin,coins,purchase_powerup,level_powerup,powerup_1,442,2,0.45,2,1000,1000,0,2.26,500.0
2026-08-02,Variant,currency,HardCoin,coins,extra_moves,level_movesplus25,25,442,8,1.81,8,800,700,100,1.81,100.0
2026-08-02,Variant,currency,HardCoin,coins,extra_moves,level_movesplus30,30,442,7,1.58,8,800,720,80,1.81,114.29
2026-08-02,Variant,currency,HardCoin,coins,purchase_powerup,level_powerup,powerup_3,442,3,0.68,3,600,600,0,1.36,200.0
2026-08-02,Variant,currency,HardCoin,coins,extra_moves,level_movesplus35,35,442,5,1.13,6,600,600,0,1.36,120.0
2026-08-02,Variant,currency,HardCoin,coins,purchase_pre_level_booster,map_pre_level_booster,pre_level_booster_2,442,1,0.23,2,300,175,125,0.68,300.0
2026-08-02,Variant,currency,HardCoin,coins,extra_moves,level_movesplus40,40,442,2,0.45,2,200,100,100,0.45,100.0
2026-08-02,Variant,currency,HardCoin,coins,extra_moves,level_movesplus45,45,442,2,0.45,2,200,200,0,0.45,100.0
2026-08-02,Variant,currency,HardCoin,coins,team_created,unknown,unknown,442,1,0.23,1,150,150,0,0.34,150.0
2026-08-02,Variant,currency,HardCoin,coins,level_movesplus5,level_movesplus5,level_movesplus5,442,1,0.23,1,100,100,0,0.23,100.0
2026-08-02,Variant,life,life,items,in_game_use,saga,in_level,442,403,91.18,7723,7723,,,17.47,19.16
2026-08-02,Variant,powerup,powerup_1,items,in_game_use,saga,in_level,442,349,78.96,1446,1446,,,3.27,4.14
2026-08-02,Variant,powerup,powerup_2,items,in_game_use,saga,in_level,442,390,88.24,2151,2151,,,4.87,5.52
2026-08-02,Variant,powerup,powerup_3,items,in_game_use,saga,in_level,442,376,85.07,1862,1862,,,4.21,4.95
2026-08-02,Variant,pre_level_booster,pre_level_booster_1,items,in_game_use,saga,in_level,442,327,73.98,1524,1524,,,3.45,4.66
2026-08-02,Variant,pre_level_booster,pre_level_booster_2,items,in_game_use,saga,in_level,442,307,69.46,1679,1679,,,3.8,5.47
2026-08-02,Variant,pre_level_booster,pre_level_booster_3,items,in_game_use,saga,in_level,442,305,69.0,1302,1302,,,2.95,4.27
2026-08-02,Variant,ul_pre_booster,UnlimitedBooster1,items,in_game_use,saga,in_level,442,221,50.0,5207,5207,,,11.78,23.56
2026-08-02,Variant,ul_pre_booster,UnlimitedBooster2,items,in_game_use,saga,in_level,442,224,50.68,4063,4063,,,9.19,18.14
2026-08-02,Variant,ul_pre_booster,UnlimitedBooster3,items,in_game_use,saga,in_level,442,218,49.32,3060,3060,,,6.92,14.04
2026-08-03,Control,currency,HardCoin,coins,extra_moves,level_movesplus5,5,435,392,90.11,2874,287400,268643,18757,660.69,733.16
2026-08-03,Control,currency,HardCoin,coins,extra_moves,level_movesplus50,50,435,28,6.44,43,4300,3983,317,9.89,153.57
2026-08-03,Control,currency,HardCoin,coins,extra_moves,level_movesplus15,15,435,29,6.67,40,4000,3580,420,9.2,137.93
2026-08-03,Control,currency,HardCoin,coins,extra_moves,level_movesplus10,10,435,33,7.59,39,3900,3734,166,8.97,118.18
2026-08-03,Control,currency,HardCoin,coins,purchase_lives,level_lives,purchase_lives,435,23,5.29,56,2800,2379,421,6.44,121.74
2026-08-03,Control,currency,HardCoin,coins,extra_moves,level_movesplus20,20,435,21,4.83,27,2700,2628,72,6.21,128.57
2026-08-03,Control,currency,HardCoin,coins,extra_moves,level_movesplus30,30,435,18,4.14,21,2100,2019,81,4.83,116.67
2026-08-03,Control,currency,HardCoin,coins,level_movesplus5,level_movesplus5,level_movesplus5,435,1,0.23,17,1700,1700,0,3.91,1700.0
2026-08-03,Control,currency,HardCoin,coins,purchase_powerup,level_powerup,powerup_1,435,3,0.69,3,1500,1500,0,3.45,500.0
2026-08-03,Control,currency,HardCoin,coins,purchase_powerup,level_powerup,powerup_2,435,7,1.61,9,1350,1350,0,3.1,192.86
2026-08-03,Control,currency,HardCoin,coins,extra_moves,level_movesplus35,35,435,13,2.99,13,1300,1185,115,2.99,100.0
2026-08-03,Control,currency,HardCoin,coins,extra_moves,level_movesplus25,25,435,12,2.76,12,1200,1135,65,2.76,100.0
2026-08-03,Control,currency,HardCoin,coins,purchase_lives,map_lives,purchase_lives,435,15,3.45,18,900,671,229,2.07,60.0
2026-08-03,Control,currency,HardCoin,coins,extra_moves,level_movesplus40,40,435,6,1.38,8,800,715,85,1.84,133.33
2026-08-03,Control,currency,HardCoin,coins,purchase_powerup,level_powerup,powerup_3,435,2,0.46,3,600,600,0,1.38,300.0
2026-08-03,Control,currency,HardCoin,coins,extra_moves,level_movesplus45,45,435,6,1.38,6,600,600,0,1.38,100.0
2026-08-03,Control,currency,HardCoin,coins,team_created,unknown,unknown,435,1,0.23,1,150,150,0,0.34,150.0
2026-08-03,Control,currency,HardCoin,coins,purchase_pre_level_booster,level_pre_level_booster,pre_level_booster_1,435,1,0.23,1,100,100,0,0.23,100.0
2026-08-03,Control,life,life,items,in_game_use,saga,in_level,435,380,87.36,10107,10107,,,23.23,26.6
2026-08-03,Control,powerup,powerup_1,items,in_game_use,saga,in_level,435,365,83.91,1643,1643,,,3.78,4.5
2026-08-03,Control,powerup,powerup_2,items,in_game_use,saga,in_level,435,391,89.89,2371,2371,,,5.45,6.06
2026-08-03,Control,powerup,powerup_3,items,in_game_use,saga,in_level,435,394,90.57,2430,2430,,,5.59,6.17
2026-08-03,Control,pre_level_booster,pre_level_booster_1,items,in_game_use,saga,in_level,435,346,79.54,2418,2418,,,5.56,6.99
2026-08-03,Control,pre_level_booster,pre_level_booster_2,items,in_game_use,saga,in_level,435,336,77.24,2614,2614,,,6.01,7.78
2026-08-03,Control,pre_level_booster,pre_level_booster_3,items,in_game_use,saga,in_level,435,303,69.66,1185,1185,,,2.72,3.91
2026-08-03,Control,ul_pre_booster,UnlimitedBooster1,items,in_game_use,saga,in_level,435,357,82.07,9027,9027,,,20.75,25.29
2026-08-03,Control,ul_pre_booster,UnlimitedBooster2,items,in_game_use,saga,in_level,435,343,78.85,6551,6551,,,15.06,19.1
2026-08-03,Control,ul_pre_booster,UnlimitedBooster3,items,in_game_use,saga,in_level,435,272,62.53,3322,3322,,,7.64,12.21
2026-08-03,Variant,currency,HardCoin,coins,extra_moves,level_movesplus5,5,417,366,87.77,2099,209900,203042,6858,503.36,573.5
2026-08-03,Variant,currency,HardCoin,coins,extra_moves,level_movesplus50,50,417,24,5.76,31,3100,2941,159,7.43,129.17
2026-08-03,Variant,currency,HardCoin,coins,extra_moves,level_movesplus15,15,417,25,6.0,30,3000,2800,200,7.19,120.0
2026-08-03,Variant,currency,HardCoin,coins,extra_moves,level_movesplus10,10,417,22,5.28,29,2900,2800,100,6.95,131.82
2026-08-03,Variant,currency,HardCoin,coins,purchase_lives,level_lives,purchase_lives,417,8,1.92,47,2350,2214,136,5.64,293.75
2026-08-03,Variant,currency,HardCoin,coins,extra_moves,level_movesplus20,20,417,18,4.32,18,1800,1730,70,4.32,100.0
2026-08-03,Variant,currency,HardCoin,coins,extra_moves,level_movesplus25,25,417,13,3.12,15,1500,1475,25,3.6,115.38
2026-08-03,Variant,currency,HardCoin,coins,purchase_powerup,level_powerup,powerup_2,417,5,1.2,7,1050,1050,0,2.52,210.0
2026-08-03,Variant,currency,HardCoin,coins,extra_moves,level_movesplus30,30,417,8,1.92,10,1000,1000,0,2.4,125.0
2026-08-03,Variant,currency,HardCoin,coins,purchase_lives,map_lives,purchase_lives,417,7,1.68,17,850,780,70,2.04,121.43
2026-08-03,Variant,currency,HardCoin,coins,purchase_powerup,level_powerup,powerup_3,417,3,0.72,3,600,600,0,1.44,200.0
2026-08-03,Variant,currency,HardCoin,coins,extra_moves,level_movesplus45,45,417,4,0.96,5,500,500,0,1.2,125.0
2026-08-03,Variant,currency,HardCoin,coins,extra_moves,level_movesplus35,35,417,5,1.2,5,500,400,100,1.2,100.0
2026-08-03,Variant,currency,HardCoin,coins,extra_moves,level_movesplus40,40,417,4,0.96,4,400,400,0,0.96,100.0
2026-08-03,Variant,currency,HardCoin,coins,team_created,unknown,unknown,417,2,0.48,2,300,300,0,0.72,150.0
2026-08-03,Variant,currency,HardCoin,coins,level_movesplus5,level_movesplus5,level_movesplus5,417,1,0.24,1,100,100,0,0.24,100.0
2026-08-03,Variant,life,life,items,in_game_use,saga,in_level,417,346,82.97,4865,4865,,,11.67,14.06
2026-08-03,Variant,powerup,powerup_1,items,in_game_use,saga,in_level,417,352,84.41,1502,1502,,,3.6,4.27
2026-08-03,Variant,powerup,powerup_2,items,in_game_use,saga,in_level,417,368,88.25,2351,2351,,,5.64,6.39
2026-08-03,Variant,powerup,powerup_3,items,in_game_use,saga,in_level,417,375,89.93,2040,2040,,,4.89,5.44
2026-08-03,Variant,pre_level_booster,pre_level_booster_1,items,in_game_use,saga,in_level,417,318,76.26,1715,1715,,,4.11,5.39
2026-08-03,Variant,pre_level_booster,pre_level_booster_2,items,in_game_use,saga,in_level,417,317,76.02,1824,1824,,,4.37,5.75
2026-08-03,Variant,pre_level_booster,pre_level_booster_3,items,in_game_use,saga,in_level,417,300,71.94,1441,1441,,,3.46,4.8
2026-08-03,Variant,ul_pre_booster,UnlimitedBooster1,items,in_game_use,saga,in_level,417,358,85.85,6441,6441,,,15.45,17.99
2026-08-03,Variant,ul_pre_booster,UnlimitedBooster2,items,in_game_use,saga,in_level,417,198,47.48,2987,2987,,,7.16,15.09
2026-08-03,Variant,ul_pre_booster,UnlimitedBooster3,items,in_game_use,saga,in_level,417,53,12.71,992,992,,,2.38,18.72
2026-08-04,Control,currency,HardCoin,coins,extra_moves,level_movesplus5,5,403,356,88.34,2435,243500,231252,12248,604.22,683.99
2026-08-04,Control,currency,HardCoin,coins,extra_moves,level_movesplus10,10,403,26,6.45,41,4100,3790,310,10.17,157.69
2026-08-04,Control,currency,HardCoin,coins,purchase_lives,level_lives,purchase_lives,403,29,7.2,72,3600,2698,902,8.93,124.14
2026-08-04,Control,currency,HardCoin,coins,extra_moves,level_movesplus15,15,403,20,4.96,25,2500,2190,310,6.2,125.0
2026-08-04,Control,currency,HardCoin,coins,purchase_powerup,level_powerup,powerup_3,403,7,1.74,11,2200,2200,0,5.46,314.29
2026-08-04,Control,currency,HardCoin,coins,extra_moves,level_movesplus20,20,403,17,4.22,20,2000,1805,195,4.96,117.65
2026-08-04,Control,currency,HardCoin,coins,purchase_lives,map_lives,purchase_lives,403,27,6.7,38,1900,1385,515,4.71,70.37
2026-08-04,Control,currency,HardCoin,coins,purchase_powerup,level_powerup,powerup_1,403,3,0.74,3,1500,1500,0,3.72,500.0
2026-08-04,Control,currency,HardCoin,coins,extra_moves,level_movesplus50,50,403,12,2.98,14,1400,1200,200,3.47,116.67
2026-08-04,Control,currency,HardCoin,coins,purchase_powerup,level_powerup,powerup_2,403,4,0.99,7,1050,1050,0,2.61,262.5
2026-08-04,Control,currency,HardCoin,coins,purchase_pre_level_booster,map_pre_level_booster,pre_level_booster_3,403,1,0.25,5,1000,1000,0,2.48,1000.0
2026-08-04,Control,currency,HardCoin,coins,extra_moves,level_movesplus25,25,403,8,1.99,8,800,800,0,1.99,100.0
2026-08-04,Control,currency,HardCoin,coins,extra_moves,level_movesplus30,30,403,7,1.74,7,700,600,100,1.74,100.0
2026-08-04,Control,currency,HardCoin,coins,purchase_pre_level_booster,map_pre_level_booster,pre_level_booster_2,403,1,0.25,4,600,600,0,1.49,600.0
2026-08-04,Control,currency,HardCoin,coins,extra_moves,level_movesplus35,35,403,4,0.99,4,400,330,70,0.99,100.0
2026-08-04,Control,currency,HardCoin,coins,extra_moves,level_movesplus40,40,403,4,0.99,4,400,400,0,0.99,100.0
2026-08-04,Control,currency,HardCoin,coins,purchase_pre_level_booster,map_pre_level_booster,pre_level_booster_1,403,1,0.25,2,200,200,0,0.5,200.0
2026-08-04,Control,currency,HardCoin,coins,extra_moves,level_movesplus45,45,403,2,0.5,2,200,135,65,0.5,100.0
2026-08-04,Control,currency,HardCoin,coins,level_movesplus5,level_movesplus5,level_movesplus5,403,1,0.25,1,100,100,0,0.25,100.0
2026-08-04,Control,life,life,items,in_game_use,saga,in_level,403,385,95.53,13086,13086,,,32.47,33.99
2026-08-04,Control,powerup,powerup_1,items,in_game_use,saga,in_level,403,347,86.1,2299,2299,,,5.7,6.63
2026-08-04,Control,powerup,powerup_2,items,in_game_use,saga,in_level,403,366,90.82,2143,2143,,,5.32,5.86
2026-08-04,Control,powerup,powerup_3,items,in_game_use,saga,in_level,403,357,88.59,2171,2171,,,5.39,6.08
2026-08-04,Control,pre_level_booster,pre_level_booster_1,items,in_game_use,saga,in_level,403,314,77.92,1932,1932,,,4.79,6.15
2026-08-04,Control,pre_level_booster,pre_level_booster_2,items,in_game_use,saga,in_level,403,300,74.44,2114,2114,,,5.25,7.05
2026-08-04,Control,pre_level_booster,pre_level_booster_3,items,in_game_use,saga,in_level,403,267,66.25,1020,1020,,,2.53,3.82
2026-08-04,Control,ul_pre_booster,UnlimitedBooster1,items,in_game_use,saga,in_level,403,282,69.98,6634,6634,,,16.46,23.52
2026-08-04,Control,ul_pre_booster,UnlimitedBooster2,items,in_game_use,saga,in_level,403,285,70.72,5472,5472,,,13.58,19.2
2026-08-04,Control,ul_pre_booster,UnlimitedBooster3,items,in_game_use,saga,in_level,403,240,59.55,3293,3293,,,8.17,13.72
2026-08-04,Variant,currency,HardCoin,coins,extra_moves,level_movesplus5,5,394,334,84.77,1668,166800,149586,17214,423.35,499.4
2026-08-04,Variant,currency,HardCoin,coins,extra_moves,level_movesplus10,10,394,31,7.87,38,3800,3670,130,9.64,122.58
2026-08-04,Variant,currency,HardCoin,coins,extra_moves,level_movesplus20,20,394,25,6.35,30,3000,2810,190,7.61,120.0
2026-08-04,Variant,currency,HardCoin,coins,extra_moves,level_movesplus15,15,394,19,4.82,22,2200,1885,315,5.58,115.79
2026-08-04,Variant,currency,HardCoin,coins,extra_moves,level_movesplus25,25,394,16,4.06,17,1700,1600,100,4.31,106.25
2026-08-04,Variant,currency,HardCoin,coins,purchase_powerup,level_powerup,powerup_3,394,7,1.78,7,1400,1400,0,3.55,200.0
2026-08-04,Variant,currency,HardCoin,coins,purchase_powerup,level_powerup,powerup_2,394,5,1.27,7,1050,1050,0,2.66,210.0
2026-08-04,Variant,currency,HardCoin,coins,extra_moves,level_movesplus50,50,394,7,1.78,9,900,741,159,2.28,128.57
2026-08-04,Variant,currency,HardCoin,coins,extra_moves,level_movesplus30,30,394,8,2.03,8,800,740,60,2.03,100.0
2026-08-04,Variant,currency,HardCoin,coins,extra_moves,level_movesplus35,35,394,4,1.02,5,500,500,0,1.27,125.0
2026-08-04,Variant,currency,HardCoin,coins,purchase_lives,map_lives,purchase_lives,394,8,2.03,10,500,306,194,1.27,62.5
2026-08-04,Variant,currency,HardCoin,coins,purchase_lives,level_lives,purchase_lives,394,8,2.03,9,450,380,70,1.14,56.25
2026-08-04,Variant,currency,HardCoin,coins,extra_moves,level_movesplus45,45,394,1,0.25,1,100,100,0,0.25,100.0
2026-08-04,Variant,currency,HardCoin,coins,extra_moves,level_movesplus40,40,394,1,0.25,1,100,100,0,0.25,100.0
2026-08-04,Variant,life,life,items,in_game_use,saga,in_level,394,347,88.07,5900,5900,,,14.97,17.0
2026-08-04,Variant,powerup,powerup_1,items,in_game_use,saga,in_level,394,289,73.35,1005,1005,,,2.55,3.48
2026-08-04,Variant,powerup,powerup_2,items,in_game_use,saga,in_level,394,358,90.86,2058,2058,,,5.22,5.75
2026-08-04,Variant,powerup,powerup_3,items,in_game_use,saga,in_level,394,341,86.55,1775,1775,,,4.51,5.21
2026-08-04,Variant,pre_level_booster,pre_level_booster_1,items,in_game_use,saga,in_level,394,295,74.87,1507,1507,,,3.82,5.11
2026-08-04,Variant,pre_level_booster,pre_level_booster_2,items,in_game_use,saga,in_level,394,277,70.3,1566,1566,,,3.97,5.65
2026-08-04,Variant,pre_level_booster,pre_level_booster_3,items,in_game_use,saga,in_level,394,275,69.8,1204,1204,,,3.06,4.38
2026-08-04,Variant,ul_pre_booster,UnlimitedBooster1,items,in_game_use,saga,in_level,394,231,58.63,3801,3801,,,9.65,16.45
2026-08-04,Variant,ul_pre_booster,UnlimitedBooster2,items,in_game_use,saga,in_level,394,258,65.48,3008,3008,,,7.63,11.66
2026-08-04,Variant,ul_pre_booster,UnlimitedBooster3,items,in_game_use,saga,in_level,394,12,3.05,142,142,,,0.36,11.83
2026-08-04,Variant,unlimited_lives,UnlimitedLives,items,in_game_use,saga,in_level,394,1,0.25,2,2,,,0.01,2.0
2026-08-05,Control,currency,HardCoin,coins,extra_moves,level_movesplus5,5,408,359,87.99,2261,226100,214299,11801,554.17,629.81
2026-08-05,Control,currency,HardCoin,coins,extra_moves,level_movesplus10,10,408,24,5.88,33,3300,3230,70,8.09,137.5
2026-08-05,Control,currency,HardCoin,coins,extra_moves,level_movesplus15,15,408,20,4.9,27,2700,2500,200,6.62,135.0
2026-08-05,Control,currency,HardCoin,coins,extra_moves,level_movesplus20,20,408,20,4.9,25,2500,2475,25,6.13,125.0
2026-08-05,Control,currency,HardCoin,coins,purchase_lives,level_lives,purchase_lives,408,21,5.15,42,2100,1653,447,5.15,100.0
2026-08-05,Control,currency,HardCoin,coins,extra_moves,level_movesplus50,50,408,13,3.19,19,1900,1423,477,4.66,146.15
2026-08-05,Control,currency,HardCoin,coins,purchase_lives,map_lives,purchase_lives,408,18,4.41,25,1250,717,533,3.06,69.44
2026-08-05,Control,currency,HardCoin,coins,extra_moves,level_movesplus25,25,408,11,2.7,12,1200,1025,175,2.94,109.09
2026-08-05,Control,currency,HardCoin,coins,extra_moves,level_movesplus30,30,408,8,1.96,8,800,725,75,1.96,100.0
2026-08-05,Control,currency,HardCoin,coins,purchase_powerup,level_powerup,powerup_2,408,3,0.74,4,600,600,0,1.47,200.0
2026-08-05,Control,currency,HardCoin,coins,extra_moves,level_movesplus35,35,408,5,1.23,5,500,500,0,1.23,100.0
2026-08-05,Control,currency,HardCoin,coins,purchase_powerup,level_powerup,powerup_3,408,2,0.49,2,400,400,0,0.98,200.0
2026-08-05,Control,currency,HardCoin,coins,purchase_pre_level_booster,map_pre_level_booster,pre_level_booster_2,408,1,0.25,2,300,300,0,0.74,300.0
2026-08-05,Control,currency,HardCoin,coins,extra_moves,level_movesplus45,45,408,3,0.74,3,300,220,80,0.74,100.0
2026-08-05,Control,currency,HardCoin,coins,extra_moves,level_movesplus40,40,408,2,0.49,2,200,200,0,0.49,100.0
2026-08-05,Control,currency,HardCoin,coins,level_movesplus5,level_movesplus5,level_movesplus5,408,1,0.25,2,200,200,0,0.49,200.0
2026-08-05,Control,currency,HardCoin,coins,purchase_pre_level_booster,map_pre_level_booster,pre_level_booster_3,408,1,0.25,1,200,30,170,0.49,200.0
2026-08-05,Control,currency,HardCoin,coins,purchase_pre_level_booster,level_pre_level_booster,pre_level_booster_1,408,1,0.25,1,100,100,0,0.25,100.0
2026-08-05,Control,life,life,items,in_game_use,saga,in_level,408,375,91.91,10867,10867,,,26.63,28.98
2026-08-05,Control,powerup,powerup_1,items,in_game_use,saga,in_level,408,348,85.29,3064,3064,,,7.51,8.8
2026-08-05,Control,powerup,powerup_2,items,in_game_use,saga,in_level,408,365,89.46,2246,2246,,,5.5,6.15
2026-08-05,Control,powerup,powerup_3,items,in_game_use,saga,in_level,408,362,88.73,2374,2374,,,5.82,6.56
2026-08-05,Control,pre_level_booster,pre_level_booster_1,items,in_game_use,saga,in_level,408,331,81.13,2326,2326,,,5.7,7.03
2026-08-05,Control,pre_level_booster,pre_level_booster_2,items,in_game_use,saga,in_level,408,321,78.68,2445,2445,,,5.99,7.62
2026-08-05,Control,pre_level_booster,pre_level_booster_3,items,in_game_use,saga,in_level,408,295,72.3,1242,1242,,,3.04,4.21
2026-08-05,Control,ul_pre_booster,UnlimitedBooster1,items,in_game_use,saga,in_level,408,232,56.86,5698,5698,,,13.97,24.56
2026-08-05,Control,ul_pre_booster,UnlimitedBooster2,items,in_game_use,saga,in_level,408,229,56.13,4458,4458,,,10.93,19.47
2026-08-05,Control,ul_pre_booster,UnlimitedBooster3,items,in_game_use,saga,in_level,408,176,43.14,2252,2252,,,5.52,12.8
2026-08-05,Variant,currency,HardCoin,coins,extra_moves,level_movesplus5,5,421,371,88.12,2080,208000,195096,12904,494.06,560.65
2026-08-05,Variant,currency,HardCoin,coins,extra_moves,level_movesplus10,10,421,36,8.55,51,5100,4608,492,12.11,141.67
2026-08-05,Variant,currency,HardCoin,coins,extra_moves,level_movesplus15,15,421,28,6.65,33,3300,3042,258,7.84,117.86
2026-08-05,Variant,currency,HardCoin,coins,extra_moves,level_movesplus20,20,421,22,5.23,25,2500,2400,100,5.94,113.64
2026-08-05,Variant,currency,HardCoin,coins,purchase_lives,level_lives,purchase_lives,421,11,2.61,30,1500,1230,270,3.56,136.36
2026-08-05,Variant,currency,HardCoin,coins,extra_moves,level_movesplus25,25,421,14,3.33,15,1500,1500,0,3.56,107.14
2026-08-05,Variant,currency,HardCoin,coins,extra_moves,level_movesplus50,50,421,12,2.85,12,1200,1110,90,2.85,100.0
2026-08-05,Variant,currency,HardCoin,coins,extra_moves,level_movesplus30,30,421,9,2.14,11,1100,1100,0,2.61,122.22
2026-08-05,Variant,currency,HardCoin,coins,extra_moves,level_movesplus40,40,421,9,2.14,10,1000,1000,0,2.38,111.11
2026-08-05,Variant,currency,HardCoin,coins,purchase_powerup,level_powerup,powerup_2,421,4,0.95,4,600,600,0,1.43,150.0
2026-08-05,Variant,currency,HardCoin,coins,purchase_lives,map_lives,purchase_lives,421,7,1.66,12,600,582,18,1.43,85.71
2026-08-05,Variant,currency,HardCoin,coins,extra_moves,level_movesplus45,45,421,6,1.43,6,600,600,0,1.43,100.0
2026-08-05,Variant,currency,HardCoin,coins,purchase_powerup,level_powerup,powerup_1,421,1,0.24,1,500,500,0,1.19,500.0
2026-08-05,Variant,currency,HardCoin,coins,extra_moves,level_movesplus35,35,421,5,1.19,5,500,445,55,1.19,100.0
2026-08-05,Variant,currency,HardCoin,coins,purchase_pre_level_booster,level_pre_level_booster,pre_level_booster_3,421,1,0.24,1,200,200,0,0.48,200.0
2026-08-05,Variant,currency,HardCoin,coins,purchase_powerup,level_powerup,powerup_3,421,1,0.24,1,200,200,0,0.48,200.0
2026-08-05,Variant,currency,HardCoin,coins,team_created,unknown,unknown,421,1,0.24,1,150,0,150,0.36,150.0
2026-08-05,Variant,life,life,items,in_game_use,saga,in_level,421,361,85.75,6163,6163,,,14.64,17.07
2026-08-05,Variant,life,life,items,in_game_use,dream_peak,in_level,421,1,0.24,50,50,,,0.12,50.0
2026-08-05,Variant,powerup,powerup_1,items,in_game_use,saga,in_level,421,332,78.86,2186,2186,,,5.19,6.58
2026-08-05,Variant,powerup,powerup_1,items,in_game_use,dream_peak,in_level,421,1,0.24,1,1,,,0.0,1.0
2026-08-05,Variant,powerup,powerup_2,items,in_game_use,saga,in_level,421,364,86.46,2161,2161,,,5.13,5.94
2026-08-05,Variant,powerup,powerup_2,items,in_game_use,dream_peak,in_level,421,1,0.24,2,2,,,0.0,2.0
2026-08-05,Variant,powerup,powerup_3,items,in_game_use,saga,in_level,421,364,86.46,3210,3210,,,7.62,8.82
2026-08-05,Variant,powerup,powerup_3,items,in_game_use,dream_peak,in_level,421,1,0.24,1,1,,,0.0,1.0
2026-08-05,Variant,pre_level_booster,pre_level_booster_1,items,in_game_use,saga,in_level,421,335,79.57,1666,1666,,,3.96,4.97
2026-08-05,Variant,pre_level_booster,pre_level_booster_1,items,in_game_use,dream_peak,in_level,421,1,0.24,2,2,,,0.0,2.0
2026-08-05,Variant,pre_level_booster,pre_level_booster_2,items,in_game_use,saga,in_level,421,314,74.58,1755,1755,,,4.17,5.59
2026-08-05,Variant,pre_level_booster,pre_level_booster_2,items,in_game_use,dream_peak,in_level,421,1,0.24,3,3,,,0.01,3.0
2026-08-05,Variant,pre_level_booster,pre_level_booster_3,items,in_game_use,saga,in_level,421,303,71.97,1374,1374,,,3.26,4.53
2026-08-05,Variant,pre_level_booster,pre_level_booster_3,items,in_game_use,dream_peak,in_level,421,1,0.24,2,2,,,0.0,2.0
2026-08-05,Variant,ul_pre_booster,UnlimitedBooster1,items,in_game_use,saga,in_level,421,178,42.28,3455,3455,,,8.21,19.41
2026-08-05,Variant,ul_pre_booster,UnlimitedBooster2,items,in_game_use,saga,in_level,421,207,49.17,2632,2632,,,6.25,12.71
2026-08-05,Variant,ul_pre_booster,UnlimitedBooster3,items,in_game_use,saga,in_level,421,19,4.51,376,376,,,0.89,19.79
2026-08-06,Control,currency,HardCoin,coins,extra_moves,level_movesplus5,5,431,381,88.4,2693,269300,248474,20826,624.83,706.82
2026-08-06,Control,currency,HardCoin,coins,extra_moves,level_movesplus10,10,431,41,9.51,57,5700,5325,375,13.23,139.02
2026-08-06,Control,currency,HardCoin,coins,extra_moves,level_movesplus15,15,431,34,7.89,43,4300,4280,20,9.98,126.47
2026-08-06,Control,currency,HardCoin,coins,extra_moves,level_movesplus20,20,431,19,4.41,26,2600,2385,215,6.03,136.84
2026-08-06,Control,currency,HardCoin,coins,extra_moves,level_movesplus25,25,431,18,4.18,23,2300,2150,150,5.34,127.78
2026-08-06,Control,currency,HardCoin,coins,purchase_lives,level_lives,purchase_lives,431,31,7.19,46,2300,1565,735,5.34,74.19
2026-08-06,Control,currency,HardCoin,coins,extra_moves,level_movesplus50,50,431,23,5.34,23,2300,2142,158,5.34,100.0
2026-08-06,Control,currency,HardCoin,coins,extra_moves,level_movesplus30,30,431,14,3.25,18,1800,1725,75,4.18,128.57
2026-08-06,Control,currency,HardCoin,coins,purchase_lives,map_lives,purchase_lives,431,18,4.18,32,1600,1247,353,3.71,88.89
2026-08-06,Control,currency,HardCoin,coins,purchase_powerup,level_powerup,powerup_3,431,4,0.93,7,1400,1200,200,3.25,350.0
2026-08-06,Control,currency,HardCoin,coins,level_movesplus5,level_movesplus5,level_movesplus5,431,1,0.23,11,1100,1100,0,2.55,1100.0
2026-08-06,Control,currency,HardCoin,coins,purchase_powerup,level_powerup,powerup_2,431,6,1.39,7,1050,876,174,2.44,175.0
2026-08-06,Control,currency,HardCoin,coins,extra_moves,level_movesplus45,45,431,7,1.62,8,800,800,0,1.86,114.29
2026-08-06,Control,currency,HardCoin,coins,extra_moves,level_movesplus35,35,431,6,1.39,7,700,656,44,1.62,116.67
2026-08-06,Control,currency,HardCoin,coins,extra_moves,level_movesplus40,40,431,5,1.16,5,500,500,0,1.16,100.0
2026-08-06,Control,currency,HardCoin,coins,purchase_pre_level_booster,map_pre_level_booster,pre_level_booster_2,431,1,0.23,2,300,87,213,0.7,300.0
2026-08-06,Control,life,life,items,in_game_use,saga,in_level,431,414,96.06,14120,14120,,,32.76,34.11
2026-08-06,Control,powerup,powerup_1,items,in_game_use,saga,in_level,431,364,84.45,2060,2060,,,4.78,5.66
2026-08-06,Control,powerup,powerup_2,items,in_game_use,saga,in_level,431,387,89.79,2216,2216,,,5.14,5.73
2026-08-06,Control,powerup,powerup_3,items,in_game_use,saga,in_level,431,386,89.56,2541,2541,,,5.9,6.58
2026-08-06,Control,pre_level_booster,pre_level_booster_1,items,in_game_use,saga,in_level,431,353,81.9,2306,2306,,,5.35,6.53
2026-08-06,Control,pre_level_booster,pre_level_booster_2,items,in_game_use,saga,in_level,431,337,78.19,2504,2504,,,5.81,7.43
2026-08-06,Control,pre_level_booster,pre_level_booster_3,items,in_game_use,saga,in_level,431,302,70.07,1126,1126,,,2.61,3.73
2026-08-06,Control,ul_pre_booster,UnlimitedBooster1,items,in_game_use,saga,in_level,431,182,42.23,4206,4206,,,9.76,23.11
2026-08-06,Control,ul_pre_booster,UnlimitedBooster2,items,in_game_use,saga,in_level,431,182,42.23,3209,3209,,,7.45,17.63
2026-08-06,Control,ul_pre_booster,UnlimitedBooster3,items,in_game_use,saga,in_level,431,155,35.96,2030,2030,,,4.71,13.1
2026-08-06,Variant,currency,HardCoin,coins,extra_moves,level_movesplus5,5,423,371,87.71,1789,178900,166564,12336,422.93,482.21
2026-08-06,Variant,currency,HardCoin,coins,extra_moves,level_movesplus10,10,423,29,6.86,36,3600,3037,563,8.51,124.14
2026-08-06,Variant,currency,HardCoin,coins,extra_moves,level_movesplus15,15,423,23,5.44,25,2500,2175,325,5.91,108.7
2026-08-06,Variant,currency,HardCoin,coins,purchase_lives,level_lives,purchase_lives,423,17,4.02,39,1950,1533,417,4.61,114.71
2026-08-06,Variant,currency,HardCoin,coins,extra_moves,level_movesplus50,50,423,11,2.6,14,1400,945,455,3.31,127.27
2026-08-06,Variant,currency,HardCoin,coins,extra_moves,level_movesplus20,20,423,13,3.07,13,1300,1200,100,3.07,100.0
2026-08-06,Variant,currency,HardCoin,coins,purchase_powerup,level_powerup,powerup_2,423,8,1.89,8,1200,1070,130,2.84,150.0
2026-08-06,Variant,currency,HardCoin,coins,extra_moves,level_movesplus25,25,423,10,2.36,11,1100,960,140,2.6,110.0
2026-08-06,Variant,currency,HardCoin,coins,purchase_pre_level_booster,map_pre_level_booster,pre_level_booster_3,423,2,0.47,4,800,200,600,1.89,400.0
2026-08-06,Variant,currency,HardCoin,coins,purchase_lives,map_lives,purchase_lives,423,12,2.84,15,750,481,269,1.77,62.5
2026-08-06,Variant,currency,HardCoin,coins,extra_moves,level_movesplus30,30,423,7,1.65,7,700,635,65,1.65,100.0
2026-08-06,Variant,currency,HardCoin,coins,extra_moves,level_movesplus45,45,423,6,1.42,6,600,540,60,1.42,100.0
2026-08-06,Variant,currency,HardCoin,coins,purchase_pre_level_booster,map_pre_level_booster,pre_level_booster_2,423,2,0.47,3,450,150,300,1.06,225.0
2026-08-06,Variant,currency,HardCoin,coins,extra_moves,level_movesplus35,35,423,3,0.71,3,300,200,100,0.71,100.0
2026-08-06,Variant,currency,HardCoin,coins,purchase_powerup,level_powerup,powerup_3,423,1,0.24,1,200,200,0,0.47,200.0
2026-08-06,Variant,currency,HardCoin,coins,extra_moves,level_movesplus40,40,423,2,0.47,2,200,200,0,0.47,100.0
2026-08-06,Variant,currency,HardCoin,coins,team_created,unknown,unknown,423,1,0.24,1,150,150,0,0.35,150.0
2026-08-06,Variant,currency,HardCoin,coins,purchase_pre_level_booster,map_pre_level_booster,pre_level_booster_1,423,1,0.24,1,100,100,0,0.24,100.0
2026-08-06,Variant,life,life,items,in_game_use,saga,in_level,423,371,87.71,6277,6277,,,14.84,16.92
2026-08-06,Variant,powerup,powerup_1,items,in_game_use,saga,in_level,423,295,69.74,2335,2335,,,5.52,7.92
2026-08-06,Variant,powerup,powerup_2,items,in_game_use,saga,in_level,423,355,83.92,2165,2165,,,5.12,6.1
2026-08-06,Variant,powerup,powerup_3,items,in_game_use,saga,in_level,423,368,87.0,3045,3045,,,7.2,8.27
2026-08-06,Variant,pre_level_booster,pre_level_booster_1,items,in_game_use,saga,in_level,423,326,77.07,1470,1470,,,3.48,4.51
2026-08-06,Variant,pre_level_booster,pre_level_booster_2,items,in_game_use,saga,in_level,423,307,72.58,1634,1634,,,3.86,5.32
2026-08-06,Variant,pre_level_booster,pre_level_booster_3,items,in_game_use,saga,in_level,423,303,71.63,1375,1375,,,3.25,4.54
2026-08-06,Variant,ul_pre_booster,UnlimitedBooster1,items,in_game_use,saga,in_level,423,186,43.97,3887,3887,,,9.19,20.9
2026-08-06,Variant,ul_pre_booster,UnlimitedBooster2,items,in_game_use,saga,in_level,423,166,39.24,2530,2530,,,5.98,15.24
2026-08-06,Variant,ul_pre_booster,UnlimitedBooster3,items,in_game_use,saga,in_level,423,15,3.55,348,348,,,0.82,23.2
2026-08-07,Control,currency,HardCoin,coins,extra_moves,level_movesplus5,5,432,393,90.97,2544,254400,237172,17228,588.89,647.33
2026-08-07,Control,currency,HardCoin,coins,extra_moves,level_movesplus10,10,432,43,9.95,57,5700,5493,207,13.19,132.56
2026-08-07,Control,currency,HardCoin,coins,extra_moves,level_movesplus15,15,432,26,6.02,32,3200,3097,103,7.41,123.08
2026-08-07,Control,currency,HardCoin,coins,extra_moves,level_movesplus50,50,432,23,5.32,27,2700,2242,458,6.25,117.39
2026-08-07,Control,currency,HardCoin,coins,extra_moves,level_movesplus20,20,432,20,4.63,25,2500,2235,265,5.79,125.0
2026-08-07,Control,currency,HardCoin,coins,purchase_lives,level_lives,purchase_lives,432,17,3.94,46,2300,1773,527,5.32,135.29
2026-08-07,Control,currency,HardCoin,coins,purchase_powerup,level_powerup,powerup_2,432,6,1.39,14,2100,2100,0,4.86,350.0
2026-08-07,Control,currency,HardCoin,coins,extra_moves,level_movesplus25,25,432,14,3.24,19,1900,1787,113,4.4,135.71
2026-08-07,Control,currency,HardCoin,coins,purchase_lives,map_lives,purchase_lives,432,16,3.7,28,1400,1164,236,3.24,87.5
2026-08-07,Control,currency,HardCoin,coins,purchase_powerup,level_powerup,powerup_3,432,4,0.93,5,1000,1000,0,2.31,250.0
2026-08-07,Control,currency,HardCoin,coins,purchase_powerup,level_powerup,powerup_1,432,2,0.46,2,1000,1000,0,2.31,500.0
2026-08-07,Control,currency,HardCoin,coins,extra_moves,level_movesplus35,35,432,7,1.62,7,700,615,85,1.62,100.0
2026-08-07,Control,currency,HardCoin,coins,extra_moves,level_movesplus40,40,432,6,1.39,6,600,525,75,1.39,100.0
2026-08-07,Control,currency,HardCoin,coins,extra_moves,level_movesplus30,30,432,4,0.93,4,400,400,0,0.93,100.0
2026-08-07,Control,currency,HardCoin,coins,purchase_pre_level_booster,map_pre_level_booster,pre_level_booster_3,432,2,0.46,2,400,400,0,0.93,200.0
2026-08-07,Control,currency,HardCoin,coins,extra_moves,level_movesplus45,45,432,3,0.69,3,300,300,0,0.69,100.0
2026-08-07,Control,currency,HardCoin,coins,purchase_pre_level_booster,level_pre_level_booster,pre_level_booster_3,432,1,0.23,1,200,200,0,0.46,200.0
2026-08-07,Control,currency,HardCoin,coins,purchase_pre_level_booster,map_pre_level_booster,pre_level_booster_2,432,1,0.23,1,150,150,0,0.35,150.0
2026-08-07,Control,currency,HardCoin,coins,purchase_pre_level_booster,level_pre_level_booster,pre_level_booster_2,432,1,0.23,1,150,150,0,0.35,150.0
2026-08-07,Control,currency,HardCoin,coins,purchase_pre_level_booster,map_pre_level_booster,pre_level_booster_1,432,1,0.23,1,100,100,0,0.23,100.0
2026-08-07,Control,life,life,items,in_game_use,saga,in_level,432,393,90.97,11028,11028,,,25.53,28.06
2026-08-07,Control,powerup,powerup_1,items,in_game_use,saga,in_level,432,363,84.03,2172,2172,,,5.03,5.98
2026-08-07,Control,powerup,powerup_2,items,in_game_use,saga,in_level,432,398,92.13,2610,2610,,,6.04,6.56
2026-08-07,Control,powerup,powerup_3,items,in_game_use,saga,in_level,432,392,90.74,3532,3532,,,8.18,9.01
2026-08-07,Control,pre_level_booster,pre_level_booster_1,items,in_game_use,saga,in_level,432,368,85.19,3413,3413,,,7.9,9.27
2026-08-07,Control,pre_level_booster,pre_level_booster_2,items,in_game_use,saga,in_level,432,350,81.02,3617,3617,,,8.37,10.33
2026-08-07,Control,pre_level_booster,pre_level_booster_3,items,in_game_use,saga,in_level,432,319,73.84,1870,1870,,,4.33,5.86
2026-08-07,Control,ul_pre_booster,UnlimitedBooster1,items,in_game_use,saga,in_level,432,288,66.67,4660,4660,,,10.79,16.18
2026-08-07,Control,ul_pre_booster,UnlimitedBooster2,items,in_game_use,saga,in_level,432,236,54.63,2879,2879,,,6.66,12.2
2026-08-07,Control,ul_pre_booster,UnlimitedBooster3,items,in_game_use,saga,in_level,432,44,10.19,491,491,,,1.14,11.16
2026-08-07,Variant,currency,HardCoin,coins,extra_moves,level_movesplus5,5,439,385,87.7,2377,237700,222904,14796,541.46,617.4
2026-08-07,Variant,currency,HardCoin,coins,extra_moves,level_movesplus10,10,439,38,8.66,51,5100,4840,260,11.62,134.21
2026-08-07,Variant,currency,HardCoin,coins,extra_moves,level_movesplus15,15,439,28,6.38,34,3400,3190,210,7.74,121.43
2026-08-07,Variant,currency,HardCoin,coins,extra_moves,level_movesplus50,50,439,21,4.78,26,2600,2286,314,5.92,123.81
2026-08-07,Variant,currency,HardCoin,coins,extra_moves,level_movesplus20,20,439,25,5.69,26,2600,2435,165,5.92,104.0
2026-08-07,Variant,currency,HardCoin,coins,purchase_lives,level_lives,purchase_lives,439,17,3.87,50,2500,2220,280,5.69,147.06
2026-08-07,Variant,currency,HardCoin,coins,purchase_powerup,level_powerup,powerup_2,439,9,2.05,12,1800,1800,0,4.1,200.0
2026-08-07,Variant,currency,HardCoin,coins,extra_moves,level_movesplus25,25,439,9,2.05,12,1200,932,268,2.73,133.33
2026-08-07,Variant,currency,HardCoin,coins,extra_moves,level_movesplus30,30,439,12,2.73,12,1200,1200,0,2.73,100.0
2026-08-07,Variant,currency,HardCoin,coins,extra_moves,level_movesplus40,40,439,9,2.05,9,900,900,0,2.05,100.0
2026-08-07,Variant,currency,HardCoin,coins,purchase_lives,map_lives,purchase_lives,439,9,2.05,16,800,554,246,1.82,88.89
2026-08-07,Variant,currency,HardCoin,coins,extra_moves,level_movesplus45,45,439,5,1.14,5,500,500,0,1.14,100.0
2026-08-07,Variant,currency,HardCoin,coins,extra_moves,level_movesplus35,35,439,4,0.91,4,400,400,0,0.91,100.0
2026-08-07,Variant,currency,HardCoin,coins,level_movesplus5,level_movesplus5,level_movesplus5,439,1,0.23,3,300,300,0,0.68,300.0
2026-08-07,Variant,currency,HardCoin,coins,purchase_pre_level_booster,map_pre_level_booster,pre_level_booster_3,439,1,0.23,1,200,200,0,0.46,200.0
2026-08-07,Variant,currency,HardCoin,coins,purchase_powerup,level_powerup,powerup_3,439,1,0.23,1,200,200,0,0.46,200.0
2026-08-07,Variant,currency,HardCoin,coins,team_created,unknown,unknown,439,1,0.23,1,150,150,0,0.34,150.0
2026-08-07,Variant,life,life,items,in_game_use,saga,in_level,439,393,89.52,6336,6336,,,14.43,16.12
2026-08-07,Variant,powerup,powerup_1,items,in_game_use,saga,in_level,439,346,78.82,1662,1662,,,3.79,4.8
2026-08-07,Variant,powerup,powerup_2,items,in_game_use,saga,in_level,439,388,88.38,2138,2138,,,4.87,5.51
2026-08-07,Variant,powerup,powerup_3,items,in_game_use,saga,in_level,439,378,86.1,2420,2420,,,5.51,6.4
2026-08-07,Variant,pre_level_booster,pre_level_booster_1,items,in_game_use,saga,in_level,439,345,78.59,1668,1668,,,3.8,4.83
2026-08-07,Variant,pre_level_booster,pre_level_booster_2,items,in_game_use,saga,in_level,439,323,73.58,1858,1858,,,4.23,5.75
2026-08-07,Variant,pre_level_booster,pre_level_booster_3,items,in_game_use,saga,in_level,439,315,71.75,1315,1315,,,3.0,4.17
2026-08-07,Variant,ul_pre_booster,UnlimitedBooster1,items,in_game_use,saga,in_level,439,371,84.51,6481,6481,,,14.76,17.47
2026-08-07,Variant,ul_pre_booster,UnlimitedBooster2,items,in_game_use,saga,in_level,439,349,79.5,4571,4571,,,10.41,13.1
2026-08-07,Variant,ul_pre_booster,UnlimitedBooster3,items,in_game_use,saga,in_level,439,263,59.91,2614,2614,,,5.95,9.94
2026-08-08,Control,currency,HardCoin,coins,extra_moves,level_movesplus5,5,497,439,88.33,2961,296100,274829,21271,595.77,674.49
2026-08-08,Control,currency,HardCoin,coins,purchase_pre_level_booster,map_pre_level_booster,pre_level_booster_3,497,4,0.8,53,10600,800,9800,21.33,2650.0
2026-08-08,Control,currency,HardCoin,coins,extra_moves,level_movesplus10,10,497,36,7.24,44,4400,4350,50,8.85,122.22
2026-08-08,Control,currency,HardCoin,coins,extra_moves,level_movesplus15,15,497,31,6.24,34,3400,3145,255,6.84,109.68
2026-08-08,Control,currency,HardCoin,coins,extra_moves,level_movesplus20,20,497,23,4.63,27,2700,2540,160,5.43,117.39
2026-08-08,Control,currency,HardCoin,coins,purchase_lives,level_lives,purchase_lives,497,28,5.63,49,2450,1703,747,4.93,87.5
2026-08-08,Control,currency,HardCoin,coins,purchase_lives,map_lives,purchase_lives,497,27,5.43,36,1800,1222,578,3.62,66.67
2026-08-08,Control,currency,HardCoin,coins,purchase_powerup,level_powerup,powerup_2,497,5,1.01,11,1650,1650,0,3.32,330.0
2026-08-08,Control,currency,HardCoin,coins,extra_moves,level_movesplus50,50,497,12,2.41,15,1500,1238,262,3.02,125.0
2026-08-08,Control,currency,HardCoin,coins,purchase_powerup,level_powerup,powerup_1,497,3,0.6,3,1500,1500,0,3.02,500.0
2026-08-08,Control,currency,HardCoin,coins,extra_moves,level_movesplus25,25,497,11,2.21,12,1200,1171,29,2.41,109.09
2026-08-08,Control,currency,HardCoin,coins,purchase_pre_level_booster,map_pre_level_booster,pre_level_booster_2,497,3,0.6,7,1050,796,254,2.11,350.0
2026-08-08,Control,currency,HardCoin,coins,extra_moves,level_movesplus30,30,497,9,1.81,9,900,830,70,1.81,100.0
2026-08-08,Control,currency,HardCoin,coins,extra_moves,level_movesplus40,40,497,7,1.41,7,700,589,111,1.41,100.0
2026-08-08,Control,currency,HardCoin,coins,purchase_powerup,level_powerup,powerup_3,497,3,0.6,3,600,400,200,1.21,200.0
2026-08-08,Control,currency,HardCoin,coins,level_movesplus5,level_movesplus5,level_movesplus5,497,1,0.2,5,500,500,0,1.01,500.0
2026-08-08,Control,currency,HardCoin,coins,extra_moves,level_movesplus35,35,497,5,1.01,5,500,500,0,1.01,100.0
2026-08-08,Control,currency,HardCoin,coins,extra_moves,level_movesplus45,45,497,3,0.6,3,300,216,84,0.6,100.0
2026-08-08,Control,currency,HardCoin,coins,purchase_pre_level_booster,map_pre_level_booster,pre_level_booster_1,497,1,0.2,1,100,0,100,0.2,100.0
2026-08-08,Control,life,life,items,in_game_use,saga,in_level,497,473,95.17,15478,15478,,,31.14,32.72
2026-08-08,Control,powerup,powerup_1,items,in_game_use,saga,in_level,497,416,83.7,2894,2894,,,5.82,6.96
2026-08-08,Control,powerup,powerup_2,items,in_game_use,saga,in_level,497,434,87.32,2566,2566,,,5.16,5.91
2026-08-08,Control,powerup,powerup_3,items,in_game_use,saga,in_level,497,441,88.73,3088,3088,,,6.21,7.0
2026-08-08,Control,powerup,unknown,items,in_game_use,saga,in_level,497,1,0.2,138,138000,,,277.67,138000.0
2026-08-08,Control,pre_level_booster,pre_level_booster_1,items,in_game_use,saga,in_level,497,401,80.68,2688,2688,,,5.41,6.7
2026-08-08,Control,pre_level_booster,pre_level_booster_2,items,in_game_use,saga,in_level,497,379,76.26,2931,2931,,,5.9,7.73
2026-08-08,Control,pre_level_booster,pre_level_booster_3,items,in_game_use,saga,in_level,497,346,69.62,1564,1564,,,3.15,4.52
2026-08-08,Control,ul_pre_booster,UnlimitedBooster1,items,in_game_use,saga,in_level,497,263,52.92,4653,4653,,,9.36,17.69
2026-08-08,Control,ul_pre_booster,UnlimitedBooster2,items,in_game_use,saga,in_level,497,258,51.91,3371,3371,,,6.78,13.07
2026-08-08,Control,ul_pre_booster,UnlimitedBooster3,items,in_game_use,saga,in_level,497,22,4.43,461,461,,,0.93,20.95
2026-08-08,Control,unlimited_lives,UnlimitedLives,items,in_game_use,saga,in_level,497,1,0.2,138,138,,,0.28,138.0
2026-08-08,Variant,currency,HardCoin,coins,extra_moves,level_movesplus5,5,494,437,88.46,2443,244300,226846,17454,494.53,559.04
2026-08-08,Variant,currency,HardCoin,coins,extra_moves,level_movesplus10,10,494,46,9.31,61,6100,5520,580,12.35,132.61
2026-08-08,Variant,currency,HardCoin,coins,extra_moves,level_movesplus15,15,494,22,4.45,31,3100,2946,154,6.28,140.91
2026-08-08,Variant,currency,HardCoin,coins,extra_moves,level_movesplus50,50,494,23,4.66,28,2800,2725,75,5.67,121.74
2026-08-08,Variant,currency,HardCoin,coins,extra_moves,level_movesplus20,20,494,25,5.06,27,2700,2664,36,5.47,108.0
2026-08-08,Variant,currency,HardCoin,coins,purchase_lives,level_lives,purchase_lives,494,16,3.24,33,1650,1073,577,3.34,103.13
2026-08-08,Variant,currency,HardCoin,coins,purchase_powerup,level_powerup,powerup_2,494,7,1.42,9,1350,1325,25,2.73,192.86
2026-08-08,Variant,currency,HardCoin,coins,purchase_lives,map_lives,purchase_lives,494,17,3.44,26,1300,661,639,2.63,76.47
2026-08-08,Variant,currency,HardCoin,coins,extra_moves,level_movesplus25,25,494,10,2.02,13,1300,1220,80,2.63,130.0
2026-08-08,Variant,currency,HardCoin,coins,extra_moves,level_movesplus35,35,494,11,2.23,12,1200,1045,155,2.43,109.09
2026-08-08,Variant,currency,HardCoin,coins,extra_moves,level_movesplus30,30,494,8,1.62,10,1000,925,75,2.02,125.0
2026-08-08,Variant,currency,HardCoin,coins,purchase_powerup,level_powerup,powerup_3,494,3,0.61,3,600,600,0,1.21,200.0
2026-08-08,Variant,currency,HardCoin,coins,extra_moves,level_movesplus45,45,494,5,1.01,5,500,500,0,1.01,100.0
2026-08-08,Variant,currency,HardCoin,coins,purchase_powerup,level_powerup,powerup_1,494,1,0.2,1,500,500,0,1.01,500.0
2026-08-08,Variant,currency,HardCoin,coins,extra_moves,level_movesplus40,40,494,3,0.61,3,300,250,50,0.61,100.0
2026-08-08,Variant,currency,HardCoin,coins,purchase_pre_level_booster,map_pre_level_booster,pre_level_booster_3,494,1,0.2,1,200,200,0,0.4,200.0
2026-08-08,Variant,currency,HardCoin,coins,level_movesplus5,level_movesplus5,level_movesplus5,494,1,0.2,2,200,200,0,0.4,200.0
2026-08-08,Variant,currency,HardCoin,coins,purchase_pre_level_booster,level_pre_level_booster,pre_level_booster_2,494,1,0.2,1,150,150,0,0.3,150.0
2026-08-08,Variant,currency,HardCoin,coins,team_created,unknown,unknown,494,1,0.2,1,150,150,0,0.3,150.0
2026-08-08,Variant,currency,HardCoin,coins,purchase_pre_level_booster,level_pre_level_booster,pre_level_booster_1,494,1,0.2,1,100,100,0,0.2,100.0
2026-08-08,Variant,life,life,items,in_game_use,saga,in_level,494,459,92.91,7798,7798,,,15.79,16.99
2026-08-08,Variant,powerup,powerup_1,items,in_game_use,saga,in_level,494,395,79.96,2618,2618,,,5.3,6.63
2026-08-08,Variant,powerup,powerup_2,items,in_game_use,saga,in_level,494,428,86.64,2495,2495,,,5.05,5.83
2026-08-08,Variant,powerup,powerup_3,items,in_game_use,saga,in_level,494,425,86.03,2613,2613,,,5.29,6.15
2026-08-08,Variant,pre_level_booster,pre_level_booster_1,items,in_game_use,saga,in_level,494,373,75.51,1838,1838,,,3.72,4.93
2026-08-08,Variant,pre_level_booster,pre_level_booster_2,items,in_game_use,saga,in_level,494,345,69.84,2017,2017,,,4.08,5.85
2026-08-08,Variant,pre_level_booster,pre_level_booster_3,items,in_game_use,saga,in_level,494,346,70.04,1539,1539,,,3.12,4.45
2026-08-08,Variant,ul_pre_booster,UnlimitedBooster1,items,in_game_use,saga,in_level,494,324,65.59,6048,6048,,,12.24,18.67
2026-08-08,Variant,ul_pre_booster,UnlimitedBooster2,items,in_game_use,saga,in_level,494,347,70.24,5393,5393,,,10.92,15.54
2026-08-08,Variant,ul_pre_booster,UnlimitedBooster3,items,in_game_use,saga,in_level,494,303,61.34,3692,3692,,,7.47,12.18
2026-08-09,Control,currency,HardCoin,coins,extra_moves,level_movesplus5,5,513,451,87.91,2918,291800,246457,45343,568.81,647.01
2026-08-09,Control,currency,HardCoin,coins,extra_moves,level_movesplus10,10,513,38,7.41,52,5200,4925,275,10.14,136.84
2026-08-09,Control,currency,HardCoin,coins,extra_moves,level_movesplus15,15,513,38,7.41,47,4700,4405,295,9.16,123.68
2026-08-09,Control,currency,HardCoin,coins,purchase_lives,level_lives,purchase_lives,513,37,7.21,73,3650,2644,1006,7.12,98.65
2026-08-09,Control,currency,HardCoin,coins,extra_moves,level_movesplus50,50,513,18,3.51,29,2900,2598,302,5.65,161.11
2026-08-09,Control,currency,HardCoin,coins,extra_moves,level_movesplus20,20,513,20,3.9,22,2200,2015,185,4.29,110.0
2026-08-09,Control,currency,HardCoin,coins,extra_moves,level_movesplus25,25,513,17,3.31,20,2000,1925,75,3.9,117.65
2026-08-09,Control,currency,HardCoin,coins,purchase_powerup,level_powerup,powerup_2,513,6,1.17,13,1950,1230,720,3.8,325.0
2026-08-09,Control,currency,HardCoin,coins,purchase_lives,map_lives,purchase_lives,513,25,4.87,34,1700,1442,258,3.31,68.0
2026-08-09,Control,currency,HardCoin,coins,extra_moves,level_movesplus30,30,513,10,1.95,12,1200,1200,0,2.34,120.0
2026-08-09,Control,currency,HardCoin,coins,purchase_powerup,level_powerup,powerup_3,513,3,0.58,6,1200,400,800,2.34,400.0
2026-08-09,Control,currency,HardCoin,coins,purchase_pre_level_booster,map_pre_level_booster,pre_level_booster_3,513,3,0.58,5,1000,400,600,1.95,333.33
2026-08-09,Control,currency,HardCoin,coins,extra_moves,level_movesplus35,35,513,8,1.56,8,800,670,130,1.56,100.0
2026-08-09,Control,currency,HardCoin,coins,purchase_pre_level_booster,map_pre_level_booster,pre_level_booster_2,513,3,0.58,5,750,180,570,1.46,250.0
2026-08-09,Control,currency,HardCoin,coins,purchase_pre_level_booster,map_pre_level_booster,pre_level_booster_1,513,4,0.78,7,700,600,100,1.36,175.0
2026-08-09,Control,currency,HardCoin,coins,extra_moves,level_movesplus40,40,513,4,0.78,4,400,260,140,0.78,100.0
2026-08-09,Control,currency,HardCoin,coins,purchase_pre_level_booster,level_pre_level_booster,pre_level_booster_3,513,2,0.39,2,400,215,185,0.78,200.0
2026-08-09,Control,currency,HardCoin,coins,extra_moves,level_movesplus45,45,513,4,0.78,4,400,375,25,0.78,100.0
2026-08-09,Control,currency,HardCoin,coins,team_created,unknown,unknown,513,2,0.39,2,300,300,0,0.58,150.0
2026-08-09,Control,currency,HardCoin,coins,purchase_pre_level_booster,level_pre_level_booster,pre_level_booster_2,513,1,0.19,1,150,150,0,0.29,150.0
2026-08-09,Control,currency,HardCoin,coins,purchase_pre_level_booster,level_pre_level_booster,pre_level_booster_1,513,1,0.19,1,100,100,0,0.19,100.0
2026-08-09,Control,life,life,items,in_game_use,saga,in_level,513,477,92.98,14604,14604,,,28.47,30.62
2026-08-09,Control,powerup,powerup_1,items,in_game_use,saga,in_level,513,421,82.07,1619,1619,,,3.16,3.85
2026-08-09,Control,powerup,powerup_2,items,in_game_use,saga,in_level,513,456,88.89,2623,2623,,,5.11,5.75
2026-08-09,Control,powerup,powerup_3,items,in_game_use,saga,in_level,513,447,87.13,2730,2730,,,5.32,6.11
2026-08-09,Control,pre_level_booster,pre_level_booster_1,items,in_game_use,saga,in_level,513,425,82.85,3227,3227,,,6.29,7.59
2026-08-09,Control,pre_level_booster,pre_level_booster_2,items,in_game_use,saga,in_level,513,423,82.46,3530,3530,,,6.88,8.35
2026-08-09,Control,pre_level_booster,pre_level_booster_3,items,in_game_use,saga,in_level,513,383,74.66,1719,1719,,,3.35,4.49
2026-08-09,Control,ul_pre_booster,UnlimitedBooster1,items,in_game_use,saga,in_level,513,233,45.42,4604,4604,,,8.97,19.76
2026-08-09,Control,ul_pre_booster,UnlimitedBooster2,items,in_game_use,saga,in_level,513,202,39.38,3034,3034,,,5.91,15.02
2026-08-09,Control,ul_pre_booster,UnlimitedBooster3,items,in_game_use,saga,in_level,513,19,3.7,639,639,,,1.25,33.63
2026-08-09,Variant,currency,HardCoin,coins,extra_moves,level_movesplus5,5,523,461,88.15,2372,237200,223638,13562,453.54,514.53
2026-08-09,Variant,currency,HardCoin,coins,extra_moves,level_movesplus10,10,523,43,8.22,51,5100,5100,0,9.75,118.6
2026-08-09,Variant,currency,HardCoin,coins,extra_moves,level_movesplus20,20,523,32,6.12,34,3400,3235,165,6.5,106.25
2026-08-09,Variant,currency,HardCoin,coins,extra_moves,level_movesplus50,50,523,25,4.78,29,2900,2443,457,5.54,116.0
2026-08-09,Variant,currency,HardCoin,coins,purchase_lives,level_lives,purchase_lives,523,29,5.54,50,2500,1944,556,4.78,86.21
2026-08-09,Variant,currency,HardCoin,coins,extra_moves,level_movesplus15,15,523,20,3.82,24,2400,2360,40,4.59,120.0
2026-08-09,Variant,currency,HardCoin,coins,extra_moves,level_movesplus25,25,523,17,3.25,17,1700,1550,150,3.25,100.0
2026-08-09,Variant,currency,HardCoin,coins,extra_moves,level_movesplus30,30,523,11,2.1,11,1100,1100,0,2.1,100.0
2026-08-09,Variant,currency,HardCoin,coins,extra_moves,level_movesplus35,35,523,10,1.91,10,1000,1000,0,1.91,100.0
2026-08-09,Variant,currency,HardCoin,coins,purchase_lives,map_lives,purchase_lives,523,17,3.25,19,950,528,422,1.82,55.88
2026-08-09,Variant,currency,HardCoin,coins,extra_moves,level_movesplus40,40,523,8,1.53,8,800,725,75,1.53,100.0
2026-08-09,Variant,currency,HardCoin,coins,purchase_powerup,level_powerup,powerup_2,523,4,0.76,4,600,505,95,1.15,150.0
2026-08-09,Variant,currency,HardCoin,coins,purchase_powerup,level_powerup,powerup_3,523,2,0.38,2,400,400,0,0.76,200.0
2026-08-09,Variant,currency,HardCoin,coins,extra_moves,level_movesplus45,45,523,3,0.57,3,300,287,13,0.57,100.0
2026-08-09,Variant,life,life,items,in_game_use,saga,in_level,523,488,93.31,8873,8873,,,16.97,18.18
2026-08-09,Variant,powerup,powerup_1,items,in_game_use,saga,in_level,523,420,80.31,2492,2492,,,4.76,5.93
2026-08-09,Variant,powerup,powerup_2,items,in_game_use,saga,in_level,523,455,87.0,2376,2376,,,4.54,5.22
2026-08-09,Variant,powerup,powerup_3,items,in_game_use,saga,in_level,523,463,88.53,2460,2460,,,4.7,5.31
2026-08-09,Variant,pre_level_booster,pre_level_booster_1,items,in_game_use,saga,in_level,523,404,77.25,1760,1760,,,3.37,4.36
2026-08-09,Variant,pre_level_booster,pre_level_booster_2,items,in_game_use,saga,in_level,523,378,72.28,1990,1990,,,3.8,5.26
2026-08-09,Variant,pre_level_booster,pre_level_booster_3,items,in_game_use,saga,in_level,523,372,71.13,1553,1553,,,2.97,4.17
2026-08-09,Variant,ul_pre_booster,UnlimitedBooster1,items,in_game_use,saga,in_level,523,258,49.33,5896,5896,,,11.27,22.85
2026-08-09,Variant,ul_pre_booster,UnlimitedBooster2,items,in_game_use,saga,in_level,523,261,49.9,4951,4951,,,9.47,18.97
2026-08-09,Variant,ul_pre_booster,UnlimitedBooster3,items,in_game_use,saga,in_level,523,260,49.71,3387,3387,,,6.48,13.03
2026-08-10,Control,currency,HardCoin,coins,extra_moves,level_movesplus5,5,529,478,90.36,3425,342500,308315,34185,647.45,716.53
2026-08-10,Control,currency,HardCoin,coins,extra_moves,level_movesplus10,10,529,55,10.4,77,7700,7080,620,14.56,140.0
2026-08-10,Control,currency,HardCoin,coins,extra_moves,level_movesplus15,15,529,46,8.7,54,5400,4715,685,10.21,117.39
2026-08-10,Control,currency,HardCoin,coins,extra_moves,level_movesplus20,20,529,35,6.62,41,4100,3820,280,7.75,117.14
2026-08-10,Control,currency,HardCoin,coins,purchase_lives,level_lives,purchase_lives,529,33,6.24,80,4000,3129,871,7.56,121.21
2026-08-10,Control,currency,HardCoin,coins,extra_moves,level_movesplus50,50,529,26,4.91,30,3000,2488,512,5.67,115.38
2026-08-10,Control,currency,HardCoin,coins,extra_moves,level_movesplus25,25,529,23,4.35,29,2900,2825,75,5.48,126.09
2026-08-10,Control,currency,HardCoin,coins,purchase_powerup,level_powerup,powerup_2,529,6,1.13,14,2100,2100,0,3.97,350.0
2026-08-10,Control,currency,HardCoin,coins,extra_moves,level_movesplus30,30,529,15,2.84,21,2100,1815,285,3.97,140.0
2026-08-10,Control,currency,HardCoin,coins,purchase_powerup,level_powerup,powerup_1,529,4,0.76,4,2000,1520,480,3.78,500.0
2026-08-10,Control,currency,HardCoin,coins,extra_moves,level_movesplus35,35,529,13,2.46,16,1600,1245,355,3.02,123.08
2026-08-10,Control,currency,HardCoin,coins,purchase_lives,map_lives,purchase_lives,529,21,3.97,27,1350,978,372,2.55,64.29
2026-08-10,Control,currency,HardCoin,coins,purchase_powerup,level_powerup,powerup_3,529,4,0.76,5,1000,650,350,1.89,250.0
2026-08-10,Control,currency,HardCoin,coins,purchase_pre_level_booster,map_pre_level_booster,pre_level_booster_2,529,2,0.38,4,600,600,0,1.13,300.0
2026-08-10,Control,currency,HardCoin,coins,extra_moves,level_movesplus40,40,529,3,0.57,3,300,228,72,0.57,100.0
2026-08-10,Control,currency,HardCoin,coins,extra_moves,level_movesplus45,45,529,3,0.57,3,300,200,100,0.57,100.0
2026-08-10,Control,currency,HardCoin,coins,purchase_pre_level_booster,map_pre_level_booster,pre_level_booster_3,529,1,0.19,1,200,200,0,0.38,200.0
2026-08-10,Control,currency,HardCoin,coins,purchase_pre_level_booster,map_pre_level_booster,pre_level_booster_1,529,1,0.19,1,100,100,0,0.19,100.0
2026-08-10,Control,life,life,items,in_game_use,saga,in_level,529,498,94.14,13876,13876,,,26.23,27.86
2026-08-10,Control,powerup,powerup_1,items,in_game_use,saga,in_level,529,460,86.96,1911,1911,,,3.61,4.15
2026-08-10,Control,powerup,powerup_2,items,in_game_use,saga,in_level,529,463,87.52,2791,2791,,,5.28,6.03
2026-08-10,Control,powerup,powerup_3,items,in_game_use,saga,in_level,529,460,86.96,3262,3262,,,6.17,7.09
2026-08-10,Control,pre_level_booster,pre_level_booster_1,items,in_game_use,saga,in_level,529,433,81.85,3053,3053,,,5.77,7.05
2026-08-10,Control,pre_level_booster,pre_level_booster_2,items,in_game_use,saga,in_level,529,411,77.69,3395,3395,,,6.42,8.26
2026-08-10,Control,pre_level_booster,pre_level_booster_3,items,in_game_use,saga,in_level,529,380,71.83,1628,1628,,,3.08,4.28
2026-08-10,Control,ul_pre_booster,UnlimitedBooster1,items,in_game_use,saga,in_level,529,460,86.96,8319,8319,,,15.73,18.08
2026-08-10,Control,ul_pre_booster,UnlimitedBooster2,items,in_game_use,saga,in_level,529,432,81.66,5997,5997,,,11.34,13.88
2026-08-10,Control,ul_pre_booster,UnlimitedBooster3,items,in_game_use,saga,in_level,529,352,66.54,4083,4083,,,7.72,11.6
2026-08-10,Variant,currency,HardCoin,coins,extra_moves,level_movesplus5,5,501,448,89.42,2568,256800,244257,12543,512.57,573.21
2026-08-10,Variant,currency,HardCoin,coins,extra_moves,level_movesplus10,10,501,43,8.58,55,5500,5402,98,10.98,127.91
2026-08-10,Variant,currency,HardCoin,coins,extra_moves,level_movesplus50,50,501,32,6.39,36,3600,3457,143,7.19,112.5
2026-08-10,Variant,currency,HardCoin,coins,extra_moves,level_movesplus20,20,501,29,5.79,31,3100,2795,305,6.19,106.9
2026-08-10,Variant,currency,HardCoin,coins,extra_moves,level_movesplus25,25,501,17,3.39,22,2200,2192,8,4.39,129.41
2026-08-10,Variant,currency,HardCoin,coins,extra_moves,level_movesplus15,15,501,20,3.99,21,2100,1873,227,4.19,105.0
2026-08-10,Variant,currency,HardCoin,coins,extra_moves,level_movesplus35,35,501,18,3.59,18,1800,1436,364,3.59,100.0
2026-08-10,Variant,currency,HardCoin,coins,extra_moves,level_movesplus30,30,501,15,2.99,18,1800,1612,188,3.59,120.0
2026-08-10,Variant,currency,HardCoin,coins,purchase_lives,level_lives,purchase_lives,501,15,2.99,23,1150,842,308,2.3,76.67
2026-08-10,Variant,currency,HardCoin,coins,purchase_powerup,level_powerup,powerup_1,501,2,0.4,2,1000,1000,0,2.0,500.0
2026-08-10,Variant,currency,HardCoin,coins,extra_moves,level_movesplus45,45,501,9,1.8,9,900,900,0,1.8,100.0
2026-08-10,Variant,currency,HardCoin,coins,purchase_pre_level_booster,map_pre_level_booster,pre_level_booster_3,501,2,0.4,4,800,800,0,1.6,400.0
2026-08-10,Variant,currency,HardCoin,coins,purchase_powerup,level_powerup,powerup_2,501,3,0.6,5,750,600,150,1.5,250.0
2026-08-10,Variant,currency,HardCoin,coins,purchase_pre_level_booster,map_pre_level_booster,pre_level_booster_1,501,2,0.4,5,500,500,0,1.0,250.0
2026-08-10,Variant,currency,HardCoin,coins,purchase_pre_level_booster,map_pre_level_booster,pre_level_booster_2,501,2,0.4,3,450,450,0,0.9,225.0
2026-08-10,Variant,currency,HardCoin,coins,purchase_lives,map_lives,purchase_lives,501,7,1.4,9,450,275,175,0.9,64.29
2026-08-10,Variant,currency,HardCoin,coins,extra_moves,level_movesplus40,40,501,3,0.6,3,300,300,0,0.6,100.0
2026-08-10,Variant,currency,HardCoin,coins,team_created,unknown,unknown,501,2,0.4,2,300,300,0,0.6,150.0
2026-08-10,Variant,life,life,items,in_game_use,saga,in_level,501,418,83.43,6237,6237,,,12.45,14.92
2026-08-10,Variant,powerup,powerup_1,items,in_game_use,saga,in_level,501,400,79.84,2393,2393,,,4.78,5.98
2026-08-10,Variant,powerup,powerup_2,items,in_game_use,saga,in_level,501,448,89.42,2982,2982,,,5.95,6.66
2026-08-10,Variant,powerup,powerup_3,items,in_game_use,saga,in_level,501,441,88.02,3713,3713,,,7.41,8.42
2026-08-10,Variant,pre_level_booster,pre_level_booster_1,items,in_game_use,saga,in_level,501,400,79.84,2023,2023,,,4.04,5.06
2026-08-10,Variant,pre_level_booster,pre_level_booster_2,items,in_game_use,saga,in_level,501,374,74.65,2152,2152,,,4.3,5.75
2026-08-10,Variant,pre_level_booster,pre_level_booster_3,items,in_game_use,saga,in_level,501,358,71.46,1640,1640,,,3.27,4.58
2026-08-10,Variant,ul_pre_booster,UnlimitedBooster1,items,in_game_use,saga,in_level,501,421,84.03,7422,7422,,,14.81,17.63
2026-08-10,Variant,ul_pre_booster,UnlimitedBooster2,items,in_game_use,saga,in_level,501,257,51.3,3763,3763,,,7.51,14.64
2026-08-10,Variant,ul_pre_booster,UnlimitedBooster3,items,in_game_use,saga,in_level,501,75,14.97,1041,1041,,,2.08,13.88
