event_date,segment,ab_group,players,spt_gainers,pct_spt_gainers,total_spt_gain,avg_spt_gain_total,avg_spt_gain_per_gainer,avg_spt_gain_uncorrected,avg_spt_excess_removed
2026-08-02,A. 0,Control,5266,617,11.72,29425.0,5.59,47.69,5.59,0.0
2026-08-02,A. 0,Variant,5384,903,16.77,51175.0,9.51,56.67,9.51,0.0
2026-08-02,B. 1-9,Control,7596,972,12.8,42825.0,5.64,44.06,5.64,0.0
2026-08-02,B. 1-9,Variant,7387,1045,14.15,48820.0,6.61,46.72,6.61,0.0
2026-08-02,C. 10-19,Control,5534,1408,25.44,72620.0,13.12,51.58,13.12,0.0
2026-08-02,C. 10-19,Variant,5541,1846,33.32,100965.0,18.22,54.69,18.23,0.01
2026-08-02,D. 20-39,Control,4544,1715,37.74,95390.0,20.99,55.62,20.99,0.0
2026-08-02,D. 20-39,Variant,4663,2372,50.87,139435.0,29.9,58.78,29.9,0.0
2026-08-02,E. 40-99,Control,3033,1521,50.15,89395.0,29.47,58.77,29.47,0.0
2026-08-02,E. 40-99,Variant,2790,1964,70.39,119050.0,42.67,60.62,42.67,0.0
2026-08-02,F. 100+,Control,448,277,61.83,17355.0,38.74,62.65,38.74,0.0
2026-08-02,F. 100+,Variant,442,377,85.29,24075.0,54.47,63.86,54.47,0.0
2026-08-03,A. 0,Control,4074,193,4.74,8980.0,2.2,46.53,2.2,0.0
2026-08-03,A. 0,Variant,3994,294,7.36,16478.734794271557,4.13,56.05,4.15,0.03
2026-08-03,B. 1-9,Control,7328,739,10.08,30413.266666666666,4.15,41.15,4.15,0.0
2026-08-03,B. 1-9,Variant,7260,2504,34.49,104168.56545597412,14.35,41.6,15.08,0.73
2026-08-03,C. 10-19,Control,5776,1056,18.28,44190.0,7.65,41.85,7.65,0.0
2026-08-03,C. 10-19,Variant,5893,3694,62.68,267285.32808453444,45.36,72.36,48.28,2.93
2026-08-03,D. 20-39,Control,4815,1415,29.39,63830.0,13.26,45.11,13.26,0.0
2026-08-03,D. 20-39,Variant,4900,3815,77.86,450276.97018429183,91.89,118.03,97.75,5.86
2026-08-03,E. 40-99,Control,3169,1316,41.53,66850.0,21.09,50.8,21.09,0.0
2026-08-03,E. 40-99,Variant,3032,2794,92.15,545978.9941687866,180.07,195.41,192.0,11.92
2026-08-03,F. 100+,Control,435,237,54.48,12000.0,27.59,50.63,27.59,0.0
2026-08-03,F. 100+,Variant,417,406,97.36,143454.16945431914,344.01,353.34,372.69,28.67
2026-08-04,A. 0,Control,4495,319,7.1,18435.0,4.1,57.79,4.1,0.0
2026-08-04,A. 0,Variant,4433,407,9.18,73145.76537797821,16.5,179.72,18.12,1.61
2026-08-04,B. 1-9,Control,7437,554,7.45,25578.066666666666,3.44,46.17,3.44,0.0
2026-08-04,B. 1-9,Variant,7344,2068,28.16,80987.27049176843,11.03,39.16,11.97,0.94
2026-08-04,C. 10-19,Control,5808,1112,19.15,59175.0,10.19,53.21,10.19,0.0
2026-08-04,C. 10-19,Variant,5839,2771,47.46,178294.68831038653,30.54,64.34,33.6,3.07
2026-08-04,D. 20-39,Control,4883,1535,31.44,91195.0,18.68,59.41,18.68,0.0
2026-08-04,D. 20-39,Variant,4917,2899,58.96,270949.7823284234,55.1,93.46,60.41,5.3
2026-08-04,E. 40-99,Control,3031,1531,50.51,104940.0,34.62,68.54,34.62,0.0
2026-08-04,E. 40-99,Variant,2920,2054,70.34,275838.77861612494,94.47,134.29,101.89,7.43
2026-08-04,F. 100+,Control,403,304,75.43,22355.0,55.47,73.54,55.47,0.0
2026-08-04,F. 100+,Variant,394,331,84.01,97946.89551177243,248.6,295.91,277.59,28.99
2026-08-05,A. 0,Control,4810,353,7.34,15605.0,3.24,44.21,3.24,0.0
2026-08-05,A. 0,Variant,4733,519,10.97,104005.70338443202,21.97,200.4,24.36,2.39
2026-08-05,B. 1-9,Control,7431,453,6.1,20535.0,2.76,45.33,2.76,0.0
2026-08-05,B. 1-9,Variant,7277,1781,24.47,75948.59758044235,10.44,42.64,11.58,1.14
2026-08-05,C. 10-19,Control,5653,902,15.96,41421.333333333336,7.33,45.92,7.33,0.0
2026-08-05,C. 10-19,Variant,5753,2243,38.99,156903.50968384944,27.27,69.95,30.28,3.0
2026-08-05,D. 20-39,Control,4705,1332,28.31,66555.0,14.15,49.97,14.15,0.0
2026-08-05,D. 20-39,Variant,4710,2275,48.3,216942.24119836904,46.06,95.36,51.26,5.2
2026-08-05,E. 40-99,Control,3010,1180,39.2,63800.0,21.2,54.07,21.2,0.0
2026-08-05,E. 40-99,Variant,2903,1760,60.63,277733.46677083155,95.67,157.8,106.04,10.37
2026-08-05,F. 100+,Control,408,234,57.35,12585.0,30.85,53.78,30.85,0.0
2026-08-05,F. 100+,Variant,421,351,83.37,118918.7579708312,282.47,338.8,330.08,47.62
2026-08-06,A. 0,Control,5113,679,13.28,37325.0,7.3,54.97,7.3,0.0
2026-08-06,A. 0,Variant,5032,597,11.86,116899.25890299458,23.23,195.81,26.4,3.16
2026-08-06,B. 1-9,Control,7361,567,7.7,25630.0,3.48,45.2,3.48,0.0
2026-08-06,B. 1-9,Variant,7378,2103,28.5,94524.24385578555,12.81,44.95,14.01,1.2
2026-08-06,C. 10-19,Control,5621,1275,22.68,66404.0,11.81,52.08,11.82,0.0
2026-08-06,C. 10-19,Variant,5682,2334,41.08,167683.0376473512,29.51,71.84,32.75,3.24
2026-08-06,D. 20-39,Control,4668,1715,36.74,98560.0,21.11,57.47,21.11,0.0
2026-08-06,D. 20-39,Variant,4775,2314,48.46,232335.1642202938,48.66,100.4,54.25,5.59
2026-08-06,E. 40-99,Control,3018,1799,59.61,112465.0,37.26,62.52,37.26,0.0
2026-08-06,E. 40-99,Variant,2911,1802,61.9,337452.8268124622,115.92,187.27,128.64,12.72
2026-08-06,F. 100+,Control,431,328,76.1,22520.0,52.25,68.66,52.25,0.0
2026-08-06,F. 100+,Variant,423,314,74.23,96237.41376679813,227.51,306.49,254.29,26.78
2026-08-07,A. 0,Control,4859,1319,27.15,66690.0,13.73,50.56,13.73,0.0
2026-08-07,A. 0,Variant,5025,1265,25.17,83491.92710109154,16.62,66.0,16.75,0.14
2026-08-07,B. 1-9,Control,7515,2117,28.17,93920.0,12.5,44.36,12.5,0.0
2026-08-07,B. 1-9,Variant,7399,2020,27.3,94627.8792631379,12.79,46.85,12.9,0.11
2026-08-07,C. 10-19,Control,5686,2647,46.55,133110.0,23.41,50.29,23.41,0.0
2026-08-07,C. 10-19,Variant,5738,2588,45.1,155069.30207526422,27.02,59.92,27.31,0.28
2026-08-07,D. 20-39,Control,4874,2930,60.11,158928.3333333333,32.61,54.24,32.61,0.0
2026-08-07,D. 20-39,Variant,4827,2948,61.07,206878.2762308553,42.86,70.18,43.16,0.3
2026-08-07,E. 40-99,Control,3124,2443,78.2,141535.0,45.31,57.93,45.31,0.0
2026-08-07,E. 40-99,Variant,2950,2307,78.2,183598.19037366833,62.24,79.58,63.07,0.83
2026-08-07,F. 100+,Control,432,375,86.81,24175.0,55.96,64.47,55.96,0.0
2026-08-07,F. 100+,Variant,439,395,89.98,35578.85532355919,81.05,90.07,82.95,1.9
2026-08-08,A. 0,Control,5161,1002,19.41,54035.0,10.47,53.93,10.47,0.0
2026-08-08,A. 0,Variant,5140,1014,19.73,54924.66666666667,10.69,54.17,10.69,0.0
2026-08-08,B. 1-9,Control,7572,1247,16.47,58430.0,7.72,46.86,7.72,0.0
2026-08-08,B. 1-9,Variant,7420,1294,17.44,61742.69841269842,8.32,47.71,8.35,0.03
2026-08-08,C. 10-19,Control,5815,1837,31.59,100505.0,17.28,54.71,17.28,0.0
2026-08-08,C. 10-19,Variant,5766,2026,35.14,114715.49494949495,19.9,56.62,19.92,0.03
2026-08-08,D. 20-39,Control,4933,2126,43.1,132415.0,26.84,62.28,26.84,0.0
2026-08-08,D. 20-39,Variant,4960,2531,51.03,152411.9142883868,30.73,60.22,30.78,0.06
2026-08-08,E. 40-99,Control,3274,2067,63.13,134195.0,40.99,64.92,40.99,0.0
2026-08-08,E. 40-99,Variant,3161,2231,70.58,137165.0,43.39,61.48,43.39,0.0
2026-08-08,F. 100+,Control,497,374,75.25,27055.0,54.44,72.34,54.44,0.0
2026-08-08,F. 100+,Variant,494,409,82.79,27390.0,55.45,66.97,55.45,0.0
2026-08-09,A. 0,Control,5112,616,12.05,30730.0,6.01,49.89,6.01,0.0
2026-08-09,A. 0,Variant,5301,927,17.49,51562.5,9.73,55.62,9.73,0.0
2026-08-09,B. 1-9,Control,7527,909,12.08,40890.0,5.43,44.98,5.43,0.0
2026-08-09,B. 1-9,Variant,7378,990,13.42,46828.90056022409,6.35,47.3,6.36,0.01
2026-08-09,C. 10-19,Control,5851,1513,25.86,75105.0,12.84,49.64,12.84,0.0
2026-08-09,C. 10-19,Variant,5866,1936,33.0,109301.05095202639,18.63,56.46,18.68,0.05
2026-08-09,D. 20-39,Control,4954,1747,35.26,94085.0,18.99,53.86,18.99,0.0
2026-08-09,D. 20-39,Variant,5111,2505,49.01,146334.15413533835,28.63,58.42,28.66,0.03
2026-08-09,E. 40-99,Control,3337,1540,46.15,87700.0,26.28,56.95,26.28,0.0
2026-08-09,E. 40-99,Variant,3109,2162,69.54,131617.9207920792,42.33,60.88,42.38,0.05
2026-08-09,F. 100+,Control,513,292,56.92,14105.0,27.5,48.3,27.5,0.0
2026-08-09,F. 100+,Variant,523,439,83.94,30035.0,57.43,68.42,57.43,0.0
2026-08-10,A. 0,Control,4087,178,4.36,7445.0,1.82,41.83,1.82,0.0
2026-08-10,A. 0,Variant,4066,297,7.3,17945.0,4.41,60.42,4.45,0.04
2026-08-10,B. 1-9,Control,7404,709,9.58,28800.0,3.89,40.62,3.89,0.0
2026-08-10,B. 1-9,Variant,7304,2583,35.36,106232.85714285714,14.54,41.13,15.32,0.78
2026-08-10,C. 10-19,Control,6245,1066,17.07,42590.0,6.82,39.95,6.82,0.0
2026-08-10,C. 10-19,Variant,6225,3834,61.59,284743.17765567766,45.74,74.27,49.04,3.29
2026-08-10,D. 20-39,Control,5236,1302,24.87,58125.0,11.1,44.64,11.1,0.0
2026-08-10,D. 20-39,Variant,5353,4115,76.87,453996.1859939759,84.81,110.33,92.4,7.59
2026-08-10,E. 40-99,Control,3434,1198,34.89,51740.0,15.07,43.19,15.07,0.0
2026-08-10,E. 40-99,Variant,3390,3068,90.5,580033.8835099257,171.1,189.06,185.85,14.75
2026-08-10,F. 100+,Control,529,278,52.55,11870.0,22.44,42.7,22.44,0.0
2026-08-10,F. 100+,Variant,501,490,97.8,164550.0,328.44,335.82,355.85,27.41
